{
"type": "FeatureCollection",
"name": "progetti",
"crs": { "type": "name", "properties": { "name": "urn:ogc:def:crs:OGC:1.3:CRS84" } },
"features": [
{"type":"Feature","properties":{"ID*":"375","AREA INTERVENTO":"Campo de' Fiori, Piazza di San Pantaleo","MUNICIPIO":"Municipio 01","QUARTIERE":"Rione Parione ","TIPOLOGIA INTERVENTO":"Nuovi spazi pubblici adiacenti a presidi sociali e culturali: interventi di arredo e trasformazione degli spazi esterni adiacenti a edifici di interesse pubblico e culturale.","COLORE":"#D3D0A5","TITOLO":"Liberare il campo / Iniziativa Buoni Vicini / Il Grande Attraversamento","LINK PROGETTO":"https://www.comune.roma.it/web-resources/cms/documents/00375_Unione_3_proposte.pdf","PROPONENTE":"Arch. Cameron McNall ","RETE PROPONENTI":"","N_ RACCOLTA FIRME":"","COFINANZIAMENTI":"","SUPPORTI POSSIBILI":"","SUPPORTI SENZA LETTERA":"","Supporto 1":"","Supporto 2":"","Supporto 3":"","Supporto 4":"","Supporto 5":"","Supporto 6":"","Supporto 7":"","Supporto 8":"","Supporto 9":"","Supporto 10":"","Supporto 11":"","Supporto 12":"","Supporto 13":"","Supporto 14":"","Supporto 15":"","Supporto 16":"","Supporto 17":"","Supporto 18":"","Supporto 19":"","Supporto 20":"","Supporto 21":"","Supporto 22":"","Supporto 23":"","Supporto 24":"","Supporto 25":"","Supporto 26":"","Supporto 27":"","Supporto 28":"","Supporto 29":"","Supporto 30":"","Supporto 31":"","Supporto 32":"","Supporto 33":"","Supporto 34":"","Supporto 35":"","":"","vuln_val":0.285,"vuln_cl":8,"hm30_val":0.8896796703338623,"hm30_cl":11},"geometry":{"type":"Point","coordinates":[12.473005,41.897083]}},
{"type":"Feature","properties":{"ID*":"328","AREA INTERVENTO":"Via Madonna Dell'orto 2; Via Di Sant'alessio 34; Piazza Taviani Arquati","MUNICIPIO":"Municipio 01","QUARTIERE":"Rione Trastevere - Rione Ripa (Aventino)","TIPOLOGIA INTERVENTO":"Nuove piazze e strade scolastiche: pedonalizzazione o nell’ampliamento degli spazi pedonali dell'area antistante l'edificio scolastico, con interdizione del transito e della sosta veicolare e la messa in sicurezza dei percorsi che consentono l’accesso alla scuola stessa.","COLORE":"#AFD3A5","TITOLO":"Fuori scuola","LINK PROGETTO":"https://www.comune.roma.it/web-resources/cms/documents/00328_01DE040_00fuoriscuolaicreginamargheritaschedadescrittivaprogetto.pdf","PROPONENTE":"IC Regina Margherita","RETE PROPONENTI":"Dipace Filomena Daniela, Mancini Claudio (rappresentante legale Salvaciclisti Roma), Russo Cinzia, Berardo Susan","N_ RACCOLTA FIRME":"","COFINANZIAMENTI":"","SUPPORTI POSSIBILI":"","SUPPORTI SENZA LETTERA":"","Supporto 1":"Streets For Kids","Supporto 2":"Associazione Genitori Scuola di Donato","Supporto 3":"Centro studi sul moderno Antonella Bonavita","Supporto 4":"FIAB Roma Ruotalibera APS","Supporto 5":"Associazione Genitori “Scuola Regina”","Supporto 6":"ReBike ALTERmobility – A.P.S","Supporto 7":"Salvaiciclisti Roma ","Supporto 8":"Municipio 01","Supporto 9":"","Supporto 10":"","Supporto 11":"","Supporto 12":"","Supporto 13":"","Supporto 14":"","Supporto 15":"","Supporto 16":"","Supporto 17":"","Supporto 18":"","Supporto 19":"","Supporto 20":"","Supporto 21":"","Supporto 22":"","Supporto 23":"","Supporto 24":"","Supporto 25":"","Supporto 26":"","Supporto 27":"","Supporto 28":"","Supporto 29":"","Supporto 30":"","Supporto 31":"","Supporto 32":"","Supporto 33":"","Supporto 34":"","Supporto 35":"","":"","vuln_val":0.153,"vuln_cl":2,"hm30_val":0.25922226905822754,"hm30_cl":4},"geometry":{"type":"Point","coordinates":[12.479391,41.88326]}},
{"type":"Feature","properties":{"ID*":"328","AREA INTERVENTO":"Via Madonna Dell'orto 2; Via Di Sant'alessio 34; Piazza Taviani Arquati","MUNICIPIO":"Municipio 01","QUARTIERE":"Rione Trastevere - Rione Ripa (Aventino)","TIPOLOGIA INTERVENTO":"Nuove piazze e strade scolastiche: pedonalizzazione o nell’ampliamento degli spazi pedonali dell'area antistante l'edificio scolastico, con interdizione del transito e della sosta veicolare e la messa in sicurezza dei percorsi che consentono l’accesso alla scuola stessa.","COLORE":"#AFD3A5","TITOLO":"Fuori scuola","LINK PROGETTO":"https://www.comune.roma.it/web-resources/cms/documents/00328_01DE040_00fuoriscuolaicreginamargheritaschedadescrittivaprogetto.pdf","PROPONENTE":"IC Regina Margherita","RETE PROPONENTI":"Dipace Filomena Daniela, Mancini Claudio (rappresentante legale Salvaciclisti Roma), Russo Cinzia, Berardo Susan","N_ RACCOLTA FIRME":"","COFINANZIAMENTI":"","SUPPORTI POSSIBILI":"","SUPPORTI SENZA LETTERA":"","Supporto 1":"Streets For Kids","Supporto 2":"Associazione Genitori Scuola di Donato","Supporto 3":"Centro studi sul moderno Antonella Bonavita","Supporto 4":"FIAB Roma Ruotalibera APS","Supporto 5":"Associazione Genitori “Scuola Regina”","Supporto 6":"ReBike ALTERmobility – A.P.S","Supporto 7":"Salvaiciclisti Roma ","Supporto 8":"Municipio 01","Supporto 9":"","Supporto 10":"","Supporto 11":"","Supporto 12":"","Supporto 13":"","Supporto 14":"","Supporto 15":"","Supporto 16":"","Supporto 17":"","Supporto 18":"","Supporto 19":"","Supporto 20":"","Supporto 21":"","Supporto 22":"","Supporto 23":"","Supporto 24":"","Supporto 25":"","Supporto 26":"","Supporto 27":"","Supporto 28":"","Supporto 29":"","Supporto 30":"","Supporto 31":"","Supporto 32":"","Supporto 33":"","Supporto 34":"","Supporto 35":"","":"","vuln_val":0.212,"vuln_cl":4,"hm30_val":0.76626384258270264,"hm30_cl":11},"geometry":{"type":"Point","coordinates":[12.473045,41.889694]}},
{"type":"Feature","properties":{"ID*":"410 (QI/2026/0098493)","AREA INTERVENTO":"Lungotevere Testaccio","MUNICIPIO":"Municipio 01","QUARTIERE":"Testaccio","TIPOLOGIA INTERVENTO":"Attivazione di spazi pubblici sottoutilizzati: rigenerazione e rifunzionalizzazione di spazi pedonali privi di funzione o sottoutilizzati.","COLORE":"#EFA3DF","TITOLO":"Tevere tattico: spazio pubblico a fumetti","LINK PROGETTO":"https://www.comune.roma.it/web-resources/cms/documents/QI20260098493T2_TEVERE_TATTICO_1.pdf","PROPONENTE":"APS Villaggio Globale Spazio Boario","RETE PROPONENTI":"","N_ RACCOLTA FIRME":"","COFINANZIAMENTI":"","SUPPORTI POSSIBILI":"APS TestaccioinTesta; Istituto Comprensivo Elsa Morante; Dipartimento di Architettura Roma Tre; Accademia di Belle Arti di Roma; collettivi studenteschi universitari Acca + Archa + Mirari; Oratorio Salesiano di Testaccio; Agenda Tevere; Falegnameria Sociale Kalma; APS La Cave; Consulta del rione Testaccio; Municipio Roma I Centro.","SUPPORTI SENZA LETTERA":"","Supporto 1":"","Supporto 2":"","Supporto 3":"","Supporto 4":"","Supporto 5":"","Supporto 6":"","Supporto 7":"","Supporto 8":"","Supporto 9":"","Supporto 10":"","Supporto 11":"","Supporto 12":"","Supporto 13":"","Supporto 14":"","Supporto 15":"","Supporto 16":"","Supporto 17":"","Supporto 18":"","Supporto 19":"","Supporto 20":"","Supporto 21":"","Supporto 22":"","Supporto 23":"","Supporto 24":"","Supporto 25":"","Supporto 26":"","Supporto 27":"","Supporto 28":"","Supporto 29":"","Supporto 30":"","Supporto 31":"","Supporto 32":"","Supporto 33":"","Supporto 34":"","Supporto 35":"","":"","vuln_val":0.125,"vuln_cl":1,"hm30_val":0.3083953857421875,"hm30_cl":5},"geometry":{"type":"Point","coordinates":[12.471431,41.87505]}},
{"type":"Feature","properties":{"ID*":"408 (QI/2026/102765)","AREA INTERVENTO":"Viale delle Milizie 28-30","MUNICIPIO":"Municipio 01","QUARTIERE":"Mazzini","TIPOLOGIA INTERVENTO":"Nuove piazze e strade scolastiche: pedonalizzazione o nell’ampliamento degli spazi pedonali dell'area antistante l'edificio scolastico, con interdizione del transito e della sosta veicolare e la messa in sicurezza dei percorsi che consentono l’accesso alla scuola stessa.","COLORE":"#AFD3A5","TITOLO":"Un controviale in fiore","LINK PROGETTO":"https://www.comune.roma.it/web-resources/cms/documents/QI20260102765BANDO_LICEO_MAMIANI.pdf","PROPONENTE":"Rappresentanza studentesca del Liceo Terenzio Mamiani, Liceo Statale Terenzo Mamiani ","RETE PROPONENTI":"","N_ RACCOLTA FIRME":"","COFINANZIAMENTI":"","SUPPORTI POSSIBILI":"","SUPPORTI SENZA LETTERA":"","Supporto 1":"","Supporto 2":"","Supporto 3":"","Supporto 4":"","Supporto 5":"","Supporto 6":"","Supporto 7":"","Supporto 8":"","Supporto 9":"","Supporto 10":"","Supporto 11":"","Supporto 12":"","Supporto 13":"","Supporto 14":"","Supporto 15":"","Supporto 16":"","Supporto 17":"","Supporto 18":"","Supporto 19":"","Supporto 20":"","Supporto 21":"","Supporto 22":"","Supporto 23":"","Supporto 24":"","Supporto 25":"","Supporto 26":"","Supporto 27":"","Supporto 28":"","Supporto 29":"","Supporto 30":"","Supporto 31":"","Supporto 32":"","Supporto 33":"","Supporto 34":"","Supporto 35":"","":"","vuln_val":0.227,"vuln_cl":5,"hm30_val":0.18601161241531372,"hm30_cl":3},"geometry":{"type":"Point","coordinates":[12.463797,41.912734]}},
{"type":"Feature","properties":{"ID*":"403","AREA INTERVENTO":"Via Celimontana - via Ostilia ","MUNICIPIO":"Municipio 01","QUARTIERE":"Rione Celio","TIPOLOGIA INTERVENTO":"Estensione e messa in sicurezza degli spazi pedonali: allargamento di marciapiedi (\"orecchie\" agli incroci), messa in sicurezza di attraversamenti scolastici.","COLORE":"#BAD8D4","TITOLO":"Percorsi sicuri","LINK PROGETTO":"https://www.comune.roma.it/web-resources/cms/documents/00403_01DE040_00spaziacoloricelio1.pdf","PROPONENTE":"Silvia Franca Cipriano","RETE PROPONENTI":"","N_ RACCOLTA FIRME":"","COFINANZIAMENTI":"","SUPPORTI POSSIBILI":"​\"rete articolata di attori locali, pubblici e civici. ​(...). Il progetto di messa in sicurezza degli incroci è stato anche avanzato dalle realtà associative del rione​. (...) Un ruolo centrale è svolto dalla rete di prossimità composta da residenti, comitati di rione e attività commerciali affacciate sull’area di intervento\"","SUPPORTI SENZA LETTERA":"","Supporto 1":"","Supporto 2":"","Supporto 3":"","Supporto 4":"","Supporto 5":"","Supporto 6":"","Supporto 7":"","Supporto 8":"","Supporto 9":"","Supporto 10":"","Supporto 11":"","Supporto 12":"","Supporto 13":"","Supporto 14":"","Supporto 15":"","Supporto 16":"","Supporto 17":"","Supporto 18":"","Supporto 19":"","Supporto 20":"","Supporto 21":"","Supporto 22":"","Supporto 23":"","Supporto 24":"","Supporto 25":"","Supporto 26":"","Supporto 27":"","Supporto 28":"","Supporto 29":"","Supporto 30":"","Supporto 31":"","Supporto 32":"","Supporto 33":"","Supporto 34":"","Supporto 35":"","":"","vuln_val":0.201,"vuln_cl":4,"hm30_val":0.72341430187225342,"hm30_cl":10},"geometry":{"type":"Point","coordinates":[12.495074,41.888674]}},
{"type":"Feature","properties":{"ID*":"398","AREA INTERVENTO":"Via Pellegrino Rossi, un lato di via dello Statuto, l’intero asse di via di San Vito, via di Sant’Antonio all’Esquilino e la piazzetta antistante la Chiesa dei Santi Vito e Modesto (Quadrante compreso tra )","MUNICIPIO":"Municipio 01","QUARTIERE":"Rione Esquilino","TIPOLOGIA INTERVENTO":"Nuove piazze di quartiere: pedonalizzazione di aree destinate alla sosta/spostamento di veicoli, tramite interventi leggeri e reversibili.","COLORE":"#7BCBFD","TITOLO":"Esquilino: frame tra arte e storia - Connessioni pedonali tra cultura, patrimonio e città","LINK PROGETTO":"https://www.comune.roma.it/web-resources/cms/documents/00398_01DE040_00esquilinoframetraarteestoriabando.pdf","PROPONENTE":"Domenico de Donno ","RETE PROPONENTI":"","N_ RACCOLTA FIRME":"","COFINANZIAMENTI":"","SUPPORTI POSSIBILI":"","SUPPORTI SENZA LETTERA":"\"Attività commerciali e artigianali locali, Parrocchia di San Vito\" ","Supporto 1":"Municipio 01 ","Supporto 2":"Accademia Costume & Moda","Supporto 3":"Esquilino Comunità, La Porta di Roma","Supporto 4":"","Supporto 5":"","Supporto 6":"","Supporto 7":"","Supporto 8":"","Supporto 9":"","Supporto 10":"","Supporto 11":"","Supporto 12":"","Supporto 13":"","Supporto 14":"","Supporto 15":"","Supporto 16":"","Supporto 17":"","Supporto 18":"","Supporto 19":"","Supporto 20":"","Supporto 21":"","Supporto 22":"","Supporto 23":"","Supporto 24":"","Supporto 25":"","Supporto 26":"","Supporto 27":"","Supporto 28":"","Supporto 29":"","Supporto 30":"","Supporto 31":"","Supporto 32":"","Supporto 33":"","Supporto 34":"","Supporto 35":"","":"","vuln_val":0.246,"vuln_cl":6,"hm30_val":0.86438548564910889,"hm30_cl":11},"geometry":{"type":"Point","coordinates":[12.501575,41.895626]}},
{"type":"Feature","properties":{"ID*":"390","AREA INTERVENTO":"Via Giordano Bruno e Via Andrea Doria 18 (tratto compreso tra, intero marciapiede","MUNICIPIO":"Municipio 01","QUARTIERE":"Eroi Trionfale","TIPOLOGIA INTERVENTO":"Nuovi spazi pubblici adiacenti a presidi sociali e culturali: interventi di arredo e trasformazione degli spazi esterni adiacenti a edifici di interesse pubblico e culturale.","COLORE":"#D3D0A5","TITOLO":"La Piazzetta di Adelaide","LINK PROGETTO":"https://www.comune.roma.it/web-resources/cms/documents/00390_01DE040_00elaboratodefinitivo.pdf","PROPONENTE":"Associazione Genitori Plesso Cairoli - IC V L Rizzo","RETE PROPONENTI":"Restaino Paola, De Vecchis Paola ","N_ RACCOLTA FIRME":"","COFINANZIAMENTI":"","SUPPORTI POSSIBILI":"","SUPPORTI SENZA LETTERA":"Trionfalmente 17","Supporto 1":"Municipio 01","Supporto 2":"Streets For Kids","Supporto 3":"Scuola dell’Infanzia Adelaide Cairoli (nel supporto cita \"Cairoli a Colori\")","Supporto 4":"Mercatando APS","Supporto 5":"","Supporto 6":"","Supporto 7":"","Supporto 8":"","Supporto 9":"","Supporto 10":"","Supporto 11":"","Supporto 12":"","Supporto 13":"","Supporto 14":"","Supporto 15":"","Supporto 16":"","Supporto 17":"","Supporto 18":"","Supporto 19":"","Supporto 20":"","Supporto 21":"","Supporto 22":"","Supporto 23":"","Supporto 24":"","Supporto 25":"","Supporto 26":"","Supporto 27":"","Supporto 28":"","Supporto 29":"","Supporto 30":"","Supporto 31":"","Supporto 32":"","Supporto 33":"","Supporto 34":"","Supporto 35":"","":"","vuln_val":null,"vuln_cl":null,"hm30_val":0.16934573650360107,"hm30_cl":2},"geometry":{"type":"Point","coordinates":[12.453146,41.910052]}},
{"type":"Feature","properties":{"ID*":"377","AREA INTERVENTO":"Piazza Albania","MUNICIPIO":"Municipio 01","QUARTIERE":"Rione Ripa (Aventino)","TIPOLOGIA INTERVENTO":"Nuove piazze di quartiere: pedonalizzazione di aree destinate alla sosta/spostamento di veicoli, tramite interventi leggeri e reversibili.","COLORE":"#7BCBFD","TITOLO":"Nuova piazza di quartiere piazza Llbania ","LINK PROGETTO":"https://www.comune.roma.it/web-resources/cms/documents/00377_01DE040_00spaziacolorischededescrittiveada20.05.2026.pdf","PROPONENTE":"Associazione amici dell'Aventino ","RETE PROPONENTI":"Olivieri Pieralessandro, Colarossi Paolo, Macelloni Massimiliano, Piermattei Maria Laura, Tersigni Stefano","N_ RACCOLTA FIRME":"","COFINANZIAMENTI":"","SUPPORTI POSSIBILI":"","SUPPORTI SENZA LETTERA":"Residenti, desi dipolomatiche, comunità religiose, università","Supporto 1":"","Supporto 2":"","Supporto 3":"","Supporto 4":"","Supporto 5":"","Supporto 6":"","Supporto 7":"","Supporto 8":"","Supporto 9":"","Supporto 10":"","Supporto 11":"","Supporto 12":"","Supporto 13":"","Supporto 14":"","Supporto 15":"","Supporto 16":"","Supporto 17":"","Supporto 18":"","Supporto 19":"","Supporto 20":"","Supporto 21":"","Supporto 22":"","Supporto 23":"","Supporto 24":"","Supporto 25":"","Supporto 26":"","Supporto 27":"","Supporto 28":"","Supporto 29":"","Supporto 30":"","Supporto 31":"","Supporto 32":"","Supporto 33":"","Supporto 34":"","Supporto 35":"","":"","vuln_val":0.168,"vuln_cl":2,"hm30_val":0.67300862073898315,"hm30_cl":10},"geometry":{"type":"Point","coordinates":[12.482939,41.880099]}},
{"type":"Feature","properties":{"ID*":"375","AREA INTERVENTO":"Campo de' Fiori, Piazza di San Pantaleo","MUNICIPIO":"Municipio 01","QUARTIERE":"Rione Parione ","TIPOLOGIA INTERVENTO":"Nuovi spazi pubblici adiacenti a presidi sociali e culturali: interventi di arredo e trasformazione degli spazi esterni adiacenti a edifici di interesse pubblico e culturale.","COLORE":"#D3D0A5","TITOLO":"Liberare il campo / Iniziativa Buoni Vicini / Il Grande Attraversamento","LINK PROGETTO":"https://www.comune.roma.it/web-resources/cms/documents/00375_Unione_3_proposte.pdf","PROPONENTE":"Arch. Cameron McNall ","RETE PROPONENTI":"","N_ RACCOLTA FIRME":"","COFINANZIAMENTI":"","SUPPORTI POSSIBILI":"","SUPPORTI SENZA LETTERA":"","Supporto 1":"","Supporto 2":"","Supporto 3":"","Supporto 4":"","Supporto 5":"","Supporto 6":"","Supporto 7":"","Supporto 8":"","Supporto 9":"","Supporto 10":"","Supporto 11":"","Supporto 12":"","Supporto 13":"","Supporto 14":"","Supporto 15":"","Supporto 16":"","Supporto 17":"","Supporto 18":"","Supporto 19":"","Supporto 20":"","Supporto 21":"","Supporto 22":"","Supporto 23":"","Supporto 24":"","Supporto 25":"","Supporto 26":"","Supporto 27":"","Supporto 28":"","Supporto 29":"","Supporto 30":"","Supporto 31":"","Supporto 32":"","Supporto 33":"","Supporto 34":"","Supporto 35":"","":"","vuln_val":null,"vuln_cl":null,"hm30_val":0.83653563261032104,"hm30_cl":11},"geometry":{"type":"Point","coordinates":[12.4722,41.8956]}},
{"type":"Feature","properties":{"ID*":"373","AREA INTERVENTO":"Largo Gaetana Agnesi","MUNICIPIO":"Municipio 01","QUARTIERE":"Rione Monti ","TIPOLOGIA INTERVENTO":"Nuove piazze e strade scolastiche: pedonalizzazione o nell’ampliamento degli spazi pedonali dell'area antistante l'edificio scolastico, con interdizione del transito e della sosta veicolare e la messa in sicurezza dei percorsi che consentono l’accesso alla scuola stessa.","COLORE":"#AFD3A5","TITOLO":"Coloriamo il futuro dei bambini ","LINK PROGETTO":"https://www.comune.roma.it/web-resources/cms/documents/00373_01DE040_00spaziacoloripropostalargogaetanoagnesi.pdf","PROPONENTE":"Matteo Poce (genitore)","RETE PROPONENTI":"","N_ RACCOLTA FIRME":"","COFINANZIAMENTI":"","SUPPORTI POSSIBILI":"","SUPPORTI SENZA LETTERA":"Scuola dell’Infanzia Vittorino da Feltre, rappresentanti dei genitori, residenti e famiglie del Rione Monti ed Esquilino, realtà associative e comitati di quartiere","Supporto 1":"Istituto comprensivo via delle Carine - Plesso G. Mazzini  ","Supporto 2":"","Supporto 3":"","Supporto 4":"","Supporto 5":"","Supporto 6":"","Supporto 7":"","Supporto 8":"","Supporto 9":"","Supporto 10":"","Supporto 11":"","Supporto 12":"","Supporto 13":"","Supporto 14":"","Supporto 15":"","Supporto 16":"","Supporto 17":"","Supporto 18":"","Supporto 19":"","Supporto 20":"","Supporto 21":"","Supporto 22":"","Supporto 23":"","Supporto 24":"","Supporto 25":"","Supporto 26":"","Supporto 27":"","Supporto 28":"","Supporto 29":"","Supporto 30":"","Supporto 31":"","Supporto 32":"","Supporto 33":"","Supporto 34":"","Supporto 35":"","":"","vuln_val":0.264,"vuln_cl":7,"hm30_val":0.78280192613601685,"hm30_cl":11},"geometry":{"type":"Point","coordinates":[12.491561,41.891825]}},
{"type":"Feature","properties":{"ID*":"370","AREA INTERVENTO":"Via dell'Olmata (strada scolastica)","MUNICIPIO":"Municipio 01","QUARTIERE":"Rione Monti ","TIPOLOGIA INTERVENTO":"Nuove piazze e strade scolastiche: pedonalizzazione o nell’ampliamento degli spazi pedonali dell'area antistante l'edificio scolastico, con interdizione del transito e della sosta veicolare e la messa in sicurezza dei percorsi che consentono l’accesso alla scuola stessa.","COLORE":"#AFD3A5","TITOLO":"La Scuola Felice ","LINK PROGETTO":"https://www.comune.roma.it/web-resources/cms/documents/SPAZI_A_COLORI_proposta_LA_SCUOLA_FELICE.pdf","PROPONENTE":"Associazione Genitori Scuola di Donato","RETE PROPONENTI":"Margherita Gentile, Costa Valentina, Belingardi Chiara","N_ RACCOLTA FIRME":"","COFINANZIAMENTI":"","SUPPORTI POSSIBILI":"","SUPPORTI SENZA LETTERA":"","Supporto 1":"Municipio 01","Supporto 2":"CSV Lazio - Centro di Servizio per il Volontariato ETS","Supporto 3":"Comitato residenti via principe Amedeo ","Supporto 4":"Scomodo ETS ","Supporto 5":"Spin Time Lab ","Supporto 6":"Comitato piazza Vittorio partecipata ","Supporto 7":"Salvaiciclisti Roma ","Supporto 8":"NODO - Network of Observation, Design & Outreach","Supporto 9":"Libera. Associazioni, nomi e numeri contro le mafie APS","Supporto 10":"Associazione Whow! Energie partecipative","Supporto 11":"Polèis Polo Civico dell’Esquilino – ETS","Supporto 12":"Retake Roma","Supporto 13":"Streets For Kids","Supporto 14":"","Supporto 15":"","Supporto 16":"","Supporto 17":"","Supporto 18":"","Supporto 19":"","Supporto 20":"","Supporto 21":"","Supporto 22":"","Supporto 23":"","Supporto 24":"","Supporto 25":"","Supporto 26":"","Supporto 27":"","Supporto 28":"","Supporto 29":"","Supporto 30":"","Supporto 31":"","Supporto 32":"","Supporto 33":"","Supporto 34":"","Supporto 35":"","":"","vuln_val":0.303,"vuln_cl":9,"hm30_val":0.87835955619812012,"hm30_cl":11},"geometry":{"type":"Point","coordinates":[12.498168,41.896745]}},
{"type":"Feature","properties":{"ID*":"369","AREA INTERVENTO":"Via di Santa Croce in Gerusalemme,  Via Conte Verde","MUNICIPIO":"Municipio 01","QUARTIERE":"Rione Esquilino","TIPOLOGIA INTERVENTO":"Connessioni e percorsi di mobilità attiva: connessioni leggere per creare o ampliare itinerari continui, sicuri e accessibili per pedoni e ciclisti, agevolando i percorsi casa-scuola, l'accesso alle fermatedel trasporto pubblico locale o la connessione tra aree verdi o parchi.","COLORE":"#B3B7DF","TITOLO":"La via felice ","LINK PROGETTO":"https://www.comune.roma.it/web-resources/cms/documents/00369_01DE040_00spaziacoloripropostalaviafelice.pdf","PROPONENTE":"Associazione Genitori Scuola di Donato","RETE PROPONENTI":"Margherita Gentile, Costa Valentina, Belingardi Chiara","N_ RACCOLTA FIRME":"","COFINANZIAMENTI":"","SUPPORTI POSSIBILI":"","SUPPORTI SENZA LETTERA":"Respiro Verde Lagalberi  (in fase di conferma), Tessiture di Pace, Retake  (in fase di conferma), Liceo Scientifico Newton, Istituto Comprensivo Daniele Manin ","Supporto 1":"Municipio 01","Supporto 2":"CSV Lazio - Centro di Servizio per il Volontariato ETS","Supporto 3":"Itis Galileo Galilei ","Supporto 4":"Comitato residenti via principe Amedeo ","Supporto 5":"Spin Time Lab ","Supporto 6":"Scomodo ETS ","Supporto 7":"Salvaiciclisti Roma ","Supporto 8":"Movimento diritti dei pedoni Aps ","Supporto 9":"NODO - Network of Observation, Design & Outreach","Supporto 10":"Fondazione Charlemagne (eventuale cofinanziamento)","Supporto 11":"Libera. Associazioni, nomi e numeri contro le mafie APS","Supporto 12":"Comitato Piazza Vittorio Partecipata","Supporto 13":"Associazione Whow! Energie partecipative","Supporto 14":"Polèis Polo Civico dell’Esquilino – ETS","Supporto 15":"Streets For Kids","Supporto 16":"","Supporto 17":"","Supporto 18":"","Supporto 19":"","Supporto 20":"","Supporto 21":"","Supporto 22":"","Supporto 23":"","Supporto 24":"","Supporto 25":"","Supporto 26":"","Supporto 27":"","Supporto 28":"","Supporto 29":"","Supporto 30":"","Supporto 31":"","Supporto 32":"","Supporto 33":"","Supporto 34":"","Supporto 35":"","":"","vuln_val":0.264,"vuln_cl":7,"hm30_val":0.87099897861480713,"hm30_cl":11},"geometry":{"type":"Point","coordinates":[12.50752,41.892806]}},
{"type":"Feature","properties":{"ID*":"364","AREA INTERVENTO":"Via Silvio Pellico","MUNICIPIO":"Municipio 01","QUARTIERE":"Mazzini","TIPOLOGIA INTERVENTO":"Nuove piazze di quartiere: pedonalizzazione di aree destinate alla sosta/spostamento di veicoli, tramite interventi leggeri e reversibili.","COLORE":"#7BCBFD","TITOLO":"Pedonalizzazione di via Silvio Pellico ","LINK PROGETTO":"https://www.comune.roma.it/web-resources/cms/documents/00364_01DE040_00spaziacolorischededescrittiveproposta.pdf","PROPONENTE":"Officine MP Lab Aps ","RETE PROPONENTI":"Racchetti Edoardo","N_ RACCOLTA FIRME":"","COFINANZIAMENTI":"","SUPPORTI POSSIBILI":"Collettivi studenteschi, le associazioni di ex studenti e genitori, il micro nido, esercizi\ncommerciali come il Four Green Fields pub, commercianti\ndel Mercato Trionfale, cittadini","SUPPORTI SENZA LETTERA":"","Supporto 1":"","Supporto 2":"","Supporto 3":"","Supporto 4":"","Supporto 5":"","Supporto 6":"","Supporto 7":"","Supporto 8":"","Supporto 9":"","Supporto 10":"","Supporto 11":"","Supporto 12":"","Supporto 13":"","Supporto 14":"","Supporto 15":"","Supporto 16":"","Supporto 17":"","Supporto 18":"","Supporto 19":"","Supporto 20":"","Supporto 21":"","Supporto 22":"","Supporto 23":"","Supporto 24":"","Supporto 25":"","Supporto 26":"","Supporto 27":"","Supporto 28":"","Supporto 29":"","Supporto 30":"","Supporto 31":"","Supporto 32":"","Supporto 33":"","Supporto 34":"","Supporto 35":"","":"","vuln_val":0.286,"vuln_cl":8,"hm30_val":0.64032924175262451,"hm30_cl":9},"geometry":{"type":"Point","coordinates":[12.459048,41.913379]}},
{"type":"Feature","properties":{"ID*":"342","AREA INTERVENTO":"via Principe Amedeo tra via Mamiani, via Ricasoli e via Lamarmora ","MUNICIPIO":"Municipio 01","QUARTIERE":"Rione Esquilino","TIPOLOGIA INTERVENTO":"Nuovi spazi pubblici adiacenti a presidi sociali e culturali: interventi di arredo e trasformazione degli spazi esterni adiacenti a edifici di interesse pubblico e culturale.","COLORE":"#D3D0A5","TITOLO":"Amedeo a Colori","LINK PROGETTO":"https://www.comune.roma.it/web-resources/cms/documents/00342_01DE040_00spaziacolorischededescrittiveamedeoacolori.pdf","PROPONENTE":"Comitato Residenti Via P. Amedeo (parte del patto di collaborazione «Amedeo en vert» prot. n. QL/115222 del 23/12/2025 già stipulato con il Roma Capitale)","RETE PROPONENTI":"Melchionda Raffaello, Nesti Chiara, Vallocchia Alessandro, Bartoccetti Mariagrazia","N_ RACCOLTA FIRME":"","COFINANZIAMENTI":"","SUPPORTI POSSIBILI":"","SUPPORTI SENZA LETTERA":"","Supporto 1":"Associazione Genitori  di Donato","Supporto 2":"Assessorato all'Agricoltura, Ambiente e Ciclo dei Rifiuti di Roma Capitale","Supporto 3":"Raja Chicken Hut & Bar","Supporto 4":"Municipio 01","Supporto 5":"Università degli Studi Roma Tre, Dipartimento di Scienze della Formazione","Supporto 6":"Parrocchia di S Eusebio","Supporto 7":"CAF Patronato Ruposhi Bangla","Supporto 8":"Oriental Minimarket","Supporto 9":"Minimarket Islam HM Monirul","Supporto 10":"Micky Bar","Supporto 11":"","Supporto 12":"","Supporto 13":"","Supporto 14":"","Supporto 15":"","Supporto 16":"","Supporto 17":"","Supporto 18":"","Supporto 19":"","Supporto 20":"","Supporto 21":"","Supporto 22":"","Supporto 23":"","Supporto 24":"","Supporto 25":"","Supporto 26":"","Supporto 27":"","Supporto 28":"","Supporto 29":"","Supporto 30":"","Supporto 31":"","Supporto 32":"","Supporto 33":"","Supporto 34":"","Supporto 35":"","":"","vuln_val":null,"vuln_cl":null,"hm30_val":0.88421750068664551,"hm30_cl":11},"geometry":{"type":"Point","coordinates":[12.504949,41.896065]}},
{"type":"Feature","properties":{"ID*":"328","AREA INTERVENTO":"Via Madonna Dell'orto 2; Via Di Sant'alessio 34; Piazza Taviani Arquati","MUNICIPIO":"Municipio 01","QUARTIERE":"Rione Trastevere - Rione Ripa (Aventino)","TIPOLOGIA INTERVENTO":"Nuove piazze e strade scolastiche: pedonalizzazione o nell’ampliamento degli spazi pedonali dell'area antistante l'edificio scolastico, con interdizione del transito e della sosta veicolare e la messa in sicurezza dei percorsi che consentono l’accesso alla scuola stessa.","COLORE":"#AFD3A5","TITOLO":"Fuori scuola","LINK PROGETTO":"https://www.comune.roma.it/web-resources/cms/documents/00328_01DE040_00fuoriscuolaicreginamargheritaschedadescrittivaprogetto.pdf","PROPONENTE":"IC Regina Margherita","RETE PROPONENTI":"Dipace Filomena Daniela, Mancini Claudio (rappresentante legale Salvaciclisti Roma), Russo Cinzia, Berardo Susan","N_ RACCOLTA FIRME":"","COFINANZIAMENTI":"","SUPPORTI POSSIBILI":"","SUPPORTI SENZA LETTERA":"","Supporto 1":"Streets For Kids","Supporto 2":"Associazione Genitori Scuola di Donato","Supporto 3":"Centro studi sul moderno Antonella Bonavita","Supporto 4":"FIAB Roma Ruotalibera APS","Supporto 5":"Associazione Genitori “Scuola Regina”","Supporto 6":"ReBike ALTERmobility – A.P.S","Supporto 7":"Salvaiciclisti Roma ","Supporto 8":"Municipio 01","Supporto 9":"","Supporto 10":"","Supporto 11":"","Supporto 12":"","Supporto 13":"","Supporto 14":"","Supporto 15":"","Supporto 16":"","Supporto 17":"","Supporto 18":"","Supporto 19":"","Supporto 20":"","Supporto 21":"","Supporto 22":"","Supporto 23":"","Supporto 24":"","Supporto 25":"","Supporto 26":"","Supporto 27":"","Supporto 28":"","Supporto 29":"","Supporto 30":"","Supporto 31":"","Supporto 32":"","Supporto 33":"","Supporto 34":"","Supporto 35":"","":"","vuln_val":null,"vuln_cl":null,"hm30_val":0.74219876527786255,"hm30_cl":10},"geometry":{"type":"Point","coordinates":[12.475507,41.886391]}},
{"type":"Feature","properties":{"ID*":"327","AREA INTERVENTO":"P.zza San Martino ai Monti","MUNICIPIO":"Municipio 01","QUARTIERE":"Rione Monti ","TIPOLOGIA INTERVENTO":"Riutilizzo di aree di sosta come “parklet”: trasformazione di stalli sosta in linea in microspazi pubblici con sedute e verde.","COLORE":"#E3A895","TITOLO":"Suburanus vivens","LINK PROGETTO":"https://www.comune.roma.it/web-resources/cms/documents/00327_01DE040_00spaziacolorisuburanusvivensmancinicompressed.pdf","PROPONENTE":"Claudio Mancini (rappresentante legale Salvaciclisti Roma, qui propone come singolo cittadino)","RETE PROPONENTI":"","N_ RACCOLTA FIRME":"","COFINANZIAMENTI":"","SUPPORTI POSSIBILI":"residenti, commercianti e realtà locali","SUPPORTI SENZA LETTERA":"","Supporto 1":"Municipio 01","Supporto 2":"Salvaiciclisti Roma","Supporto 3":"FIAB Roma Ruotalibera APS","Supporto 4":"Associazione Genitori Scuola di Donato","Supporto 5":"Associazione Poleis Polo Civico dell'Esquilino","Supporto 6":"","Supporto 7":"","Supporto 8":"","Supporto 9":"","Supporto 10":"","Supporto 11":"","Supporto 12":"","Supporto 13":"","Supporto 14":"","Supporto 15":"","Supporto 16":"","Supporto 17":"","Supporto 18":"","Supporto 19":"","Supporto 20":"","Supporto 21":"","Supporto 22":"","Supporto 23":"","Supporto 24":"","Supporto 25":"","Supporto 26":"","Supporto 27":"","Supporto 28":"","Supporto 29":"","Supporto 30":"","Supporto 31":"","Supporto 32":"","Supporto 33":"","Supporto 34":"","Supporto 35":"","":"","vuln_val":0.384,"vuln_cl":11,"hm30_val":0.83561813831329346,"hm30_cl":11},"geometry":{"type":"Point","coordinates":[12.497618,41.894959]}},
{"type":"Feature","properties":{"ID*":"311","AREA INTERVENTO":"Via Galilei 53-57","MUNICIPIO":"Municipio 01","QUARTIERE":"Rione Esquilino","TIPOLOGIA INTERVENTO":"Nuovi spazi pubblici adiacenti a presidi sociali e culturali: interventi di arredo e trasformazione degli spazi esterni adiacenti a edifici di interesse pubblico e culturale.","COLORE":"#D3D0A5","TITOLO":"Riqualificazione leggera spazio antistante il Polo Civico Esquilino","LINK PROGETTO":"https://www.comune.roma.it/web-resources/cms/documents/00311_01DE040_00spaziacoloriviagalileischededescrittiveproposta.pdf","PROPONENTE":"Polo Civico Esquilino Poleis ETS","RETE PROPONENTI":"Bonomi Barabara, Troisi Riccardo, Braga Maria Enrica, Mazzanti Lucia, Pennacchia Linda, Di Paolo Martina, Oliva Simone, Valenza Francesca, Topputo Maria, Nocilli Matteo, Pollo Antonio","N_ RACCOLTA FIRME":"","COFINANZIAMENTI":"","SUPPORTI POSSIBILI":"","SUPPORTI SENZA LETTERA":"","Supporto 1":"Municipio 01","Supporto 2":"","Supporto 3":"","Supporto 4":"","Supporto 5":"","Supporto 6":"","Supporto 7":"","Supporto 8":"","Supporto 9":"","Supporto 10":"","Supporto 11":"","Supporto 12":"","Supporto 13":"","Supporto 14":"","Supporto 15":"","Supporto 16":"","Supporto 17":"","Supporto 18":"","Supporto 19":"","Supporto 20":"","Supporto 21":"","Supporto 22":"","Supporto 23":"","Supporto 24":"","Supporto 25":"","Supporto 26":"","Supporto 27":"","Supporto 28":"","Supporto 29":"","Supporto 30":"","Supporto 31":"","Supporto 32":"","Supporto 33":"","Supporto 34":"","Supporto 35":"","":"","vuln_val":0.188,"vuln_cl":3,"hm30_val":0.85394960641860962,"hm30_cl":11},"geometry":{"type":"Point","coordinates":[12.505761,41.891056]}},
{"type":"Feature","properties":{"ID*":"308","AREA INTERVENTO":"Piazzale degli Eroi","MUNICIPIO":"Municipio 01","QUARTIERE":"Eroi Trionfale","TIPOLOGIA INTERVENTO":"Nuove piazze e strade scolastiche: pedonalizzazione o nell’ampliamento degli spazi pedonali dell'area antistante l'edificio scolastico, con interdizione del transito e della sosta veicolare e la messa in sicurezza dei percorsi che consentono l’accesso alla scuola stessa.","COLORE":"#AFD3A5","TITOLO":"In piazzetta","LINK PROGETTO":"https://www.comune.roma.it/web-resources/cms/documents/00308_01DE040_00spaziacolorischededescrittivepropostainpiazzetta.pdf","PROPONENTE":"Gruppo informale di cittadini (in caso di esito positivo si costituirà formalmente in associazione)","RETE PROPONENTI":"Labor Alice, Della Camera Emanuele, Benati Giulia, Romiti Luca, Di Fonzo Gianrico, Laratta Caterina, Filippi Lorenzo David, Pescini Valeria, Lobianco Francesca, Casale Veronica, Casale Valentina","N_ RACCOLTA FIRME":"","COFINANZIAMENTI":"","SUPPORTI POSSIBILI":"Associazione Orti Urbani Monte Ciocci, Biblioteca Giordano Bruno, libreria Il Libraccio","SUPPORTI SENZA LETTERA":"","Supporto 1":"Istituto Comprensivo \"Via Luigi Rizzo\"","Supporto 2":"Gruppo Roma 121\nAssociazione Guide E Scouts Cattolici Italiani","Supporto 3":"Bar \"Fischio\"","Supporto 4":"PassepARTout Scuola di Pittura, Disegno, Scultura","Supporto 5":"","Supporto 6":"","Supporto 7":"","Supporto 8":"","Supporto 9":"","Supporto 10":"","Supporto 11":"","Supporto 12":"","Supporto 13":"","Supporto 14":"","Supporto 15":"","Supporto 16":"","Supporto 17":"","Supporto 18":"","Supporto 19":"","Supporto 20":"","Supporto 21":"","Supporto 22":"","Supporto 23":"","Supporto 24":"","Supporto 25":"","Supporto 26":"","Supporto 27":"","Supporto 28":"","Supporto 29":"","Supporto 30":"","Supporto 31":"","Supporto 32":"","Supporto 33":"","Supporto 34":"","Supporto 35":"","":"","vuln_val":0.207,"vuln_cl":4,"hm30_val":0.61344331502914429,"hm30_cl":9},"geometry":{"type":"Point","coordinates":[12.448266,41.909135]}},
{"type":"Feature","properties":{"ID*":"305","AREA INTERVENTO":"Via Domenico Fontana","MUNICIPIO":"Municipio 01","QUARTIERE":"Rione Esquilino","TIPOLOGIA INTERVENTO":"Nuovi spazi pubblici adiacenti a presidi sociali e culturali: interventi di arredo e trasformazione degli spazi esterni adiacenti a edifici di interesse pubblico e culturale.","COLORE":"#D3D0A5","TITOLO":"Passeggiata dell'Acquedotto","LINK PROGETTO":"https://www.comune.roma.it/web-resources/cms/documents/00305_01DE040_00spaziacoloriviadomenicofontanapasseggiatadellacquedotto.pdf","PROPONENTE":"Beatrice Vellei","RETE PROPONENTI":"Montesarchio Alessandro, Cupido Daniele, Schiano Lomoriello Teres, Schiavoni Serenella, Schiavoni Sonia","N_ RACCOLTA FIRME":"","COFINANZIAMENTI":"","SUPPORTI POSSIBILI":"","SUPPORTI SENZA LETTERA":"","Supporto 1":"Cittadini e residenti del quartiere Esquilino (lettera senza firma)","Supporto 2":"","Supporto 3":"","Supporto 4":"","Supporto 5":"","Supporto 6":"","Supporto 7":"","Supporto 8":"","Supporto 9":"","Supporto 10":"","Supporto 11":"","Supporto 12":"","Supporto 13":"","Supporto 14":"","Supporto 15":"","Supporto 16":"","Supporto 17":"","Supporto 18":"","Supporto 19":"","Supporto 20":"","Supporto 21":"","Supporto 22":"","Supporto 23":"","Supporto 24":"","Supporto 25":"","Supporto 26":"","Supporto 27":"","Supporto 28":"","Supporto 29":"","Supporto 30":"","Supporto 31":"","Supporto 32":"","Supporto 33":"","Supporto 34":"","Supporto 35":"","":"","vuln_val":0.25,"vuln_cl":6,"hm30_val":0.83750396966934204,"hm30_cl":11},"geometry":{"type":"Point","coordinates":[12.506763,41.887681]}},
{"type":"Feature","properties":{"ID*":"297","AREA INTERVENTO":"Salita di San Gregorio al Celio;\nVia di San Gregorio;  Via di Valle delle Camene; Percorsi pedonali interni al Parco di San Gregorio al Celio","MUNICIPIO":"Municipio 01","QUARTIERE":"Rione Celio","TIPOLOGIA INTERVENTO":"Nuove piazze e strade scolastiche: pedonalizzazione o nell’ampliamento degli spazi pedonali dell'area antistante l'edificio scolastico, con interdizione del transito e della sosta veicolare e la messa in sicurezza dei percorsi che consentono l’accesso alla scuola stessa.","COLORE":"#AFD3A5","TITOLO":"Ma il Celio è sempre più","LINK PROGETTO":"https://www.comune.roma.it/web-resources/cms/documents/00297_01DE040_0015.05.26proposta.pdf","PROPONENTE":"Gruppo Informale Genitori del Celio","RETE PROPONENTI":"Tommasoli Lavinia, Traversa Pietro, Vacirca Maia, D'Amicis Matteo, Mejia Diaz Hansel Guadalupe, Pantanella Tommaso, Calzini Raffaele Pulika, Alessandri Giovanna, Quadrato Giulia, Barsotti Lavinia, Ruggeri Caterina","N_ RACCOLTA FIRME":"","COFINANZIAMENTI":"","SUPPORTI POSSIBILI":"","SUPPORTI SENZA LETTERA":"","Supporto 1":"Accademia Internazionale di Teatro ETS","Supporto 2":"Casa Accoglienza - Casa d'Amore","Supporto 3":"gruppo Boa Mistura","Supporto 4":"","Supporto 5":"","Supporto 6":"","Supporto 7":"","Supporto 8":"","Supporto 9":"","Supporto 10":"","Supporto 11":"","Supporto 12":"","Supporto 13":"","Supporto 14":"","Supporto 15":"","Supporto 16":"","Supporto 17":"","Supporto 18":"","Supporto 19":"","Supporto 20":"","Supporto 21":"","Supporto 22":"","Supporto 23":"","Supporto 24":"","Supporto 25":"","Supporto 26":"","Supporto 27":"","Supporto 28":"","Supporto 29":"","Supporto 30":"","Supporto 31":"","Supporto 32":"","Supporto 33":"","Supporto 34":"","Supporto 35":"","":"","vuln_val":0.18,"vuln_cl":3,"hm30_val":0.42199712991714478,"hm30_cl":7},"geometry":{"type":"Point","coordinates":[12.491264,41.885172]}},
{"type":"Feature","properties":{"ID*":"295","AREA INTERVENTO":"Piazzale Numa Pompilio, via di Porta San Sebastiano 2 (primo tratto fino all'arco di ingresso al parco di san Sebastiano e strada interna al parco adiacente all'ingresso della scuola elementare Giardinieri)","MUNICIPIO":"Municipio 01","QUARTIERE":"Rione Celio - Rione San Saba","TIPOLOGIA INTERVENTO":"Connessioni e percorsi di mobilità attiva: connessioni leggere per creare o ampliare itinerari continui, sicuri e accessibili per pedoni e ciclisti, agevolando i percorsi casa-scuola, l'accesso alle fermatedel trasporto pubblico locale o la connessione tra aree verdi o parchi.","COLORE":"#B3B7DF","TITOLO":"Flow","LINK PROGETTO":"https://www.comune.roma.it/web-resources/cms/documents/00295_01DE040_00spaziacoloriaggiardinieriflow.pdf.pdf","PROPONENTE":"Associazione Genitori Giardinieri","RETE PROPONENTI":"Calamandrei Moira","N_ RACCOLTA FIRME":"","COFINANZIAMENTI":"","SUPPORTI POSSIBILI":"","SUPPORTI SENZA LETTERA":"","Supporto 1":"Municipio 01","Supporto 2":"IC Elsa Morante","Supporto 3":"Associazione AllargoPannonia (ALP) APS","Supporto 4":"Comitato Mura Latine APS","Supporto 5":"Streets For Kids","Supporto 6":"Salvaiciclisti Roma ","Supporto 7":"Movimento Diritti dei Pedoni APS","Supporto 8":"","Supporto 9":"","Supporto 10":"","Supporto 11":"","Supporto 12":"","Supporto 13":"","Supporto 14":"","Supporto 15":"","Supporto 16":"","Supporto 17":"","Supporto 18":"","Supporto 19":"","Supporto 20":"","Supporto 21":"","Supporto 22":"","Supporto 23":"","Supporto 24":"","Supporto 25":"","Supporto 26":"","Supporto 27":"","Supporto 28":"","Supporto 29":"","Supporto 30":"","Supporto 31":"","Supporto 32":"","Supporto 33":"","Supporto 34":"","Supporto 35":"","":"","vuln_val":0.12,"vuln_cl":1,"hm30_val":0.22281694412231445,"hm30_cl":3},"geometry":{"type":"Point","coordinates":[12.496208,41.87944]}},
{"type":"Feature","properties":{"ID*":"292","AREA INTERVENTO":"via Eleniana (porzione della corsia che si dirama da Porta Maggiore)","MUNICIPIO":"Municipio 01","QUARTIERE":"Rione Esquilino","TIPOLOGIA INTERVENTO":"Attivazione di spazi pubblici sottoutilizzati: rigenerazione e rifunzionalizzazione di spazi pedonali privi di funzione o sottoutilizzati.","COLORE":"#EFA3DF","TITOLO":"Porta Maggiore - spazio gioco lineare","LINK PROGETTO":"https://www.comune.roma.it/web-resources/cms/documents/00292_01DE040_00spaziacoloriportamaggiorespaziogiocolineare1.pdf","PROPONENTE":"Maria Paola Canino","RETE PROPONENTI":"","N_ RACCOLTA FIRME":"","COFINANZIAMENTI":"","SUPPORTI POSSIBILI":"","SUPPORTI SENZA LETTERA":"residenti, gruppo dei volontari del parco di via Statilia, utenti della mobilità ciclabile, fruitori del nodo di Porta Maggiore","Supporto 1":"","Supporto 2":"","Supporto 3":"","Supporto 4":"","Supporto 5":"","Supporto 6":"","Supporto 7":"","Supporto 8":"","Supporto 9":"","Supporto 10":"","Supporto 11":"","Supporto 12":"","Supporto 13":"","Supporto 14":"","Supporto 15":"","Supporto 16":"","Supporto 17":"","Supporto 18":"","Supporto 19":"","Supporto 20":"","Supporto 21":"","Supporto 22":"","Supporto 23":"","Supporto 24":"","Supporto 25":"","Supporto 26":"","Supporto 27":"","Supporto 28":"","Supporto 29":"","Supporto 30":"","Supporto 31":"","Supporto 32":"","Supporto 33":"","Supporto 34":"","Supporto 35":"","":"","vuln_val":0.24,"vuln_cl":6,"hm30_val":0.87437045574188232,"hm30_cl":11},"geometry":{"type":"Point","coordinates":[12.514179,41.89085]}},
{"type":"Feature","properties":{"ID*":"289","AREA INTERVENTO":"Via Guicciardini ","MUNICIPIO":"Municipio 01","QUARTIERE":"Rione Monti ","TIPOLOGIA INTERVENTO":"Nuove piazze e strade scolastiche: pedonalizzazione o nell’ampliamento degli spazi pedonali dell'area antistante l'edificio scolastico, con interdizione del transito e della sosta veicolare e la messa in sicurezza dei percorsi che consentono l’accesso alla scuola stessa.","COLORE":"#AFD3A5","TITOLO":"Mosaico 4.0","LINK PROGETTO":"https://www.comune.roma.it/web-resources/cms/documents/00289_01DE040_00spaziacoloripropostamosaico4.0hicguicciardiniroma.pdf","PROPONENTE":"IC Guicciardini 8","RETE PROPONENTI":"Di Matteo Sonia, Corrado Carla, Carminucci Carlo","N_ RACCOLTA FIRME":"","COFINANZIAMENTI":"","SUPPORTI POSSIBILI":"","SUPPORTI SENZA LETTERA":"","Supporto 1":"Esquilino Basketball ASD","Supporto 2":"Streets For Kids","Supporto 3":"Associazione Gli Aquiloni","Supporto 4":"Bike to school Roma","Supporto 5":"","Supporto 6":"","Supporto 7":"","Supporto 8":"","Supporto 9":"","Supporto 10":"","Supporto 11":"","Supporto 12":"","Supporto 13":"","Supporto 14":"","Supporto 15":"","Supporto 16":"","Supporto 17":"","Supporto 18":"","Supporto 19":"","Supporto 20":"","Supporto 21":"","Supporto 22":"","Supporto 23":"","Supporto 24":"","Supporto 25":"","Supporto 26":"","Supporto 27":"","Supporto 28":"","Supporto 29":"","Supporto 30":"","Supporto 31":"","Supporto 32":"","Supporto 33":"","Supporto 34":"","Supporto 35":"","":"","vuln_val":0.236,"vuln_cl":5,"hm30_val":0.81877344846725464,"hm30_cl":11},"geometry":{"type":"Point","coordinates":[12.501465,41.89082]}},
{"type":"Feature","properties":{"ID*":"280","AREA INTERVENTO":"Viale di Porta Ardeatina (tratto compreso tra Largo Chiarini e Piazzale Ardeatino)","MUNICIPIO":"Municipio 01","QUARTIERE":"Miani - Rione San Saba","TIPOLOGIA INTERVENTO":"Nuove piazze di quartiere: pedonalizzazione di aree destinate alla sosta/spostamento di veicoli, tramite interventi leggeri e reversibili.","COLORE":"#7BCBFD","TITOLO":"MU-RA Mov.Urb. Rete Attiva","LINK PROGETTO":"https://www.comune.roma.it/web-resources/cms/documents/00280_01DE040_00spaziacolorivialediportaardeatina.pdf","PROPONENTE":"Inquilini Ater San Saba/Miani","RETE PROPONENTI":"Micheli Monica, Tomassini Antonia","N_ RACCOLTA FIRME":"","COFINANZIAMENTI":"","SUPPORTI POSSIBILI":"Associazioni locali attive sulla memoria storica e sul territorio, scuole e istituti del quartiere, realtà culturali (Accademia di Belle Arti, Polo del Mattatoio), comitati di quartiere e reti civiche","SUPPORTI SENZA LETTERA":"Associazione Miani","Supporto 1":"Associazione Roma Ricerca Roma","Supporto 2":"Municipio 01","Supporto 3":"","Supporto 4":"","Supporto 5":"","Supporto 6":"","Supporto 7":"","Supporto 8":"","Supporto 9":"","Supporto 10":"","Supporto 11":"","Supporto 12":"","Supporto 13":"","Supporto 14":"","Supporto 15":"","Supporto 16":"","Supporto 17":"","Supporto 18":"","Supporto 19":"","Supporto 20":"","Supporto 21":"","Supporto 22":"","Supporto 23":"","Supporto 24":"","Supporto 25":"","Supporto 26":"","Supporto 27":"","Supporto 28":"","Supporto 29":"","Supporto 30":"","Supporto 31":"","Supporto 32":"","Supporto 33":"","Supporto 34":"","Supporto 35":"","":"","vuln_val":null,"vuln_cl":null,"hm30_val":0.17086136341094971,"hm30_cl":2},"geometry":{"type":"Point","coordinates":[12.486089,41.876327]}},
{"type":"Feature","properties":{"ID*":"272","AREA INTERVENTO":"Via XX Settembre","MUNICIPIO":"Municipio 01","QUARTIERE":"Rione Castro Pretorio - Rione Sallustiano","TIPOLOGIA INTERVENTO":"Nuove piazze di quartiere: pedonalizzazione di aree destinate alla sosta/spostamento di veicoli, tramite interventi leggeri e reversibili.","COLORE":"#7BCBFD","TITOLO":"Isola Verde XX Settembre","LINK PROGETTO":"https://www.comune.roma.it/web-resources/cms/documents/00272_01DE040_001.spaziacoloriisolaverdexxsettembre.pdf","PROPONENTE":"Cesare Di Falco","RETE PROPONENTI":"Comitato Residenti Sallustiano (in via di costituzione)","N_ RACCOLTA FIRME":"","COFINANZIAMENTI":"","SUPPORTI POSSIBILI":"Residenti, attività commerciali di prossimità (tra cui Farmacia Altesi, Gelateria La Romana e altri esercizi), uffici e strutture presenti nel quadrante, (Cassa Depositi e Prestiti, Ministero dell’Economia), istituzioni locali","SUPPORTI SENZA LETTERA":"","Supporto 1":"","Supporto 2":"","Supporto 3":"","Supporto 4":"","Supporto 5":"","Supporto 6":"","Supporto 7":"","Supporto 8":"","Supporto 9":"","Supporto 10":"","Supporto 11":"","Supporto 12":"","Supporto 13":"","Supporto 14":"","Supporto 15":"","Supporto 16":"","Supporto 17":"","Supporto 18":"","Supporto 19":"","Supporto 20":"","Supporto 21":"","Supporto 22":"","Supporto 23":"","Supporto 24":"","Supporto 25":"","Supporto 26":"","Supporto 27":"","Supporto 28":"","Supporto 29":"","Supporto 30":"","Supporto 31":"","Supporto 32":"","Supporto 33":"","Supporto 34":"","Supporto 35":"","":"","vuln_val":0.182,"vuln_cl":3,"hm30_val":0.89422404766082764,"hm30_cl":11},"geometry":{"type":"Point","coordinates":[12.496295,41.905829]}},
{"type":"Feature","properties":{"ID*":"270","AREA INTERVENTO":"Piazza Dante, via Foscolo, incrocio Machiavelli/Ferruccio, incrocio Machiavelli/Giusti","MUNICIPIO":"Municipio 01","QUARTIERE":"Rione Esquilino","TIPOLOGIA INTERVENTO":"Nuove piazze di quartiere: pedonalizzazione di aree destinate alla sosta/spostamento di veicoli, tramite interventi leggeri e reversibili.","COLORE":"#7BCBFD","TITOLO":"Superilla Dante","LINK PROGETTO":"https://www.comune.roma.it/web-resources/cms/documents/00270_01DE040_00spaziacolorisuperilladante1.pdf","PROPONENTE":"Caterina Zuccaro","RETE PROPONENTI":"","N_ RACCOLTA FIRME":"","COFINANZIAMENTI":"","SUPPORTI POSSIBILI":"Gruppo di volontari che ha adottato l’area verde dei Giardini di Piazza Dante, attività commerciali di somministrazione su via Machiavelli e Piazza Dante","SUPPORTI SENZA LETTERA":"","Supporto 1":"","Supporto 2":"","Supporto 3":"","Supporto 4":"","Supporto 5":"","Supporto 6":"","Supporto 7":"","Supporto 8":"","Supporto 9":"","Supporto 10":"","Supporto 11":"","Supporto 12":"","Supporto 13":"","Supporto 14":"","Supporto 15":"","Supporto 16":"","Supporto 17":"","Supporto 18":"","Supporto 19":"","Supporto 20":"","Supporto 21":"","Supporto 22":"","Supporto 23":"","Supporto 24":"","Supporto 25":"","Supporto 26":"","Supporto 27":"","Supporto 28":"","Supporto 29":"","Supporto 30":"","Supporto 31":"","Supporto 32":"","Supporto 33":"","Supporto 34":"","Supporto 35":"","":"","vuln_val":null,"vuln_cl":null,"hm30_val":0.83351808786392212,"hm30_cl":11},"geometry":{"type":"Point","coordinates":[12.504107,41.89235]}},
{"type":"Feature","properties":{"ID*":"268","AREA INTERVENTO":"Piazza Vittorio Emanuele II, Via Ricasoli","MUNICIPIO":"Municipio 01","QUARTIERE":"Rione Esquilino","TIPOLOGIA INTERVENTO":"Nuove piazze di quartiere: pedonalizzazione di aree destinate alla sosta/spostamento di veicoli, tramite interventi leggeri e reversibili.","COLORE":"#7BCBFD","TITOLO":"Piazza Vittorio Condivisa","LINK PROGETTO":"https://www.comune.roma.it/web-resources/cms/documents/00268_01DE040_00spaziacoloripiazzavittoriocondivisa.pdf","PROPONENTE":"Benedetta Rinaldi Ferri","RETE PROPONENTI":"","N_ RACCOLTA FIRME":"","COFINANZIAMENTI":"","SUPPORTI POSSIBILI":"scuole, realtà educative e associazioni culturali","SUPPORTI SENZA LETTERA":"Cittadini, associazioni, realtà locali e operatori economici","Supporto 1":"","Supporto 2":"","Supporto 3":"","Supporto 4":"","Supporto 5":"","Supporto 6":"","Supporto 7":"","Supporto 8":"","Supporto 9":"","Supporto 10":"","Supporto 11":"","Supporto 12":"","Supporto 13":"","Supporto 14":"","Supporto 15":"","Supporto 16":"","Supporto 17":"","Supporto 18":"","Supporto 19":"","Supporto 20":"","Supporto 21":"","Supporto 22":"","Supporto 23":"","Supporto 24":"","Supporto 25":"","Supporto 26":"","Supporto 27":"","Supporto 28":"","Supporto 29":"","Supporto 30":"","Supporto 31":"","Supporto 32":"","Supporto 33":"","Supporto 34":"","Supporto 35":"","":"","vuln_val":0.241,"vuln_cl":6,"hm30_val":0.86997497081756592,"hm30_cl":11},"geometry":{"type":"Point","coordinates":[12.505469,41.894858]}},
{"type":"Feature","properties":{"ID*":"260","AREA INTERVENTO":"Via Volturno e le relative intersezioni con via Gaeta, via Montebello e via Calatafimi","MUNICIPIO":"Municipio 01","QUARTIERE":"Rione Castro Pretorio","TIPOLOGIA INTERVENTO":"Nuovi spazi pubblici adiacenti a presidi sociali e culturali: interventi di arredo e trasformazione degli spazi esterni adiacenti a edifici di interesse pubblico e culturale.","COLORE":"#D3D0A5","TITOLO":"U.T. VOLTURNO","LINK PROGETTO":"https://www.comune.roma.it/web-resources/cms/documents/00260_01DE040_00propostaviavolturno.pdf","PROPONENTE":"Comitato per la pedonilazzione di via Volturno","RETE PROPONENTI":"Cordero Niccolò, Franchitti Laura, Gori Giulia, Genesia Mascaro, Narciso Maurizio, Marta Giovanni, Fasteni Gianluca, Morano Paola, Franchitti Denisa, Pernazza Domenico,  Serpili Anna, Comitato Piazza delle Finanze","N_ RACCOLTA FIRME":"","COFINANZIAMENTI":"","SUPPORTI POSSIBILI":"","SUPPORTI SENZA LETTERA":"","Supporto 1":"","Supporto 2":"","Supporto 3":"","Supporto 4":"","Supporto 5":"","Supporto 6":"","Supporto 7":"","Supporto 8":"","Supporto 9":"","Supporto 10":"","Supporto 11":"","Supporto 12":"","Supporto 13":"","Supporto 14":"","Supporto 15":"","Supporto 16":"","Supporto 17":"","Supporto 18":"","Supporto 19":"","Supporto 20":"","Supporto 21":"","Supporto 22":"","Supporto 23":"","Supporto 24":"","Supporto 25":"","Supporto 26":"","Supporto 27":"","Supporto 28":"","Supporto 29":"","Supporto 30":"","Supporto 31":"","Supporto 32":"","Supporto 33":"","Supporto 34":"","Supporto 35":"","":"","vuln_val":0.236,"vuln_cl":5,"hm30_val":0.70814085006713867,"hm30_cl":10},"geometry":{"type":"Point","coordinates":[12.498439,41.905257]}},
{"type":"Feature","properties":{"ID*":"245","AREA INTERVENTO":"via dell’Arco di Parma e via di Tor di Nona (spazio pubblico di forma triangolare tra)","MUNICIPIO":"Municipio 01","QUARTIERE":"Rione Ponte","TIPOLOGIA INTERVENTO":"Attivazione di spazi pubblici sottoutilizzati: rigenerazione e rifunzionalizzazione di spazi pedonali privi di funzione o sottoutilizzati.","COLORE":"#EFA3DF","TITOLO":"Arco Comune","LINK PROGETTO":"https://www.comune.roma.it/web-resources/cms/documents/00245_01DE040_00spaziacoloriarcocomuneschededescrittivedellaproposta.pdf","PROPONENTE":"Bluecheese Project APS","RETE PROPONENTI":"Fabrizio Pierpaolo","N_ RACCOLTA FIRME":"","COFINANZIAMENTI":"","SUPPORTI POSSIBILI":"Distretto dell’Artigianato Artistico di Tor di Nona ","SUPPORTI SENZA LETTERA":"","Supporto 1":"","Supporto 2":"","Supporto 3":"","Supporto 4":"","Supporto 5":"","Supporto 6":"","Supporto 7":"","Supporto 8":"","Supporto 9":"","Supporto 10":"","Supporto 11":"","Supporto 12":"","Supporto 13":"","Supporto 14":"","Supporto 15":"","Supporto 16":"","Supporto 17":"","Supporto 18":"","Supporto 19":"","Supporto 20":"","Supporto 21":"","Supporto 22":"","Supporto 23":"","Supporto 24":"","Supporto 25":"","Supporto 26":"","Supporto 27":"","Supporto 28":"","Supporto 29":"","Supporto 30":"","Supporto 31":"","Supporto 32":"","Supporto 33":"","Supporto 34":"","Supporto 35":"","":"","vuln_val":0.206,"vuln_cl":4,"hm30_val":0.70915240049362183,"hm30_cl":10},"geometry":{"type":"Point","coordinates":[12.470238,41.901622]}},
{"type":"Feature","properties":{"ID*":"224","AREA INTERVENTO":"Via Pellegrino Rossi e via San Vito ","MUNICIPIO":"Municipio 01","QUARTIERE":"Rione Esquilino","TIPOLOGIA INTERVENTO":"Nuove piazze di quartiere: pedonalizzazione di aree destinate alla sosta/spostamento di veicoli, tramite interventi leggeri e reversibili.","COLORE":"#7BCBFD","TITOLO":"Il Nodo dei Contrasti tra Storia e Contemporaneità","LINK PROGETTO":"https://www.comune.roma.it/web-resources/cms/documents/00224_01DE040_IlNodoDeiContrasti.pdf","PROPONENTE":"Domenico De Nonno","RETE PROPONENTI":"","N_ RACCOLTA FIRME":"","COFINANZIAMENTI":"","SUPPORTI POSSIBILI":"","SUPPORTI SENZA LETTERA":"","Supporto 1":"","Supporto 2":"","Supporto 3":"","Supporto 4":"","Supporto 5":"","Supporto 6":"","Supporto 7":"","Supporto 8":"","Supporto 9":"","Supporto 10":"","Supporto 11":"","Supporto 12":"","Supporto 13":"","Supporto 14":"","Supporto 15":"","Supporto 16":"","Supporto 17":"","Supporto 18":"","Supporto 19":"","Supporto 20":"","Supporto 21":"","Supporto 22":"","Supporto 23":"","Supporto 24":"","Supporto 25":"","Supporto 26":"","Supporto 27":"","Supporto 28":"","Supporto 29":"","Supporto 30":"","Supporto 31":"","Supporto 32":"","Supporto 33":"","Supporto 34":"","Supporto 35":"","":"","vuln_val":0.246,"vuln_cl":6,"hm30_val":0.85878539085388184,"hm30_cl":11},"geometry":{"type":"Point","coordinates":[12.501525,41.895424]}},
{"type":"Feature","properties":{"ID*":"223","AREA INTERVENTO":"Piazza delle Finanze ","MUNICIPIO":"Municipio 01","QUARTIERE":"Rione Castro Pretorio","TIPOLOGIA INTERVENTO":"Attivazione di spazi pubblici sottoutilizzati: rigenerazione e rifunzionalizzazione di spazi pedonali privi di funzione o sottoutilizzati.","COLORE":"#EFA3DF","TITOLO":"non c'è la cartella ZIP","LINK PROGETTO":"MATERIALE TOTALMENTE ASSENTE","PROPONENTE":"Ruggero Alessandra","RETE PROPONENTI":"","N_ RACCOLTA FIRME":"","COFINANZIAMENTI":"","SUPPORTI POSSIBILI":"","SUPPORTI SENZA LETTERA":"","Supporto 1":"","Supporto 2":"","Supporto 3":"","Supporto 4":"","Supporto 5":"","Supporto 6":"","Supporto 7":"","Supporto 8":"","Supporto 9":"","Supporto 10":"","Supporto 11":"","Supporto 12":"","Supporto 13":"","Supporto 14":"","Supporto 15":"","Supporto 16":"","Supporto 17":"","Supporto 18":"","Supporto 19":"","Supporto 20":"","Supporto 21":"","Supporto 22":"","Supporto 23":"","Supporto 24":"","Supporto 25":"","Supporto 26":"","Supporto 27":"","Supporto 28":"","Supporto 29":"","Supporto 30":"","Supporto 31":"","Supporto 32":"","Supporto 33":"","Supporto 34":"","Supporto 35":"","":"","vuln_val":0.268,"vuln_cl":7,"hm30_val":0.88743805885314941,"hm30_cl":11},"geometry":{"type":"Point","coordinates":[12.4955,41.9055]}},
{"type":"Feature","properties":{"ID*":"207","AREA INTERVENTO":"Via Pellegrino Rossi, Via di San Vito ","MUNICIPIO":"Municipio 01","QUARTIERE":"Rione Esquilino","TIPOLOGIA INTERVENTO":"Nuove piazze di quartiere: pedonalizzazione di aree destinate alla sosta/spostamento di veicoli, tramite interventi leggeri e reversibili.","COLORE":"#7BCBFD","TITOLO":"Trame di Storia e di Moda","LINK PROGETTO":"https://www.comune.roma.it/web-resources/cms/documents/00207_01DE040_00pedonalizzazioneperbando.pdf","PROPONENTE":"Domenico De Donno","RETE PROPONENTI":"","N_ RACCOLTA FIRME":"","COFINANZIAMENTI":"","SUPPORTI POSSIBILI":"Comitato dei residenti","SUPPORTI SENZA LETTERA":"","Supporto 1":"","Supporto 2":"","Supporto 3":"","Supporto 4":"","Supporto 5":"","Supporto 6":"","Supporto 7":"","Supporto 8":"","Supporto 9":"","Supporto 10":"","Supporto 11":"","Supporto 12":"","Supporto 13":"","Supporto 14":"","Supporto 15":"","Supporto 16":"","Supporto 17":"","Supporto 18":"","Supporto 19":"","Supporto 20":"","Supporto 21":"","Supporto 22":"","Supporto 23":"","Supporto 24":"","Supporto 25":"","Supporto 26":"","Supporto 27":"","Supporto 28":"","Supporto 29":"","Supporto 30":"","Supporto 31":"","Supporto 32":"","Supporto 33":"","Supporto 34":"","Supporto 35":"","":"","vuln_val":0.246,"vuln_cl":6,"hm30_val":0.85878539085388184,"hm30_cl":11},"geometry":{"type":"Point","coordinates":[12.501505,41.895239]}},
{"type":"Feature","properties":{"ID*":"186","AREA INTERVENTO":"Piazza Giuseppe Mazzini ","MUNICIPIO":"Municipio 01","QUARTIERE":"Mazzini","TIPOLOGIA INTERVENTO":"Nuove piazze di quartiere: pedonalizzazione di aree destinate alla sosta/spostamento di veicoli, tramite interventi leggeri e reversibili.","COLORE":"#7BCBFD","TITOLO":"Piazza Mazzini: proposta di urbanistica tattica","LINK PROGETTO":"https://www.comune.roma.it/web-resources/cms/documents/00207_01DE040_00pedonalizzazioneperbando.pdf","PROPONENTE":"Stefano Schiaffi","RETE PROPONENTI":"Gruppo informale di cittadini del quartiere","N_ RACCOLTA FIRME":"","COFINANZIAMENTI":"","SUPPORTI POSSIBILI":"associazioni, comitati di quartiere, attività commerciali e residenti","SUPPORTI SENZA LETTERA":"","Supporto 1":"","Supporto 2":"","Supporto 3":"","Supporto 4":"","Supporto 5":"","Supporto 6":"","Supporto 7":"","Supporto 8":"","Supporto 9":"","Supporto 10":"","Supporto 11":"","Supporto 12":"","Supporto 13":"","Supporto 14":"","Supporto 15":"","Supporto 16":"","Supporto 17":"","Supporto 18":"","Supporto 19":"","Supporto 20":"","Supporto 21":"","Supporto 22":"","Supporto 23":"","Supporto 24":"","Supporto 25":"","Supporto 26":"","Supporto 27":"","Supporto 28":"","Supporto 29":"","Supporto 30":"","Supporto 31":"","Supporto 32":"","Supporto 33":"","Supporto 34":"","Supporto 35":"","":"","vuln_val":0.092,"vuln_cl":1,"hm30_val":0.75426673889160156,"hm30_cl":11},"geometry":{"type":"Point","coordinates":[12.463565,41.915935]}},
{"type":"Feature","properties":{"ID*":"181","AREA INTERVENTO":"Via Campania (tratto compreso tra Porta Pinciana e Porta Salaria","MUNICIPIO":"Municipio 01","QUARTIERE":"Rione  Ludovisi","TIPOLOGIA INTERVENTO":"Nuove piazze di quartiere: pedonalizzazione di aree destinate alla sosta/spostamento di veicoli, tramite interventi leggeri e reversibili.","COLORE":"#7BCBFD","TITOLO":"Promenade delle mura","LINK PROGETTO":"https://www.comune.roma.it/web-resources/cms/documents/00181_01DE040_00spaziacoloripromenadedellemuradiviacampania.pdf","PROPONENTE":"Niccolo' Camponi","RETE PROPONENTI":"Comitato Rione Ludovisi","N_ RACCOLTA FIRME":"","COFINANZIAMENTI":"","SUPPORTI POSSIBILI":"","SUPPORTI SENZA LETTERA":"","Supporto 1":"","Supporto 2":"","Supporto 3":"","Supporto 4":"","Supporto 5":"","Supporto 6":"","Supporto 7":"","Supporto 8":"","Supporto 9":"","Supporto 10":"","Supporto 11":"","Supporto 12":"","Supporto 13":"","Supporto 14":"","Supporto 15":"","Supporto 16":"","Supporto 17":"","Supporto 18":"","Supporto 19":"","Supporto 20":"","Supporto 21":"","Supporto 22":"","Supporto 23":"","Supporto 24":"","Supporto 25":"","Supporto 26":"","Supporto 27":"","Supporto 28":"","Supporto 29":"","Supporto 30":"","Supporto 31":"","Supporto 32":"","Supporto 33":"","Supporto 34":"","Supporto 35":"","":"","vuln_val":0.228,"vuln_cl":5,"hm30_val":0.58916604518890381,"hm30_cl":9},"geometry":{"type":"Point","coordinates":[12.489993,41.909482]}},
{"type":"Feature","properties":{"ID*":"173","AREA INTERVENTO":"Via Mentana 5 (lotti per la sosta veicolare nell'area antistante il Liceo Scientifico Statale \"Plinio Seniore\")","MUNICIPIO":"Municipio 01","QUARTIERE":"Rione Castro Pretorio","TIPOLOGIA INTERVENTO":"Nuove piazze e strade scolastiche: pedonalizzazione o nell’ampliamento degli spazi pedonali dell'area antistante l'edificio scolastico, con interdizione del transito e della sosta veicolare e la messa in sicurezza dei percorsi che consentono l’accesso alla scuola stessa.","COLORE":"#AFD3A5","TITOLO":"Rimodulazione viabilità via Mentana","LINK PROGETTO":"https://www.comune.roma.it/web-resources/cms/documents/00173_01DE040_00spaziacolori_ok.pdf","PROPONENTE":"Leonardo Fiore (rappresentante studenti)","RETE PROPONENTI":"Pontarelli Lara (rappresentante genitori), Sabatino Alice (Associazione \"Studenti ed Ex Studenti del Liceo Plinio), Falchi Stefania (presidente comitato genitori)","N_ RACCOLTA FIRME":"328","COFINANZIAMENTI":"","SUPPORTI POSSIBILI":"","SUPPORTI SENZA LETTERA":"","Supporto 1":"Associazione “Studenti ed Ex Studenti del Liceo Plinio Seniore”","Supporto 2":"Rappresentante d'Istituto dei Genitori nonché Vicepresidente del Consiglio d'Istituto del Liceo Scientifico Statale Plinio Seniore","Supporto 3":"Comitato dei Genitori Liceo Scientifico Statale Plinio Seniore","Supporto 4":"Raccolta firme (n. 328)","Supporto 5":"","Supporto 6":"","Supporto 7":"","Supporto 8":"","Supporto 9":"","Supporto 10":"","Supporto 11":"","Supporto 12":"","Supporto 13":"","Supporto 14":"","Supporto 15":"","Supporto 16":"","Supporto 17":"","Supporto 18":"","Supporto 19":"","Supporto 20":"","Supporto 21":"","Supporto 22":"","Supporto 23":"","Supporto 24":"","Supporto 25":"","Supporto 26":"","Supporto 27":"","Supporto 28":"","Supporto 29":"","Supporto 30":"","Supporto 31":"","Supporto 32":"","Supporto 33":"","Supporto 34":"","Supporto 35":"","":"","vuln_val":0.225,"vuln_cl":5,"hm30_val":0.88015842437744141,"hm30_cl":11},"geometry":{"type":"Point","coordinates":[12.50327,41.90704]}},
{"type":"Feature","properties":{"ID*":"146","AREA INTERVENTO":"via Monte Zebio 33 (tratto antistante I.C. Claudio Abbado - Plesso \"Ermenegildo Pistelli\")","MUNICIPIO":"Municipio 01","QUARTIERE":"Mazzini","TIPOLOGIA INTERVENTO":"Nuove piazze e strade scolastiche: pedonalizzazione o nell’ampliamento degli spazi pedonali dell'area antistante l'edificio scolastico, con interdizione del transito e della sosta veicolare e la messa in sicurezza dei percorsi che consentono l’accesso alla scuola stessa.","COLORE":"#AFD3A5","TITOLO":"Piazza Scolastica Pistelli","LINK PROGETTO":"https://www.comune.roma.it/web-resources/cms/documents/00146_01DE040_00spaziacoloripiazzascolasticapistellidefinitivolight.pdf","PROPONENTE":"Genitori Bike to school; Sicuramente Pistelli","RETE PROPONENTI":"Adone Giulio, Marabotto Caterina, Carlo De Luca, Veneri Valeria, Portone Giorgia, Di Gennaro Matteo, Bachelet Maria, Pizzari Claudia, Patricca Cesare, Biancatelli Fiammetta, Ciaudelli Linda","N_ RACCOLTA FIRME":"241","COFINANZIAMENTI":"","SUPPORTI POSSIBILI":"","SUPPORTI SENZA LETTERA":"","Supporto 1":"Raccolte firme genitori (n. 241)","Supporto 2":"Associazione culturale pediatri sezione Lazio","Supporto 3":"AISS Società cooperativa sociale","Supporto 4":"Organismo Cooperativa Sociale Apriti Sesamo","Supporto 5":"attività Ciclofficina n.9","Supporto 6":"Associazione sportiva Eterna Roma Basketball","Supporto 7":"FIAB Roma Ruotalibera APS","Supporto 8":"Fondazione Michele Scarponi ETS","Supporto 9":"Salvaiciclisti Roma","Supporto 10":"Streets For KIDS","Supporto 11":"Municipio 01","Supporto 12":"ISDE sez. Regionale Roma e Lazio","Supporto 13":"Dipartimento di Fisiologia e Farmacologia “V. Erspamer” della Sapienza Università di Roma","Supporto 14":"","Supporto 15":"","Supporto 16":"","Supporto 17":"","Supporto 18":"","Supporto 19":"","Supporto 20":"","Supporto 21":"","Supporto 22":"","Supporto 23":"","Supporto 24":"","Supporto 25":"","Supporto 26":"","Supporto 27":"","Supporto 28":"","Supporto 29":"","Supporto 30":"","Supporto 31":"","Supporto 32":"","Supporto 33":"","Supporto 34":"","Supporto 35":"","":"","vuln_val":null,"vuln_cl":null,"hm30_val":0.29812407493591309,"hm30_cl":5},"geometry":{"type":"Point","coordinates":[12.465171,41.918686]}},
{"type":"Feature","properties":{"ID*":"60","AREA INTERVENTO":"Via Silvio Pellico (spazio pubblico in corrispondenza dell’Istituto Vaccari)","MUNICIPIO":"Municipio 01","QUARTIERE":"Mazzini","TIPOLOGIA INTERVENTO":"Attivazione di spazi pubblici sottoutilizzati: rigenerazione e rifunzionalizzazione di spazi pedonali privi di funzione o sottoutilizzati.","COLORE":"#EFA3DF","TITOLO":"Il Giardino delle Idee","LINK PROGETTO":"https://www.comune.roma.it/web-resources/cms/documents/00060_01DE040_00spaziacolori11maggiocorrettoproposta2.pdf","PROPONENTE":"A.I.D.I.A. sezione Roma","RETE PROPONENTI":"Cuccaro Chiara Cecilia, D'Incecco Paola, Candelori Antonella, Fogliuzzi Alessandra, Iannilli Valentina, Assogna Maria Luisa, Martincigh Lucia, Ressa Giovanna, Volpe Margherita, Luciani Antonella, Seghetti Raffaellla","N_ RACCOLTA FIRME":"","COFINANZIAMENTI":"","SUPPORTI POSSIBILI":"","SUPPORTI SENZA LETTERA":"","Supporto 1":"Il Vento Sulla Vela ETS","Supporto 2":"Istituto Leonarda Vaccari","Supporto 3":"Municipio 01","Supporto 4":"","Supporto 5":"","Supporto 6":"","Supporto 7":"","Supporto 8":"","Supporto 9":"","Supporto 10":"","Supporto 11":"","Supporto 12":"","Supporto 13":"","Supporto 14":"","Supporto 15":"","Supporto 16":"","Supporto 17":"","Supporto 18":"","Supporto 19":"","Supporto 20":"","Supporto 21":"","Supporto 22":"","Supporto 23":"","Supporto 24":"","Supporto 25":"","Supporto 26":"","Supporto 27":"","Supporto 28":"","Supporto 29":"","Supporto 30":"","Supporto 31":"","Supporto 32":"","Supporto 33":"","Supporto 34":"","Supporto 35":"","":"","vuln_val":0.286,"vuln_cl":8,"hm30_val":0.80744564533233643,"hm30_cl":11},"geometry":{"type":"Point","coordinates":[12.458861,41.913491]}},
{"type":"Feature","properties":{"ID*":"148","AREA INTERVENTO":"Viale Pinturicchio (giardini, tratto tra via Antonazzo Romano e via Luigi Poletti)","MUNICIPIO":"Municipio 02","QUARTIERE":"Flaminio","TIPOLOGIA INTERVENTO":"Nuove piazze e strade scolastiche: pedonalizzazione o nell’ampliamento degli spazi pedonali dell'area antistante l'edificio scolastico, con interdizione del transito e della sosta veicolare e la messa in sicurezza dei percorsi che consentono l’accesso alla scuola stessa.","COLORE":"#AFD3A5","TITOLO":"SPQRelax","LINK PROGETTO":"https://www.comune.roma.it/web-resources/cms/documents/00148_SPQRelax.pdf","PROPONENTE":"prof.ssa Silvia De Angelis","RETE PROPONENTI":"Liceo Artisitico Statale Ripetta","N_ RACCOLTA FIRME":"","COFINANZIAMENTI":"","SUPPORTI POSSIBILI":"MAXXI - Museo nazionale delle arti del XXI secolo; cittadini","SUPPORTI SENZA LETTERA":"","Supporto 1":"","Supporto 2":"","Supporto 3":"","Supporto 4":"","Supporto 5":"","Supporto 6":"","Supporto 7":"","Supporto 8":"","Supporto 9":"","Supporto 10":"","Supporto 11":"","Supporto 12":"","Supporto 13":"","Supporto 14":"","Supporto 15":"","Supporto 16":"","Supporto 17":"","Supporto 18":"","Supporto 19":"","Supporto 20":"","Supporto 21":"","Supporto 22":"","Supporto 23":"","Supporto 24":"","Supporto 25":"","Supporto 26":"","Supporto 27":"","Supporto 28":"","Supporto 29":"","Supporto 30":"","Supporto 31":"","Supporto 32":"","Supporto 33":"","Supporto 34":"","Supporto 35":"","":"","vuln_val":null,"vuln_cl":null,"hm30_val":0.38405716419219971,"hm30_cl":6},"geometry":{"type":"Point","coordinates":[12.463596,41.92949]}},
{"type":"Feature","properties":{"ID*":"208","AREA INTERVENTO":"area verde residuale tra Via Tiburtina e la rampa della Circonvallazione Tiburtina (prospiciente la Stazione Tiburtina e il Terminal Bus Tibus)","MUNICIPIO":"Municipio 02","QUARTIERE":"Italia (Tiburtina)","TIPOLOGIA INTERVENTO":"Attivazione di spazi pubblici sottoutilizzati: rigenerazione e rifunzionalizzazione di spazi pedonali privi di funzione o sottoutilizzati.","COLORE":"#EFA3DF","TITOLO":"Il salotto della Tiburtina: un living urbano alla porta della stazione","LINK PROGETTO":"https://www.comune.roma.it/web-resources/cms/documents/00208_01DE040_002spaziacolorischededescrittivepropostatiburtinarid.pdf","PROPONENTE":"Isia Roma Design","RETE PROPONENTI":"Spalletta Alessandro, Volpe Adriana","N_ RACCOLTA FIRME":"","COFINANZIAMENTI":"","SUPPORTI POSSIBILI":"","SUPPORTI SENZA LETTERA":"Studio Architettura e Urbanistica partecipata","Supporto 1":"Associazione Piazza\nBologna e dintorni","Supporto 2":"Istituto di Ricerca sulla Formazione Intervento (IRIFI)","Supporto 3":"Associazone Rinascita Tiburtina","Supporto 4":"","Supporto 5":"","Supporto 6":"","Supporto 7":"","Supporto 8":"","Supporto 9":"","Supporto 10":"","Supporto 11":"","Supporto 12":"","Supporto 13":"","Supporto 14":"","Supporto 15":"","Supporto 16":"","Supporto 17":"","Supporto 18":"","Supporto 19":"","Supporto 20":"","Supporto 21":"","Supporto 22":"","Supporto 23":"","Supporto 24":"","Supporto 25":"","Supporto 26":"","Supporto 27":"","Supporto 28":"","Supporto 29":"","Supporto 30":"","Supporto 31":"","Supporto 32":"","Supporto 33":"","Supporto 34":"","Supporto 35":"","":"","vuln_val":null,"vuln_cl":null,"hm30_val":0.2058720588684082,"hm30_cl":3},"geometry":{"type":"Point","coordinates":[12.530736,41.9087]}},
{"type":"Feature","properties":{"ID*":"219","AREA INTERVENTO":"Via Nomentana lato ciclabile (tra viale Regina Margherita e Via Lazzaro Spallanzani); Via Maurizio Bufalini (tra viale Regina Margherita e via Francesco Redi)","MUNICIPIO":"Municipio 02","QUARTIERE":"Nomentano","TIPOLOGIA INTERVENTO":"Nuove piazze e strade scolastiche: pedonalizzazione o nell’ampliamento degli spazi pedonali dell'area antistante l'edificio scolastico, con interdizione del transito e della sosta veicolare e la messa in sicurezza dei percorsi che consentono l’accesso alla scuola stessa.","COLORE":"#AFD3A5","TITOLO":"La strada che inSEGNA","LINK PROGETTO":"https://www.comune.roma.it/web-resources/cms/documents/00219_01DE040_00propostalastradacheinsegnacomitatogenitorimagarottonomentana.pdf","PROPONENTE":"Vittoria D’Atena comitato genitori Magarotto-Nomentana","RETE PROPONENTI":"","N_ RACCOLTA FIRME":"","COFINANZIAMENTI":"","SUPPORTI POSSIBILI":"","SUPPORTI SENZA LETTERA":"Streets For Kids","Supporto 1":"Istituto Statale di Istruzione Specializzata Per Sordi con Convitto Per Sordi di Roma annesso “Antonio Magarotto”","Supporto 2":"Fondazione CABSS – Centro Assistenza per Bambini Sordi e Sordociechi ETS","Supporto 3":"Fondazione La Casa delle Luci","Supporto 4":"Parrocchia San Giuseppe a via Nomentana","Supporto 5":"Facoltà di Architettura di Sapienza Università di Roma (prof.ssa di Composizione Architettonica e Urbana)","Supporto 6":"","Supporto 7":"","Supporto 8":"","Supporto 9":"","Supporto 10":"","Supporto 11":"","Supporto 12":"","Supporto 13":"","Supporto 14":"","Supporto 15":"","Supporto 16":"","Supporto 17":"","Supporto 18":"","Supporto 19":"","Supporto 20":"","Supporto 21":"","Supporto 22":"","Supporto 23":"","Supporto 24":"","Supporto 25":"","Supporto 26":"","Supporto 27":"","Supporto 28":"","Supporto 29":"","Supporto 30":"","Supporto 31":"","Supporto 32":"","Supporto 33":"","Supporto 34":"","Supporto 35":"","":"","vuln_val":0.174,"vuln_cl":2,"hm30_val":0.61380088329315186,"hm30_cl":9},"geometry":{"type":"Point","coordinates":[12.507363,41.913269]}},
{"type":"Feature","properties":{"ID*":"294","AREA INTERVENTO":"Via di Santa Maria Goretti (tratto compreso tra Via Tigrè e Via Lago Tana / Piazza Addis Abeba, antistante i plessi scolastici dell’IC Montessori-Pini e dell’IC Via Volsinio)","MUNICIPIO":"Municipio 02","QUARTIERE":"Africano","TIPOLOGIA INTERVENTO":"Nuove piazze e strade scolastiche: pedonalizzazione o nell’ampliamento degli spazi pedonali dell'area antistante l'edificio scolastico, con interdizione del transito e della sosta veicolare e la messa in sicurezza dei percorsi che consentono l’accesso alla scuola stessa.","COLORE":"#AFD3A5","TITOLO":"Africano a Colori – strada scolastica","LINK PROGETTO":"https://www.comune.roma.it/web-resources/cms/documents/00294_01DE040_00africanoacoloristradascolasticaproposta_1.pdf","PROPONENTE":"Ass. culturale Il Villaggio; Ass. Amici di Villa Leopardi Odv, Fondazione Retake ETS; Plastic Free Odv Onlus; Gruppo informale di cittadini","RETE PROPONENTI":"Morlino Giuseppe, Proietti Rocchi Massimo, D'Ambrosio Ilaria, Viterbo Giuseppe","N_ RACCOLTA FIRME":"1021","COFINANZIAMENTI":"","SUPPORTI POSSIBILI":"","SUPPORTI SENZA LETTERA":"80% dei commercianti dell'area","Supporto 1":"Municipio 02","Supporto 2":"IC Montessori Maria Clotilde Pini","Supporto 3":"Osservatorio Salute e Sicurezza APS","Supporto 4":"Comitato Amici di Villa Chigi e parco Don Baldoni","Supporto 5":"gruppo scout AGESCI Roma 63","Supporto 6":"ASD Pro Club","Supporto 7":"BiciPA Fiab Roma APS","Supporto 8":"Streets For Kids","Supporto 9":"A.S.D. Baby Melody","Supporto 10":"A.S.D.Spes Viridis","Supporto 11":"ASSD Sport e Scuola Anna Magnani","Supporto 12":"Raccola firme (1021) online (https://c.org/mcJGTqtdQ9) e offline","Supporto 13":"","Supporto 14":"","Supporto 15":"","Supporto 16":"","Supporto 17":"","Supporto 18":"","Supporto 19":"","Supporto 20":"","Supporto 21":"","Supporto 22":"","Supporto 23":"","Supporto 24":"","Supporto 25":"","Supporto 26":"","Supporto 27":"","Supporto 28":"","Supporto 29":"","Supporto 30":"","Supporto 31":"","Supporto 32":"","Supporto 33":"","Supporto 34":"","Supporto 35":"","":"","vuln_val":0.222,"vuln_cl":5,"hm30_val":0.76258540153503418,"hm30_cl":11},"geometry":{"type":"Point","coordinates":[12.520137,41.93154]}},
{"type":"Feature","properties":{"ID*":"300","AREA INTERVENTO":"via Tiburtina (ciclovia dalla Stazione Tiburtina a viale Regina Elena)","MUNICIPIO":"Municipio 02","QUARTIERE":"Italia (Tiburtina) - La Sapienza Università","TIPOLOGIA INTERVENTO":"Connessioni e percorsi di mobilità attiva: connessioni leggere per creare o ampliare itinerari continui, sicuri e accessibili per pedoni e ciclisti, agevolando i percorsi casa-scuola, l'accesso alle fermatedel trasporto pubblico locale o la connessione tra aree verdi o parchi.","COLORE":"#B3B7DF","TITOLO":"Ciclovia della ricerca","LINK PROGETTO":"https://www.comune.roma.it/web-resources/cms/documents/00300_01DE040_00spaziacolorischededescrittivepropostacicloviadellaricercacompresso.pdf","PROPONENTE":"CiclISSti dell'Istituto Superiore di Sanità","RETE PROPONENTI":"Gainotti Sabina, Barbanti Fabrizio, Taviani Elisa","N_ RACCOLTA FIRME":"","COFINANZIAMENTI":"","SUPPORTI POSSIBILI":"altre realtà commerciali","SUPPORTI SENZA LETTERA":"","Supporto 1":"Geoplanning servizi per il territorio S.r.l.","Supporto 2":"Museo di Zoologia della Sapienza Università di Roma","Supporto 3":"Consulta Cittadina sulla Sicurezza Stradale, Mobilità Dolce e Sostenibilità di Roma Capitale ","Supporto 4":"Istituto Superiore di Sanità, Direzione Centrale Affari Generali, Ufficio Anticorruzione e Trasparenza","Supporto 5":"Il mondo di Laura","Supporto 6":"","Supporto 7":"","Supporto 8":"","Supporto 9":"","Supporto 10":"","Supporto 11":"","Supporto 12":"","Supporto 13":"","Supporto 14":"","Supporto 15":"","Supporto 16":"","Supporto 17":"","Supporto 18":"","Supporto 19":"","Supporto 20":"","Supporto 21":"","Supporto 22":"","Supporto 23":"","Supporto 24":"","Supporto 25":"","Supporto 26":"","Supporto 27":"","Supporto 28":"","Supporto 29":"","Supporto 30":"","Supporto 31":"","Supporto 32":"","Supporto 33":"","Supporto 34":"","Supporto 35":"","":"","vuln_val":null,"vuln_cl":null,"hm30_val":0.25684016942977905,"hm30_cl":4},"geometry":{"type":"Point","coordinates":[12.522629,41.906256]}},
{"type":"Feature","properties":{"ID*":"320","AREA INTERVENTO":"Piazza dei Siculi, Largo Tiburtina Antica, Parco dei Caduti, Largo degli Osci, Asse scolastico Saffi – Borsi e Sede Volsci 86","MUNICIPIO":"Municipio 02","QUARTIERE":"San Lorenzo","TIPOLOGIA INTERVENTO":"Connessioni e percorsi di mobilità attiva: connessioni leggere per creare o ampliare itinerari continui, sicuri e accessibili per pedoni e ciclisti, agevolando i percorsi casa-scuola, l'accesso alle fermatedel trasporto pubblico locale o la connessione tra aree verdi o parchi.","COLORE":"#B3B7DF","TITOLO":"“OSSIGENO – Respiriamo San Lorenzo”","LINK PROGETTO":"https://www.comune.roma.it/web-resources/cms/documents/00320_01DE040_00ossigenopresentazionedef.pdf","PROPONENTE":"Civico San Lorenzo (accordo paterniarato con altre associazioni / supporti)","RETE PROPONENTI":"Miletta Maria Teresa","N_ RACCOLTA FIRME":"","COFINANZIAMENTI":"","SUPPORTI POSSIBILI":"Communia, Circolo San Lorenzo, Circolo Legambiente San Lorenzo e Generact","SUPPORTI SENZA LETTERA":"Tomo Libreria; Seeds; attività commerciali e artigianali di prossimità del quartiere San Lorenzo","Supporto 1":"Insardi Team","Supporto 2":"Municipio 02","Supporto 3":"ASD Atletico San Lorenzo (accordo paternariato)","Supporto 4":"ANPI – Sezione Roma San Lorenzo (accordo paternariato)","Supporto 5":"OdV Il Grande Cocomero (accordo paternariato)","Supporto 6":"European Studies Connection APS (ESC) (accordo paternariato)","Supporto 7":"OdV La Scuoletta (accordo paternariato)","Supporto 8":"Granma APS ETS (accordo paternariato)","Supporto 9":"Circolo GAP (ARCI) (accordo paternariato)","Supporto 10":"Comitato Genitori Borsi-Saffi (accordo paternariato)","Supporto 11":"Circolo Auser San Lorenzo Esquilino “Vecchie Maniere” (accordo paternariato)","Supporto 12":"Imara Caffè","Supporto 13":"Bar Marani","Supporto 14":"Punto com s.r.l.","Supporto 15":"ASD Popolare San Lorenzo (PALPOP)","Supporto 16":"Energia per i Diritti Umani","Supporto 17":"Galleria Materia","Supporto 18":"Associazione SALAD - San Lorenzo Art District","Supporto 19":"The Grim Reaper Tattoo","Supporto 20":"Farmacia Pinchetti snc","Supporto 21":"Fikissimi (Matric srl)","Supporto 22":"Associazione culturale \"SUD\"","Supporto 23":"Riccio Capriccio (Goahead soc. coop.)","Supporto 24":"Lore (attività commerciale)","Supporto 25":"Vintage di Gianluca Prato","Supporto 26":"Stimacasa","Supporto 27":"Associazione culturale \"Ringhera\"","Supporto 28":"Baobab Experience","Supporto 29":"Civico Zero scs","Supporto 30":"Laboratorio Fotografico Corsetti","Supporto 31":"Nonna Roma ODV (Banco del mutuo soccorso)","Supporto 32":"Giufà Soc. Coop. (Libreria)","Supporto 33":"Edicola Vertice","Supporto 34":"Il Melograno Solidarietà Ambiente Cultura APS","Supporto 35":"Assaggi s.r.l.","":"","vuln_val":0.215,"vuln_cl":4,"hm30_val":0.59300142526626587,"hm30_cl":9},"geometry":{"type":"Point","coordinates":[12.510956,41.898924]}},
{"type":"Feature","properties":{"ID*":"322","AREA INTERVENTO":"Piazza Addis Abeba","MUNICIPIO":"Municipio 02","QUARTIERE":"Africano","TIPOLOGIA INTERVENTO":"Connessioni e percorsi di mobilità attiva: connessioni leggere per creare o ampliare itinerari continui, sicuri e accessibili per pedoni e ciclisti, agevolando i percorsi casa-scuola, l'accesso alle fermatedel trasporto pubblico locale o la connessione tra aree verdi o parchi.","COLORE":"#B3B7DF","TITOLO":"Africano a colori - Rigenerazione Piazza Addis Abeba","LINK PROGETTO":"https://www.comune.roma.it/web-resources/cms/documents/00322_01DE040_00africanoacoloririgenerazionepiazzaaddisabebaproposta.pdf","PROPONENTE":"Associazioni Amici di Villa Leopardi ODV, Associazione Culturale Il Villaggio, Fondazione Retake ETS, Plastic Free Odv Onlus, Gruppo informale di cittadini del quartiere","RETE PROPONENTI":"Proietti Rocchi Massimo (Associazioni Amici di Villa Leopardi ODV), Morlino Giuseppe (Associazione Culturale Il Villaggio), Napoletano Michelangelo (Gruppo informale di cittadini del quartiere), D'Ambrosio Ilaria (Fondazione Retake ETS), Viterbo Giuseppe (Plastic Free Odv Onlus)","N_ RACCOLTA FIRME":"1021","COFINANZIAMENTI":"","SUPPORTI POSSIBILI":"","SUPPORTI SENZA LETTERA":"80% dei commercianti dell'area","Supporto 1":"Municipio 02","Supporto 2":"IC Montessori Maria Clotilde Pini","Supporto 3":"Osservatorio Salute e Sicurezza APS","Supporto 4":"Comitato Amici di Villa Chigi e parco Don Baldoni","Supporto 5":"gruppo scout AGESCI Roma 63","Supporto 6":"ASD Pro Club","Supporto 7":"BiciPA Fiab Roma APS","Supporto 8":"Streets For Kids","Supporto 9":"A.S.D. Baby Melody","Supporto 10":"A.S.D.Spes Viridis","Supporto 11":"ASSD Sport e Scuola Anna Magnani","Supporto 12":"Raccola firme (più di 1000) online (https://c.org/mcJGTqtdQ9) e offline","Supporto 13":"","Supporto 14":"","Supporto 15":"","Supporto 16":"","Supporto 17":"","Supporto 18":"","Supporto 19":"","Supporto 20":"","Supporto 21":"","Supporto 22":"","Supporto 23":"","Supporto 24":"","Supporto 25":"","Supporto 26":"","Supporto 27":"","Supporto 28":"","Supporto 29":"","Supporto 30":"","Supporto 31":"","Supporto 32":"","Supporto 33":"","Supporto 34":"","Supporto 35":"","":"","vuln_val":0.203,"vuln_cl":4,"hm30_val":0.66660451889038086,"hm30_cl":10},"geometry":{"type":"Point","coordinates":[12.522366,41.932076]}},
{"type":"Feature","properties":{"ID*":"331","AREA INTERVENTO":"Via Marcello Malpighi 14","MUNICIPIO":"Municipio 02","QUARTIERE":"Nomentano ","TIPOLOGIA INTERVENTO":"Nuove piazze e strade scolastiche: pedonalizzazione o nell’ampliamento degli spazi pedonali dell'area antistante l'edificio scolastico, con interdizione del transito e della sosta veicolare e la messa in sicurezza dei percorsi che consentono l’accesso alla scuola stessa.","COLORE":"#AFD3A5","TITOLO":"Il Capillare","LINK PROGETTO":"https://www.comune.roma.it/web-resources/cms/documents/00331_01DE040_0020260519spaziacoloriscuolasvizzeraromaproposta.pdf","PROPONENTE":"Associazione Scuola Svizzera di Roma","RETE PROPONENTI":"Rosa Jonathan","N_ RACCOLTA FIRME":"","COFINANZIAMENTI":"","SUPPORTI POSSIBILI":"","SUPPORTI SENZA LETTERA":"Arch. Luca Milan - NEXT Urban Solutions, Residenti di via Malpighi; LifeGate S.p.A. —Società Benefit","Supporto 1":"","Supporto 2":"","Supporto 3":"","Supporto 4":"","Supporto 5":"","Supporto 6":"","Supporto 7":"","Supporto 8":"","Supporto 9":"","Supporto 10":"","Supporto 11":"","Supporto 12":"","Supporto 13":"","Supporto 14":"","Supporto 15":"","Supporto 16":"","Supporto 17":"","Supporto 18":"","Supporto 19":"","Supporto 20":"","Supporto 21":"","Supporto 22":"","Supporto 23":"","Supporto 24":"","Supporto 25":"","Supporto 26":"","Supporto 27":"","Supporto 28":"","Supporto 29":"","Supporto 30":"","Supporto 31":"","Supporto 32":"","Supporto 33":"","Supporto 34":"","Supporto 35":"","":"","vuln_val":0.256,"vuln_cl":7,"hm30_val":0.85305768251419067,"hm30_cl":11},"geometry":{"type":"Point","coordinates":[12.506382,41.909499]}},
{"type":"Feature","properties":{"ID*":"335","AREA INTERVENTO":"Piazza Verbano, Piazza San Saturnino, Via Benaco","MUNICIPIO":"Municipio 02","QUARTIERE":"Verbano","TIPOLOGIA INTERVENTO":"Nuove piazze di quartiere: pedonalizzazione di aree destinate alla sosta/spostamento di veicoli, tramite interventi leggeri e reversibili.","COLORE":"#7BCBFD","TITOLO":"Sistema Verbano","LINK PROGETTO":"https://www.comune.roma.it/web-resources/cms/documents/00335_01DE040_00spaziacolorisistemaverbano.pdf","PROPONENTE":"Gallina Davide","RETE PROPONENTI":"","N_ RACCOLTA FIRME":"","COFINANZIAMENTI":"","SUPPORTI POSSIBILI":"Scuola Primaria G. Mazzini – Istituto Comprensivo Via Volsinio Istituto Comprensivo Via Volsinio, Scuola Secondaria di I grado Esopo – Istituto Comprensivo Via Volsinio Scuola Secondaria Esopo, Parrocchia San Saturnino Martire, RUFA – Rome University of Fine Arts, Sound Ciak – scuola di musica, Associazione Amici di Piazza Verbano, Circolo PD Piazza Verbano, Ciclofficina Pedala Come Mangi, Accademia Romana di Musica, Attività commerciali e servizi locali, Ristorante Mangiafuoco, Caffè Verbano, Bar Benaco, Giocattoli Verbano, Fiorai Riuniti Verbano","SUPPORTI SENZA LETTERA":"","Supporto 1":"","Supporto 2":"","Supporto 3":"","Supporto 4":"","Supporto 5":"","Supporto 6":"","Supporto 7":"","Supporto 8":"","Supporto 9":"","Supporto 10":"","Supporto 11":"","Supporto 12":"","Supporto 13":"","Supporto 14":"","Supporto 15":"","Supporto 16":"","Supporto 17":"","Supporto 18":"","Supporto 19":"","Supporto 20":"","Supporto 21":"","Supporto 22":"","Supporto 23":"","Supporto 24":"","Supporto 25":"","Supporto 26":"","Supporto 27":"","Supporto 28":"","Supporto 29":"","Supporto 30":"","Supporto 31":"","Supporto 32":"","Supporto 33":"","Supporto 34":"","Supporto 35":"","":"","vuln_val":0.178,"vuln_cl":2,"hm30_val":0.71707403659820557,"hm30_cl":10},"geometry":{"type":"Point","coordinates":[12.506856,41.923691]}},
{"type":"Feature","properties":{"ID*":"361","AREA INTERVENTO":"Via Costantino Maes fronte Chiesa di Sant’Angela Merici","MUNICIPIO":"Municipio 02","QUARTIERE":"Lanciani","TIPOLOGIA INTERVENTO":"Nuovi spazi pubblici adiacenti a presidi sociali e culturali: interventi di arredo e trasformazione degli spazi esterni adiacenti a edifici di interesse pubblico e culturale.","COLORE":"#D3D0A5","TITOLO":"La piazza che non c'è ","LINK PROGETTO":"https://www.comune.roma.it/web-resources/cms/documents/00361_01DE040_00spaziacolorischededescrittivelapiazzachenonc.pdf","PROPONENTE":"Gruppo di professionisti privati cittadini residenti ","RETE PROPONENTI":"Fanelli Oronzo, Vicenti Gaia","N_ RACCOLTA FIRME":"","COFINANZIAMENTI":"","SUPPORTI POSSIBILI":"il gruppo Scout FSE | Roma 1 | Martin Luther King | Santa Angela Merici, la futura scuola British School Group –Headquarters, associazioni di categoriacommercianti di zona e comitato di quartiere da costituire, Luiss University, Istituto comprensivo scolastico Winckelmann, la caserma del Comando Logistico dell'Esercito (COM.LOG.) -Emilio Bianchi","SUPPORTI SENZA LETTERA":"","Supporto 1":"","Supporto 2":"","Supporto 3":"","Supporto 4":"","Supporto 5":"","Supporto 6":"","Supporto 7":"","Supporto 8":"","Supporto 9":"","Supporto 10":"","Supporto 11":"","Supporto 12":"","Supporto 13":"","Supporto 14":"","Supporto 15":"","Supporto 16":"","Supporto 17":"","Supporto 18":"","Supporto 19":"","Supporto 20":"","Supporto 21":"","Supporto 22":"","Supporto 23":"","Supporto 24":"","Supporto 25":"","Supporto 26":"","Supporto 27":"","Supporto 28":"","Supporto 29":"","Supporto 30":"","Supporto 31":"","Supporto 32":"","Supporto 33":"","Supporto 34":"","Supporto 35":"","":"","vuln_val":0.202,"vuln_cl":4,"hm30_val":0.4081428050994873,"hm30_cl":6},"geometry":{"type":"Point","coordinates":[12.524948,41.923626]}},
{"type":"Feature","properties":{"ID*":"385","AREA INTERVENTO":"Via dei Volsci e Via dei Sabelli (passaggio tra), Piazza dei Sanniti","MUNICIPIO":"Municipio 02","QUARTIERE":"San Lorenzo","TIPOLOGIA INTERVENTO":"Nuove piazze di quartiere: pedonalizzazione di aree destinate alla sosta/spostamento di veicoli, tramite interventi leggeri e reversibili.","COLORE":"#7BCBFD","TITOLO":"Riqualificazione via dei volsci piazza dei sanniti ","LINK PROGETTO":"https://www.comune.roma.it/web-resources/cms/documents/00385_01DE040_00spaziacolorischededescrittivepropostariccarossmanith.pdf","PROPONENTE":"Leonardo Ricca - Ava Rossmanith (studenti di architettura alla Sapienza, residenti)","RETE PROPONENTI":"","N_ RACCOLTA FIRME":"","COFINANZIAMENTI":"","SUPPORTI POSSIBILI":"","SUPPORTI SENZA LETTERA":"Associazione Sportiva San Lorenzo (uso dello spazio)","Supporto 1":"","Supporto 2":"","Supporto 3":"","Supporto 4":"","Supporto 5":"","Supporto 6":"","Supporto 7":"","Supporto 8":"","Supporto 9":"","Supporto 10":"","Supporto 11":"","Supporto 12":"","Supporto 13":"","Supporto 14":"","Supporto 15":"","Supporto 16":"","Supporto 17":"","Supporto 18":"","Supporto 19":"","Supporto 20":"","Supporto 21":"","Supporto 22":"","Supporto 23":"","Supporto 24":"","Supporto 25":"","Supporto 26":"","Supporto 27":"","Supporto 28":"","Supporto 29":"","Supporto 30":"","Supporto 31":"","Supporto 32":"","Supporto 33":"","Supporto 34":"","Supporto 35":"","":"","vuln_val":0.224,"vuln_cl":5,"hm30_val":0.79658931493759155,"hm30_cl":11},"geometry":{"type":"Point","coordinates":[12.516288,41.898126]}},
{"type":"Feature","properties":{"ID*":"409 (QI/2026/101193)","AREA INTERVENTO":"Largo Marliana (strada che, in direzione sud-nord, incrocia via Calcinaia e via Podenzana)","MUNICIPIO":"Municipio 03","QUARTIERE":"Nuovo Salario","TIPOLOGIA INTERVENTO":"Nuove piazze e strade scolastiche: pedonalizzazione o nell’ampliamento degli spazi pedonali dell'area antistante l'edificio scolastico, con interdizione del transito e della sosta veicolare e la messa in sicurezza dei percorsi che consentono l’accesso alla scuola stessa.","COLORE":"#AFD3A5","TITOLO":"La “cerniera lampo”: urbanismo tattico per riconnettere il quartiere","LINK PROGETTO":"https://www.comune.roma.it/web-resources/cms/documents/QI20260101193CD20260073231PROPOSTA_PROGETTO_LA_CERNIERA_LAMPO_LARGO_MARLIANA_LEGAMBIENTE.PDF","PROPONENTE":"Legambiente Gemme, Legambiente Lazio Aps","RETE PROPONENTI":"","N_ RACCOLTA FIRME":"","COFINANZIAMENTI":"","SUPPORTI POSSIBILI":"","SUPPORTI SENZA LETTERA":"Streets for Kids, Bike to school (volontari qualificati e genitori volontari), Pedibus (volontari qualificati e genitori volontari)","Supporto 1":"Municipio 03 (Lettera Assessore di richesta ammissione con riserva della proposta oltre termini)","Supporto 2":"","Supporto 3":"","Supporto 4":"","Supporto 5":"","Supporto 6":"","Supporto 7":"","Supporto 8":"","Supporto 9":"","Supporto 10":"","Supporto 11":"","Supporto 12":"","Supporto 13":"","Supporto 14":"","Supporto 15":"","Supporto 16":"","Supporto 17":"","Supporto 18":"","Supporto 19":"","Supporto 20":"","Supporto 21":"","Supporto 22":"","Supporto 23":"","Supporto 24":"","Supporto 25":"","Supporto 26":"","Supporto 27":"","Supporto 28":"","Supporto 29":"","Supporto 30":"","Supporto 31":"","Supporto 32":"","Supporto 33":"","Supporto 34":"","Supporto 35":"","":null,"vuln_val":0.156,"vuln_cl":2,"hm30_val":0.68667030334472656,"hm30_cl":10},"geometry":{"type":"Point","coordinates":[12.518951,41.957048]}},
{"type":"Feature","properties":{"ID*":"332","AREA INTERVENTO":"Piazza Capri, Via Valsesia, Via Di Valle Scrivia, attraversamento Via Val Di Lanzo, Cortile IC Piazza Capri, ingressi Parco Via Valle Vermiglio e Parco Via Val Santerno","MUNICIPIO":"Municipio 03","QUARTIERE":"Prati Fiscali - Conca d'Oro","TIPOLOGIA INTERVENTO":"Connessioni e percorsi di mobilità attiva: connessioni leggere per creare o ampliare itinerari continui, sicuri e accessibili per pedoni e ciclisti, agevolando i percorsi casa-scuola, l'accesso alle fermatedel trasporto pubblico locale o la connessione tra aree verdi o parchi.","COLORE":"#B3B7DF","TITOLO":"Inter-Valli","LINK PROGETTO":"https://www.comune.roma.it/web-resources/cms/documents/00332_01DE040_00spaziacoloridef.pdf","PROPONENTE":"One Health Italia","RETE PROPONENTI":"Reale Giuseppe","N_ RACCOLTA FIRME":"","COFINANZIAMENTI":"","SUPPORTI POSSIBILI":"Associazione Anzianamente, ulteriori associazioni presenti sul territorio, Commercianti e ristoratori, Nido“L’albero delle ciliegie”, Parrocchia San Clemente I Papa","SUPPORTI SENZA LETTERA":"","Supporto 1":"Istituto Comprensivo \"Piazza Capri\" ","Supporto 2":"Municipio 03 ","Supporto 3":"","Supporto 4":"","Supporto 5":"","Supporto 6":"","Supporto 7":"","Supporto 8":"","Supporto 9":"","Supporto 10":"","Supporto 11":"","Supporto 12":"","Supporto 13":"","Supporto 14":"","Supporto 15":"","Supporto 16":"","Supporto 17":"","Supporto 18":"","Supporto 19":"","Supporto 20":"","Supporto 21":"","Supporto 22":"","Supporto 23":"","Supporto 24":"","Supporto 25":"","Supporto 26":"","Supporto 27":"","Supporto 28":"","Supporto 29":"","Supporto 30":"","Supporto 31":"","Supporto 32":"","Supporto 33":"","Supporto 34":"","Supporto 35":"","":null,"vuln_val":0.289,"vuln_cl":8,"hm30_val":0.78354471921920776,"hm30_cl":11},"geometry":{"type":"Point","coordinates":[12.526715,41.942053]}},
{"type":"Feature","properties":{"ID*":"287","AREA INTERVENTO":"Via Seggiano (area antistante l'ingresso della Scuola Primaria IC Piajet-Majorana)","MUNICIPIO":"Municipio 03","QUARTIERE":"Nuovo Salario","TIPOLOGIA INTERVENTO":"Estensione e messa in sicurezza degli spazi pedonali: allargamento di marciapiedi (\"orecchie\" agli incroci), messa in sicurezza di attraversamenti scolastici.","COLORE":"#BAD8D4","TITOLO":"Coloriamo l'arrivo","LINK PROGETTO":"https://www.comune.roma.it/web-resources/cms/images/00287_01DE040_001000296010_d0.jpg","PROPONENTE":"Genitori dell'IC Piajet- Majorana - Associazione Culturale \"Majorana-APS","RETE PROPONENTI":"Meli Silvana, Granito Gabriele, Linari Gabriele","N_ RACCOLTA FIRME":"","COFINANZIAMENTI":"","SUPPORTI POSSIBILI":"","SUPPORTI SENZA LETTERA":"","Supporto 1":"","Supporto 2":"","Supporto 3":"","Supporto 4":"","Supporto 5":"","Supporto 6":"","Supporto 7":"","Supporto 8":"","Supporto 9":"","Supporto 10":"","Supporto 11":"","Supporto 12":"","Supporto 13":"","Supporto 14":"","Supporto 15":"","Supporto 16":"","Supporto 17":"","Supporto 18":"","Supporto 19":"","Supporto 20":"","Supporto 21":"","Supporto 22":"","Supporto 23":"","Supporto 24":"","Supporto 25":"","Supporto 26":"","Supporto 27":"","Supporto 28":"","Supporto 29":"","Supporto 30":"","Supporto 31":"","Supporto 32":"","Supporto 33":"","Supporto 34":"","Supporto 35":"","":null,"vuln_val":0.18,"vuln_cl":3,"hm30_val":0.43925553560256958,"hm30_cl":7},"geometry":{"type":"Point","coordinates":[12.514836,41.952311]}},
{"type":"Feature","properties":{"ID*":"242","AREA INTERVENTO":"Via Monte Ruggero e Via Monte Rocchetta (asse compreso tra); via Monte Ruggero 25 (ex campi Detroit); Via Isole Curzolane (attraversamento pedonale asilo nido di Piazza Euganei); ","MUNICIPIO":"Municipio 03","QUARTIERE":"Tufello","TIPOLOGIA INTERVENTO":"Connessioni e percorsi di mobilità attiva: connessioni leggere per creare o ampliare itinerari continui, sicuri e accessibili per pedoni e ciclisti, agevolando i percorsi casa-scuola, l'accesso alle fermatedel trasporto pubblico locale o la connessione tra aree verdi o parchi.","COLORE":"#B3B7DF","TITOLO":"TufelLove – Quartiere a Colori","LINK PROGETTO":"https://www.comune.roma.it/web-resources/cms/documents/00242_01DE040_00tufellospaziacolorischededescrittiveproposta.pdf","PROPONENTE":"Mo.Pa. Montessori Partecipata","RETE PROPONENTI":"Alonzi Sara","N_ RACCOLTA FIRME":"","COFINANZIAMENTI":"","SUPPORTI POSSIBILI":"Volontari gruppo Retake Monte Sacro/Tufello, Presidio Asl Roma 1 di Via Monte Rocchetta, Attività commerciali e AGS del mercato Tufello «Gigi Proietti»","SUPPORTI SENZA LETTERA":"IC Montessori di Via Monte Ruggero; CDMT – Centro Didattico Musicale Tufello; Associazione culturale Artificio;Ass. Cult. Defrag, Via delle Isole Curzolane; ASD Diamond, attiva nella, palestra scolastica di via Monte Ruggero, 39; Associazione Plastic Free;Crawl 2000, ente gestore della piscina di via Gran Paradiso; Coop. Agr. Soc. Parsec Agricoltura, con il progetto di reinserimento sociale Sempreverde; Biblioteca Ennio Flaiano","Supporto 1":"Municipio 03","Supporto 2":"","Supporto 3":"","Supporto 4":"","Supporto 5":"","Supporto 6":"","Supporto 7":"","Supporto 8":"","Supporto 9":"","Supporto 10":"","Supporto 11":"","Supporto 12":"","Supporto 13":"","Supporto 14":"","Supporto 15":"","Supporto 16":"","Supporto 17":"","Supporto 18":"","Supporto 19":"","Supporto 20":"","Supporto 21":"","Supporto 22":"","Supporto 23":"","Supporto 24":"","Supporto 25":"","Supporto 26":"","Supporto 27":"","Supporto 28":"","Supporto 29":"","Supporto 30":"","Supporto 31":"","Supporto 32":"","Supporto 33":"","Supporto 34":"","Supporto 35":"","":null,"vuln_val":0.284,"vuln_cl":8,"hm30_val":0.76795971393585205,"hm30_cl":11},"geometry":{"type":"Point","coordinates":[12.532135,41.94809]}},
{"type":"Feature","properties":{"ID*":"229","AREA INTERVENTO":"Viale Gottardo - Via Monte Nevoso (Incrocio; accesso alla Riserva Naturale dell'Aniene)","MUNICIPIO":"Municipio 03","QUARTIERE":"Monte Sacro","TIPOLOGIA INTERVENTO":"Attivazione di spazi pubblici sottoutilizzati: rigenerazione e rifunzionalizzazione di spazi pedonali privi di funzione o sottoutilizzati.","COLORE":"#EFA3DF","TITOLO":"La Porta di Città Giardino alla Riserva Naturale dell'Aniene","LINK PROGETTO":"https://www.comune.roma.it/web-resources/cms/documents/00229_01DE040_00spaziacolorischededescrittiveproposta2.pdf","PROPONENTE":"Persone di via Monte Nevoso, 86","RETE PROPONENTI":"Tirolese Amedeo, Ricciardulli Nicoletta, Luci Francesco, Celsi Simona, Boldrini Serenella, Uda Michele","N_ RACCOLTA FIRME":"","COFINANZIAMENTI":"","SUPPORTI POSSIBILI":"operatori economici locali, istituzioni scolastiche, il Poligrafico e Zecca dello Stato e gruppi informali di cittadini, associazione Insieme per l’Aniene","SUPPORTI SENZA LETTERA":"","Supporto 1":"Municipio 03","Supporto 2":"","Supporto 3":"","Supporto 4":"","Supporto 5":"","Supporto 6":"","Supporto 7":"","Supporto 8":"","Supporto 9":"","Supporto 10":"","Supporto 11":"","Supporto 12":"","Supporto 13":"","Supporto 14":"","Supporto 15":"","Supporto 16":"","Supporto 17":"","Supporto 18":"","Supporto 19":"","Supporto 20":"","Supporto 21":"","Supporto 22":"","Supporto 23":"","Supporto 24":"","Supporto 25":"","Supporto 26":"","Supporto 27":"","Supporto 28":"","Supporto 29":"","Supporto 30":"","Supporto 31":"","Supporto 32":"","Supporto 33":"","Supporto 34":"","Supporto 35":"","":null,"vuln_val":0.187,"vuln_cl":3,"hm30_val":0.62586414813995361,"hm30_cl":9},"geometry":{"type":"Point","coordinates":[12.533315,41.930183]}},
{"type":"Feature","properties":{"ID*":"182","AREA INTERVENTO":"via Generale Roberto Bencivenga 1 (corte interna)","MUNICIPIO":"Municipio 03","QUARTIERE":"Sacco Pastore","TIPOLOGIA INTERVENTO":"Nuove piazze di quartiere: pedonalizzazione di aree destinate alla sosta/spostamento di veicoli, tramite interventi leggeri e reversibili.","COLORE":"#7BCBFD","TITOLO":"Piazzale della Maggiolina","LINK PROGETTO":"https://www.comune.roma.it/web-resources/cms/documents/00182_01DE040_00spaziacolorischededescrittiveproposta1.pptx.pdf","PROPONENTE":"Associazione Culturale La Maggiolina","RETE PROPONENTI":"Smanassi Carla, Criscuolo Sergio","N_ RACCOLTA FIRME":"","COFINANZIAMENTI":"","SUPPORTI POSSIBILI":"","SUPPORTI SENZA LETTERA":"Comitato di Quartiere Monte Sacro – Ansa dell’Aniene, Target Lab ETS – Laboratorio di fotografia e media","Supporto 1":"Municipio 03","Supporto 2":"","Supporto 3":"","Supporto 4":"","Supporto 5":"","Supporto 6":"","Supporto 7":"","Supporto 8":"","Supporto 9":"","Supporto 10":"","Supporto 11":"","Supporto 12":"","Supporto 13":"","Supporto 14":"","Supporto 15":"","Supporto 16":"","Supporto 17":"","Supporto 18":"","Supporto 19":"","Supporto 20":"","Supporto 21":"","Supporto 22":"","Supporto 23":"","Supporto 24":"","Supporto 25":"","Supporto 26":"","Supporto 27":"","Supporto 28":"","Supporto 29":"","Supporto 30":"","Supporto 31":"","Supporto 32":"","Supporto 33":"","Supporto 34":"","Supporto 35":"","":null,"vuln_val":0.164,"vuln_cl":2,"hm30_val":0.63547378778457642,"hm30_cl":9},"geometry":{"type":"Point","coordinates":[12.529186,41.932782]}},
{"type":"Feature","properties":{"ID*":"165","AREA INTERVENTO":"Via Italo Svevo 23 (in corrispondenza dell’accesso scolastico e del sistema di spazi pubblici collegati al Parco della Cecchina)","MUNICIPIO":"Municipio 03","QUARTIERE":"Talenti","TIPOLOGIA INTERVENTO":"Nuove piazze e strade scolastiche: pedonalizzazione o nell’ampliamento degli spazi pedonali dell'area antistante l'edificio scolastico, con interdizione del transito e della sosta veicolare e la messa in sicurezza dei percorsi che consentono l’accesso alla scuola stessa.","COLORE":"#AFD3A5","TITOLO":"ReStreet","LINK PROGETTO":"https://www.comune.roma.it/web-resources/cms/documents/00165_01DE040_00spaziacolorischededescrittiveproposta.pdf","PROPONENTE":"Spazioerre APS","RETE PROPONENTI":"Priori Federico","N_ RACCOLTA FIRME":"","COFINANZIAMENTI":"","SUPPORTI POSSIBILI":"","SUPPORTI SENZA LETTERA":"SuperAbile APS, IIS Donato Bramante, Chiara Capobianco, IC Alcide De Gasperi ","Supporto 1":"","Supporto 2":"","Supporto 3":"","Supporto 4":"","Supporto 5":"","Supporto 6":"","Supporto 7":"","Supporto 8":"","Supporto 9":"","Supporto 10":"","Supporto 11":"","Supporto 12":"","Supporto 13":"","Supporto 14":"","Supporto 15":"","Supporto 16":"","Supporto 17":"","Supporto 18":"","Supporto 19":"","Supporto 20":"","Supporto 21":"","Supporto 22":"","Supporto 23":"","Supporto 24":"","Supporto 25":"","Supporto 26":"","Supporto 27":"","Supporto 28":"","Supporto 29":"","Supporto 30":"","Supporto 31":"","Supporto 32":"","Supporto 33":"","Supporto 34":"","Supporto 35":"","":null,"vuln_val":0.286,"vuln_cl":8,"hm30_val":0.78877502679824829,"hm30_cl":11},"geometry":{"type":"Point","coordinates":[12.541953,41.949329]}},
{"type":"Feature","properties":{"ID*":"89","AREA INTERVENTO":"Viale Val Padana","MUNICIPIO":"Municipio 03","QUARTIERE":"Prati Fiscali - Conca d'Oro","TIPOLOGIA INTERVENTO":"Attivazione di spazi pubblici sottoutilizzati: rigenerazione e rifunzionalizzazione di spazi pedonali privi di funzione o sottoutilizzati.","COLORE":"#EFA3DF","TITOLO":"Affluenti Urbani","LINK PROGETTO":"https://www.comune.roma.it/web-resources/cms/documents/00089_01DE040_00spaziacolorivialevalpadana.pdf","PROPONENTE":"Dott.ssa Patrizia Brunetti, Arch. Laura Cosenza, Arch. Valeria Paganini","RETE PROPONENTI":"","N_ RACCOLTA FIRME":"","COFINANZIAMENTI":"","SUPPORTI POSSIBILI":"","SUPPORTI SENZA LETTERA":"Sport e Salute S.p.a.","Supporto 1":"Attività \"l'Attaccabottoni\"","Supporto 2":"Quasar Institute for Advanced Design","Supporto 3":"Municipio 03","Supporto 4":"Parsifal Srl","Supporto 5":"Scai Comunicazione SRL","Supporto 6":"Libreria Racconti Ritrovati","Supporto 7":"Tabacchi esercizio commerciale","Supporto 8":"ZTL Srl","Supporto 9":"Mangiadischi - La moderna trattoria","Supporto 10":"Parrocchia S. Clemente Papa","Supporto 11":"","Supporto 12":"","Supporto 13":"","Supporto 14":"","Supporto 15":"","Supporto 16":"","Supporto 17":"","Supporto 18":"","Supporto 19":"","Supporto 20":"","Supporto 21":"","Supporto 22":"","Supporto 23":"","Supporto 24":"","Supporto 25":"","Supporto 26":"","Supporto 27":"","Supporto 28":"","Supporto 29":"","Supporto 30":"","Supporto 31":"","Supporto 32":"","Supporto 33":"","Supporto 34":"","Supporto 35":"","":null,"vuln_val":0.271,"vuln_cl":7,"hm30_val":0.76335406303405762,"hm30_cl":11},"geometry":{"type":"Point","coordinates":[12.523357,41.94285]}},
{"type":"Feature","properties":{"ID*":"216","AREA INTERVENTO":"Parco Nicolai, Via Nicola Maria Nicolai ","MUNICIPIO":"Municipio 04","QUARTIERE":"San Cleto","TIPOLOGIA INTERVENTO":"Attivazione di spazi pubblici sottoutilizzati: rigenerazione e rifunzionalizzazione di spazi pedonali privi di funzione o sottoutilizzati.","COLORE":"#EFA3DF","TITOLO":"Parco Nicolai","LINK PROGETTO":"https://www.comune.roma.it/web-resources/cms/documents/00216_01DE040_00spaziacolorischededescrittiveparconicolai.pdf","PROPONENTE":"Ass. Culturale Sportiva San Cleto 2024 APS","RETE PROPONENTI":"Di Criscio Antonio","N_ RACCOLTA FIRME":"","COFINANZIAMENTI":"","SUPPORTI POSSIBILI":"","SUPPORTI SENZA LETTERA":"","Supporto 1":"Istituto Comprensivo N. M. Nicolai","Supporto 2":"Parrocchia S Cleto Papa","Supporto 3":"","Supporto 4":"","Supporto 5":"","Supporto 6":"","Supporto 7":"","Supporto 8":"","Supporto 9":"","Supporto 10":"","Supporto 11":"","Supporto 12":"","Supporto 13":"","Supporto 14":"","Supporto 15":"","Supporto 16":"","Supporto 17":"","Supporto 18":"","Supporto 19":"","Supporto 20":"","Supporto 21":"","Supporto 22":"","Supporto 23":"","Supporto 24":"","Supporto 25":"","Supporto 26":"","Supporto 27":"","Supporto 28":"","Supporto 29":"","Supporto 30":"","Supporto 31":"","Supporto 32":"","Supporto 33":"","Supporto 34":"","Supporto 35":"","":null,"vuln_val":0.298,"vuln_cl":9,"hm30_val":0.71588790416717529,"hm30_cl":10},"geometry":{"type":"Point","coordinates":[12.571751,41.94764]}},
{"type":"Feature","properties":{"ID*":"277","AREA INTERVENTO":"Via Vittorio Zincone (tratto di accesso all’IC Anna Fraentzel Celli fino a metà della sua lunghezza)","MUNICIPIO":"Municipio 04","QUARTIERE":"Casal Bruciato","TIPOLOGIA INTERVENTO":"Nuove piazze e strade scolastiche: pedonalizzazione o nell’ampliamento degli spazi pedonali dell'area antistante l'edificio scolastico, con interdizione del transito e della sosta veicolare e la messa in sicurezza dei percorsi che consentono l’accesso alla scuola stessa.","COLORE":"#AFD3A5","TITOLO":"La Strada Giocosa","LINK PROGETTO":"https://www.comune.roma.it/web-resources/cms/documents/00277_01DE040_00spaziacolorischededescrittiveviazincone.pdf","PROPONENTE":"Le Mamme e gli Amici di Villa fassini Odv (presentano anche supporto)","RETE PROPONENTI":"Criscuolo Gemma, Nigro Teresa, Paolini Gabriella, Perilli Rosa, Varesi Carlo, Grande Francesca","N_ RACCOLTA FIRME":"35","COFINANZIAMENTI":"","SUPPORTI POSSIBILI":"","SUPPORTI SENZA LETTERA":"","Supporto 1":"Movimento Diritti dei Pedoni APS","Supporto 2":"Raccola firme cittadini (n. 35)","Supporto 3":"Comitato Genitori IC Fraentzel Celli","Supporto 4":"","Supporto 5":"","Supporto 6":"","Supporto 7":"","Supporto 8":"","Supporto 9":"","Supporto 10":"","Supporto 11":"","Supporto 12":"","Supporto 13":"","Supporto 14":"","Supporto 15":"","Supporto 16":"","Supporto 17":"","Supporto 18":"","Supporto 19":"","Supporto 20":"","Supporto 21":"","Supporto 22":"","Supporto 23":"","Supporto 24":"","Supporto 25":"","Supporto 26":"","Supporto 27":"","Supporto 28":"","Supporto 29":"","Supporto 30":"","Supporto 31":"","Supporto 32":"","Supporto 33":"","Supporto 34":"","Supporto 35":"","":null,"vuln_val":0.237,"vuln_cl":6,"hm30_val":0.58461344242095947,"hm30_cl":9},"geometry":{"type":"Point","coordinates":[12.555123,41.908818]}},
{"type":"Feature","properties":{"ID*":"291","AREA INTERVENTO":"Viale Battista Bardanzellu (piazzale parallelo al tratto senza via di uscita di)","MUNICIPIO":"Municipio 04","QUARTIERE":"Colli Aniene","TIPOLOGIA INTERVENTO":"Attivazione di spazi pubblici sottoutilizzati: rigenerazione e rifunzionalizzazione di spazi pedonali privi di funzione o sottoutilizzati.","COLORE":"#EFA3DF","TITOLO":"I nastri dell’Agorà","LINK PROGETTO":"https://www.comune.roma.it/web-resources/cms/documents/00291_01DE040_00inastridellagora.pdf","PROPONENTE":"I.C. Angelica Balabanoff","RETE PROPONENTI":"Spagnulo Maria Michela, Vallefuoco Biagio, Basilici Luigina","N_ RACCOLTA FIRME":"","COFINANZIAMENTI":"","SUPPORTI POSSIBILI":"","SUPPORTI SENZA LETTERA":"Istituto Paritario Minerva, Associazione Piccoli Giganti ODV, Comitato di Quartiere Colli Aniene, commercianti e associazioni ambientaliste locali","Supporto 1":"","Supporto 2":"","Supporto 3":"","Supporto 4":"","Supporto 5":"","Supporto 6":"","Supporto 7":"","Supporto 8":"","Supporto 9":"","Supporto 10":"","Supporto 11":"","Supporto 12":"","Supporto 13":"","Supporto 14":"","Supporto 15":"","Supporto 16":"","Supporto 17":"","Supporto 18":"","Supporto 19":"","Supporto 20":"","Supporto 21":"","Supporto 22":"","Supporto 23":"","Supporto 24":"","Supporto 25":"","Supporto 26":"","Supporto 27":"","Supporto 28":"","Supporto 29":"","Supporto 30":"","Supporto 31":"","Supporto 32":"","Supporto 33":"","Supporto 34":"","Supporto 35":"","":null,"vuln_val":0.204,"vuln_cl":4,"hm30_val":0.55233615636825562,"hm30_cl":8},"geometry":{"type":"Point","coordinates":[12.574908,41.915886]}},
{"type":"Feature","properties":{"ID*":"318","AREA INTERVENTO":"Piazza Giuseppe Gola 64","MUNICIPIO":"Municipio 04","QUARTIERE":"Casal dei Pazzi (Parco Valle dell'Aniene)","TIPOLOGIA INTERVENTO":"Connessioni e percorsi di mobilità attiva: connessioni leggere per creare o ampliare itinerari continui, sicuri e accessibili per pedoni e ciclisti, agevolando i percorsi casa-scuola, l'accesso alle fermatedel trasporto pubblico locale o la connessione tra aree verdi o parchi.","COLORE":"#B3B7DF","TITOLO":"Piazza Gola a Colori - Bike School ","LINK PROGETTO":"https://www.comune.roma.it/web-resources/cms/documents/00318_01DE040_00schedadescrittivaspaziacoloripiazzagola.pdf","PROPONENTE":"Ebike Team Natura & Sapori","RETE PROPONENTI":"Testani Luigi, Luzzi Laura","N_ RACCOLTA FIRME":"","COFINANZIAMENTI":"","SUPPORTI POSSIBILI":"RomaNatura, I.C. Alberto Sordi e gli altri istituti scolastici adiacenti, associazioni, comitati, FIAB, famiglie, residenti, cicloamatori e attivita' commerciali locali","SUPPORTI SENZA LETTERA":"","Supporto 1":"Insieme per l’Aniene APS","Supporto 2":"","Supporto 3":"","Supporto 4":"","Supporto 5":"","Supporto 6":"","Supporto 7":"","Supporto 8":"","Supporto 9":"","Supporto 10":"","Supporto 11":"","Supporto 12":"","Supporto 13":"","Supporto 14":"","Supporto 15":"","Supporto 16":"","Supporto 17":"","Supporto 18":"","Supporto 19":"","Supporto 20":"","Supporto 21":"","Supporto 22":"","Supporto 23":"","Supporto 24":"","Supporto 25":"","Supporto 26":"","Supporto 27":"","Supporto 28":"","Supporto 29":"","Supporto 30":"","Supporto 31":"","Supporto 32":"","Supporto 33":"","Supporto 34":"","Supporto 35":"","":null,"vuln_val":0.187,"vuln_cl":3,"hm30_val":0.62319189310073853,"hm30_cl":9},"geometry":{"type":"Point","coordinates":[12.549294,41.934267]}},
{"type":"Feature","properties":{"ID*":"347","AREA INTERVENTO":"Giardino Nomentano Talenti ","MUNICIPIO":"Municipio 04","QUARTIERE":"Podere Rosa - Cecchina","TIPOLOGIA INTERVENTO":"Connessioni e percorsi di mobilità attiva: connessioni leggere per creare o ampliare itinerari continui, sicuri e accessibili per pedoni e ciclisti, agevolando i percorsi casa-scuola, l'accesso alle fermatedel trasporto pubblico locale o la connessione tra aree verdi o parchi.","COLORE":"#B3B7DF","TITOLO":"Linea e superficie ","LINK PROGETTO":"https://www.comune.roma.it/web-resources/cms/documents/00347_01DE040_00spaziacolorischededescrittivepropostapuntolineasuperficietot.pdf","PROPONENTE":"Casale Podere Rosa Aps ","RETE PROPONENTI":"Galli Gaimpaolo, Comitato di quartiere Giardino Nomentano - San Cleto (in corso di registrazione formale)","N_ RACCOLTA FIRME":"","COFINANZIAMENTI":"","SUPPORTI POSSIBILI":"","SUPPORTI SENZA LETTERA":"","Supporto 1":"","Supporto 2":"","Supporto 3":"","Supporto 4":"","Supporto 5":"","Supporto 6":"","Supporto 7":"","Supporto 8":"","Supporto 9":"","Supporto 10":"","Supporto 11":"","Supporto 12":"","Supporto 13":"","Supporto 14":"","Supporto 15":"","Supporto 16":"","Supporto 17":"","Supporto 18":"","Supporto 19":"","Supporto 20":"","Supporto 21":"","Supporto 22":"","Supporto 23":"","Supporto 24":"","Supporto 25":"","Supporto 26":"","Supporto 27":"","Supporto 28":"","Supporto 29":"","Supporto 30":"","Supporto 31":"","Supporto 32":"","Supporto 33":"","Supporto 34":"","Supporto 35":"","":null,"vuln_val":0.187,"vuln_cl":3,"hm30_val":0.22945082187652588,"hm30_cl":3},"geometry":{"type":"Point","coordinates":[12.564383,41.944745]}},
{"type":"Feature","properties":{"ID*":"348","AREA INTERVENTO":"Via Cesare Ricotti","MUNICIPIO":"Municipio 04","QUARTIERE":"Casal Bertone","TIPOLOGIA INTERVENTO":"Attivazione di spazi pubblici sottoutilizzati: rigenerazione e rifunzionalizzazione di spazi pedonali privi di funzione o sottoutilizzati.","COLORE":"#EFA3DF","TITOLO":"Color Bertone ","LINK PROGETTO":"https://www.comune.roma.it/web-resources/cms/documents/00348_01DE040_00colorbertonespaziacolorischededescrittiveproposta.pdf","PROPONENTE":"Comitato di quartiere cittadinanza attiva Casal Bertone ","RETE PROPONENTI":"Ciuffetti Sonia, Pollice Alessandro, Venturini Emanuele, Bresciani Miristice Lory Michelle, Paglia Andrea, Brogno Fabrizia, Petrone Vincenzo","N_ RACCOLTA FIRME":"73","COFINANZIAMENTI":"","SUPPORTI POSSIBILI":"","SUPPORTI SENZA LETTERA":"","Supporto 1":"Raccolta firme (n. 73)","Supporto 2":"CSAQ Casal Bertone (Centro Anziani) ","Supporto 3":"Associazione Genitori Casal Bertone","Supporto 4":"ASD Casalbasport","Supporto 5":"Associazione nontantoprecisi ETS","Supporto 6":"Cartografia","Supporto 7":"Il Siciliano","Supporto 8":"Pizzateca","Supporto 9":"Farmacia Casal Bertone","Supporto 10":"Gaia Settevendemmie","Supporto 11":"Loretta Marchianò","Supporto 12":"Silvia Guainelca","Supporto 13":"Antonio Campoli","Supporto 14":"Bruno Serino","Supporto 15":"Daniele Picchi","Supporto 16":"Mariarosa Amendola","Supporto 17":"Federica D’Alessandro","Supporto 18":"Francesca Gambini","Supporto 19":"","Supporto 20":"","Supporto 21":"","Supporto 22":"","Supporto 23":"","Supporto 24":"","Supporto 25":"","Supporto 26":"","Supporto 27":"","Supporto 28":"","Supporto 29":"","Supporto 30":"","Supporto 31":"","Supporto 32":"","Supporto 33":"","Supporto 34":"","Supporto 35":"","":null,"vuln_val":0.353,"vuln_cl":11,"hm30_val":0.88888972997665405,"hm30_cl":11},"geometry":{"type":"Point","coordinates":[12.535213,41.899367]}},
{"type":"Feature","properties":{"ID*":"352","AREA INTERVENTO":"Via Siro Solazzi","MUNICIPIO":"Municipio 04","QUARTIERE":"Torraccia","TIPOLOGIA INTERVENTO":"Riutilizzo di aree di sosta come “parklet”: trasformazione di stalli sosta in linea in microspazi pubblici con sedute e verde.","COLORE":"#E3A895","TITOLO":"Parcheggio via Siro Solazzi","LINK PROGETTO":"https://www.comune.roma.it/web-resources/cms/documents/00352_01DE040_00torracciaprogettospaziocolori.pdf","PROPONENTE":"Comitato di quartiere Torraccia ","RETE PROPONENTI":"Filippo Cappelli, Margiotta Antonietta, Pasqualucci Gennaro, Iacoacci Alessandro, Teti Sergio, Musumeci Francesco, Milone Giuseppina","N_ RACCOLTA FIRME":"","COFINANZIAMENTI":"","SUPPORTI POSSIBILI":"","SUPPORTI SENZA LETTERA":"","Supporto 1":"Retake Roma ","Supporto 2":"","Supporto 3":"","Supporto 4":"","Supporto 5":"","Supporto 6":"","Supporto 7":"","Supporto 8":"","Supporto 9":"","Supporto 10":"","Supporto 11":"","Supporto 12":"","Supporto 13":"","Supporto 14":"","Supporto 15":"","Supporto 16":"","Supporto 17":"","Supporto 18":"","Supporto 19":"","Supporto 20":"","Supporto 21":"","Supporto 22":"","Supporto 23":"","Supporto 24":"","Supporto 25":"","Supporto 26":"","Supporto 27":"","Supporto 28":"","Supporto 29":"","Supporto 30":"","Supporto 31":"","Supporto 32":"","Supporto 33":"","Supporto 34":"","Supporto 35":"","":null,"vuln_val":0.206,"vuln_cl":4,"hm30_val":0.60114151239395142,"hm30_cl":9},"geometry":{"type":"Point","coordinates":[12.584989,41.952168]}},
{"type":"Feature","properties":{"ID*":"44","AREA INTERVENTO":"Via Casilina 216-264 (marciapiede e aree limitrofe in corrispondenza dell’attraversamento pedonale, fino al punto in cui il marciapiede si interrompe in prossimità dell’area di servizio Esso)","MUNICIPIO":"Municipio 05","QUARTIERE":"Certosa - Pigneto","TIPOLOGIA INTERVENTO":"Attivazione di spazi pubblici sottoutilizzati: rigenerazione e rifunzionalizzazione di spazi pedonali privi di funzione o sottoutilizzati.","COLORE":"#EFA3DF","TITOLO":"Casilina Smart Flow","LINK PROGETTO":"https://www.comune.roma.it/web-resources/cms/documents/00044_01DE040_00schedapropostacompilata.pdf","PROPONENTE":"Comitato Casilino I","RETE PROPONENTI":"Pasquali Silvana","N_ RACCOLTA FIRME":"","COFINANZIAMENTI":"","SUPPORTI POSSIBILI":"","SUPPORTI SENZA LETTERA":"","Supporto 1":"Municipio 05","Supporto 2":"","Supporto 3":"","Supporto 4":"","Supporto 5":"","Supporto 6":"","Supporto 7":"","Supporto 8":"","Supporto 9":"","Supporto 10":"","Supporto 11":"","Supporto 12":"","Supporto 13":"","Supporto 14":"","Supporto 15":"","Supporto 16":"","Supporto 17":"","Supporto 18":"","Supporto 19":"","Supporto 20":"","Supporto 21":"","Supporto 22":"","Supporto 23":"","Supporto 24":"","Supporto 25":"","Supporto 26":"","Supporto 27":"","Supporto 28":"","Supporto 29":"","Supporto 30":"","Supporto 31":"","Supporto 32":"","Supporto 33":"","Supporto 34":"","Supporto 35":"","":null,"vuln_val":0.318,"vuln_cl":10,"hm30_val":0.89262974262237549,"hm30_cl":11},"geometry":{"type":"Point","coordinates":[12.533926,41.882922]}},
{"type":"Feature","properties":{"ID*":"53","AREA INTERVENTO":"Piazzale delle Gardenie, Viale delle Gardenie e Piazza dei Gerani ","MUNICIPIO":"Municipio 05","QUARTIERE":"Centocelle","TIPOLOGIA INTERVENTO":"Connessioni e percorsi di mobilità attiva: connessioni leggere per creare o ampliare itinerari continui, sicuri e accessibili per pedoni e ciclisti, agevolando i percorsi casa-scuola, l'accesso alle fermatedel trasporto pubblico locale o la connessione tra aree verdi o parchi.","COLORE":"#B3B7DF","TITOLO":"Un asse verde per Centocelle","LINK PROGETTO":"https://www.comune.roma.it/web-resources/cms/documents/00053_01DE040_00propostabandospaziacoloristudioarchimanziag.coppolabarbarossaef.grossi.pdf","PROPONENTE":"Giuseppe Coppola Barbarossa e Flavia Grossi","RETE PROPONENTI":"","N_ RACCOLTA FIRME":"","COFINANZIAMENTI":"","SUPPORTI POSSIBILI":"","SUPPORTI SENZA LETTERA":"","Supporto 1":"","Supporto 2":"","Supporto 3":"","Supporto 4":"","Supporto 5":"","Supporto 6":"","Supporto 7":"","Supporto 8":"","Supporto 9":"","Supporto 10":"","Supporto 11":"","Supporto 12":"","Supporto 13":"","Supporto 14":"","Supporto 15":"","Supporto 16":"","Supporto 17":"","Supporto 18":"","Supporto 19":"","Supporto 20":"","Supporto 21":"","Supporto 22":"","Supporto 23":"","Supporto 24":"","Supporto 25":"","Supporto 26":"","Supporto 27":"","Supporto 28":"","Supporto 29":"","Supporto 30":"","Supporto 31":"","Supporto 32":"","Supporto 33":"","Supporto 34":"","Supporto 35":"","":null,"vuln_val":0.362,"vuln_cl":11,"hm30_val":0.59812617301940918,"hm30_cl":9},"geometry":{"type":"Point","coordinates":[12.56479,41.885985]}},
{"type":"Feature","properties":{"ID*":"73","AREA INTERVENTO":"Via della Rustica - Piazza dei Casali ","MUNICIPIO":"Municipio 05","QUARTIERE":"La Rustica","TIPOLOGIA INTERVENTO":"Attivazione di spazi pubblici sottoutilizzati: rigenerazione e rifunzionalizzazione di spazi pedonali privi di funzione o sottoutilizzati.","COLORE":"#EFA3DF","TITOLO":"Piazza dei Casali: uno spazio che torna a vivere Intervento di urbanistica tattica per la riattivazione di  uno spazio pubblico di prossimità nel quartiere La Rustica","LINK PROGETTO":"https://www.comune.roma.it/web-resources/cms/documents/00073_01DE040_00spaziacolorischededescrittivepropostathinkandactaps.pdf","PROPONENTE":"Think&ActAPS","RETE PROPONENTI":"Berdini Massimo, Faiella Daniele","N_ RACCOLTA FIRME":"","COFINANZIAMENTI":"","SUPPORTI POSSIBILI":"","SUPPORTI SENZA LETTERA":"","Supporto 1":"","Supporto 2":"","Supporto 3":"","Supporto 4":"","Supporto 5":"","Supporto 6":"","Supporto 7":"","Supporto 8":"","Supporto 9":"","Supporto 10":"","Supporto 11":"","Supporto 12":"","Supporto 13":"","Supporto 14":"","Supporto 15":"","Supporto 16":"","Supporto 17":"","Supporto 18":"","Supporto 19":"","Supporto 20":"","Supporto 21":"","Supporto 22":"","Supporto 23":"","Supporto 24":"","Supporto 25":"","Supporto 26":"","Supporto 27":"","Supporto 28":"","Supporto 29":"","Supporto 30":"","Supporto 31":"","Supporto 32":"","Supporto 33":"","Supporto 34":"","Supporto 35":"","":null,"vuln_val":0.324,"vuln_cl":10,"hm30_val":0.76279473304748535,"hm30_cl":11},"geometry":{"type":"Point","coordinates":[12.60595,41.9121]}},
{"type":"Feature","properties":{"ID*":"81","AREA INTERVENTO":"Progetto 1: via Roberto Malatesta, Piazza Roberto Malatesta. \nProgetto 2: via Casilina (asse principale), via Roberto Malatesta, via dell’Acqua Bullicante \n","MUNICIPIO":"Municipio 05","QUARTIERE":"Prenestino Labicano","TIPOLOGIA INTERVENTO":"Connessioni e percorsi di mobilità attiva: connessioni leggere per creare o ampliare itinerari continui, sicuri e accessibili per pedoni e ciclisti, agevolando i percorsi casa-scuola, l'accesso alle fermatedel trasporto pubblico locale o la connessione tra aree verdi o parchi.","COLORE":"#B3B7DF","TITOLO":"Corridoio Ciclabile Casilina – Malatesta Viva","LINK PROGETTO":"https://www.comune.roma.it/web-resources/cms/documents/00081_01DE040_00progettomunicipiov.pdf","PROPONENTE":"Francesca Guido","RETE PROPONENTI":"","N_ RACCOLTA FIRME":"","COFINANZIAMENTI":"","SUPPORTI POSSIBILI":"","SUPPORTI SENZA LETTERA":"","Supporto 1":"","Supporto 2":"","Supporto 3":"","Supporto 4":"","Supporto 5":"","Supporto 6":"","Supporto 7":"","Supporto 8":"","Supporto 9":"","Supporto 10":"","Supporto 11":"","Supporto 12":"","Supporto 13":"","Supporto 14":"","Supporto 15":"","Supporto 16":"","Supporto 17":"","Supporto 18":"","Supporto 19":"","Supporto 20":"","Supporto 21":"","Supporto 22":"","Supporto 23":"","Supporto 24":"","Supporto 25":"","Supporto 26":"","Supporto 27":"","Supporto 28":"","Supporto 29":"","Supporto 30":"","Supporto 31":"","Supporto 32":"","Supporto 33":"","Supporto 34":"","Supporto 35":"","":null,"vuln_val":0.362,"vuln_cl":11,"hm30_val":0.88957452774047852,"hm30_cl":11},"geometry":{"type":"Point","coordinates":[12.537647,41.887529]}},
{"type":"Feature","properties":{"ID*":"82","AREA INTERVENTO":"Giardino Mario Zicchieri (Piazza dei Condottieri)","MUNICIPIO":"Municipio 05","QUARTIERE":"Prenestino Labicano","TIPOLOGIA INTERVENTO":"Attivazione di spazi pubblici sottoutilizzati: rigenerazione e rifunzionalizzazione di spazi pedonali privi di funzione o sottoutilizzati.","COLORE":"#EFA3DF","TITOLO":"Zicchieri Attivo: spazio pubblico inclusivo per gioco, sport e socialità","LINK PROGETTO":"https://www.comune.roma.it/web-resources/cms/documents/00082_01DE040_00giardinomariozicchieri.pdf","PROPONENTE":"Francesca Guido","RETE PROPONENTI":"","N_ RACCOLTA FIRME":"","COFINANZIAMENTI":"","SUPPORTI POSSIBILI":"","SUPPORTI SENZA LETTERA":"","Supporto 1":"","Supporto 2":"","Supporto 3":"","Supporto 4":"","Supporto 5":"","Supporto 6":"","Supporto 7":"","Supporto 8":"","Supporto 9":"","Supporto 10":"","Supporto 11":"","Supporto 12":"","Supporto 13":"","Supporto 14":"","Supporto 15":"","Supporto 16":"","Supporto 17":"","Supporto 18":"","Supporto 19":"","Supporto 20":"","Supporto 21":"","Supporto 22":"","Supporto 23":"","Supporto 24":"","Supporto 25":"","Supporto 26":"","Supporto 27":"","Supporto 28":"","Supporto 29":"","Supporto 30":"","Supporto 31":"","Supporto 32":"","Supporto 33":"","Supporto 34":"","Supporto 35":"","":null,"vuln_val":0.322,"vuln_cl":10,"hm30_val":0.24302864074707031,"hm30_cl":4},"geometry":{"type":"Point","coordinates":[12.535069,41.887918]}},
{"type":"Feature","properties":{"ID*":"84","AREA INTERVENTO":"Parco tra Viale Giorgio Morandi  e via Roberto Melli ","MUNICIPIO":"Municipio 05","QUARTIERE":"Tor Sapienza","TIPOLOGIA INTERVENTO":"Attivazione di spazi pubblici sottoutilizzati: rigenerazione e rifunzionalizzazione di spazi pedonali privi di funzione o sottoutilizzati.","COLORE":"#EFA3DF","TITOLO":"Il Barone rampante a colori","LINK PROGETTO":"https://www.comune.roma.it/web-resources/cms/documents/00084_01DE040_00spaziacolorischededescrittivedellapropostabaronerampanteacolori_ok.pdf","PROPONENTE":"Coop. Sociale Antropos","RETE PROPONENTI":"Gerardo Cristina; Coprogettazione con APS Morandi, Centro Anziani Morandi, giovani del Centro di aggregazione giovanile Morandi, genitori figli che frequentano Ludoteca “La casetta delle arti e dei giochi”","N_ RACCOLTA FIRME":"","COFINANZIAMENTI":"3.000 €","SUPPORTI POSSIBILI":"","SUPPORTI SENZA LETTERA":"","Supporto 1":"Fondazione Charlemagnen (cofinanziamento)","Supporto 2":"Municipio V","Supporto 3":"APS Morandi (ente gestore del Centro Anziani Morandi)","Supporto 4":"IC \"Via Luca Ghini\"","Supporto 5":"","Supporto 6":"","Supporto 7":"","Supporto 8":"","Supporto 9":"","Supporto 10":"","Supporto 11":"","Supporto 12":"","Supporto 13":"","Supporto 14":"","Supporto 15":"","Supporto 16":"","Supporto 17":"","Supporto 18":"","Supporto 19":"","Supporto 20":"","Supporto 21":"","Supporto 22":"","Supporto 23":"","Supporto 24":"","Supporto 25":"","Supporto 26":"","Supporto 27":"","Supporto 28":"","Supporto 29":"","Supporto 30":"","Supporto 31":"","Supporto 32":"","Supporto 33":"","Supporto 34":"","Supporto 35":"","":null,"vuln_val":0.308,"vuln_cl":9,"hm30_val":0.7632707953453064,"hm30_cl":11},"geometry":{"type":"Point","coordinates":[12.586696,41.896918]}},
{"type":"Feature","properties":{"ID*":"96","AREA INTERVENTO":"Piazza Michele Sanmicheli, via Francesco Laparelli","MUNICIPIO":"Municipio 05","QUARTIERE":"Torpignattara","TIPOLOGIA INTERVENTO":"Attivazione di spazi pubblici sottoutilizzati: rigenerazione e rifunzionalizzazione di spazi pedonali privi di funzione o sottoutilizzati.","COLORE":"#EFA3DF","TITOLO":"Cantiere Sanmicheli ","LINK PROGETTO":"https://www.comune.roma.it/web-resources/cms/documents/00096_01DE040_00spazioacoloricantieresanmicheli.pdf","PROPONENTE":"APS Interazioni urbane","RETE PROPONENTI":"Camerota Consuelo","N_ RACCOLTA FIRME":"","COFINANZIAMENTI":"","SUPPORTI POSSIBILI":"Ecomuseo Casilino, Immensamente","SUPPORTI SENZA LETTERA":"","Supporto 1":"Comitato genitori Deledda-Pavoni","Supporto 2":"Book-Cycle","Supporto 3":"Bianco e nero APS","Supporto 4":" LaRocca ETS","Supporto 5":"Antimafia Pop academy","Supporto 6":"I.C. Via F. Laparelli","Supporto 7":"Comitato di Quartiere Torpignattara","Supporto 8":"","Supporto 9":"","Supporto 10":"","Supporto 11":"","Supporto 12":"","Supporto 13":"","Supporto 14":"","Supporto 15":"","Supporto 16":"","Supporto 17":"","Supporto 18":"","Supporto 19":"","Supporto 20":"","Supporto 21":"","Supporto 22":"","Supporto 23":"","Supporto 24":"","Supporto 25":"","Supporto 26":"","Supporto 27":"","Supporto 28":"","Supporto 29":"","Supporto 30":"","Supporto 31":"","Supporto 32":"","Supporto 33":"","Supporto 34":"","Supporto 35":"","":null,"vuln_val":0.367,"vuln_cl":11,"hm30_val":0.87363934516906738,"hm30_cl":11},"geometry":{"type":"Point","coordinates":[12.53974,41.88012]}},
{"type":"Feature","properties":{"ID*":"124","AREA INTERVENTO":"Via dei Sesami (tra Viale Palmiro Togliatti e Piazza dei Bossi)","MUNICIPIO":"Municipio 05","QUARTIERE":"Centocelle","TIPOLOGIA INTERVENTO":"Nuove piazze e strade scolastiche: pedonalizzazione o nell’ampliamento degli spazi pedonali dell'area antistante l'edificio scolastico, con interdizione del transito e della sosta veicolare e la messa in sicurezza dei percorsi che consentono l’accesso alla scuola stessa.","COLORE":"#AFD3A5","TITOLO":"Sesame street","LINK PROGETTO":"https://www.comune.roma.it/web-resources/cms/documents/00124_01DE040_00spaziacolorischededescrittivepropostaviadeisesami.pdf","PROPONENTE":"IC Via dei Sesami","RETE PROPONENTI":"Fragale Emilia","N_ RACCOLTA FIRME":"","COFINANZIAMENTI":"","SUPPORTI POSSIBILI":"Municipio 05, Associazioni di Volontariato, Comitati di Cittadini","SUPPORTI SENZA LETTERA":"Comitato genitori via dei Sesami","Supporto 1":"","Supporto 2":"","Supporto 3":"","Supporto 4":"","Supporto 5":"","Supporto 6":"","Supporto 7":"","Supporto 8":"","Supporto 9":"","Supporto 10":"","Supporto 11":"","Supporto 12":"","Supporto 13":"","Supporto 14":"","Supporto 15":"","Supporto 16":"","Supporto 17":"","Supporto 18":"","Supporto 19":"","Supporto 20":"","Supporto 21":"","Supporto 22":"","Supporto 23":"","Supporto 24":"","Supporto 25":"","Supporto 26":"","Supporto 27":"","Supporto 28":"","Supporto 29":"","Supporto 30":"","Supporto 31":"","Supporto 32":"","Supporto 33":"","Supporto 34":"","Supporto 35":"","":null,"vuln_val":0.246,"vuln_cl":6,"hm30_val":0.22033458948135376,"hm30_cl":3},"geometry":{"type":"Point","coordinates":[12.572158,41.883458]}},
{"type":"Feature","properties":{"ID*":"133","AREA INTERVENTO":"Viale della Primavera, via dei Glicini e via Carpineto, accesso al Parco Filippo Teoli (incrocio)","MUNICIPIO":"Municipio 05","QUARTIERE":" Centocelle - Villa De Sanctis","TIPOLOGIA INTERVENTO":"Connessioni e percorsi di mobilità attiva: connessioni leggere per creare o ampliare itinerari continui, sicuri e accessibili per pedoni e ciclisti, agevolando i percorsi casa-scuola, l'accesso alle fermatedel trasporto pubblico locale o la connessione tra aree verdi o parchi.","COLORE":"#B3B7DF","TITOLO":"Riqualificazione e Riconnessione  di Parco Filippo Teoli","LINK PROGETTO":"https://www.comune.roma.it/web-resources/cms/documents/00133_01DE040_00spaziacoloripropostacdgics.salacone.pdf","PROPONENTE":"Comitato dei genitori \"una scuola può tutto\"","RETE PROPONENTI":"Giannuzzi Emanuele, Gruosso Laura, Paoletti Dayana, Stabile Simone","N_ RACCOLTA FIRME":"","COFINANZIAMENTI":"","SUPPORTI POSSIBILI":"","SUPPORTI SENZA LETTERA":"I.C. Simonetta Salacone - Scuola Capofila degli Istituti Scolastici del Municipio V, CdG - Comitato dei Genitori “Una scuola può tutto” dell’Istituto Comprensivo S.Salacone -, Circolo Legambiente Si Può Fare -, Cemea del Mezzogiorno Aps, Casale Falchetti – Associazione LSA Centocelle, Associazione culturale Casale Garibaldi","Supporto 1":"Municipio 05","Supporto 2":"","Supporto 3":"","Supporto 4":"","Supporto 5":"","Supporto 6":"","Supporto 7":"","Supporto 8":"","Supporto 9":"","Supporto 10":"","Supporto 11":"","Supporto 12":"","Supporto 13":"","Supporto 14":"","Supporto 15":"","Supporto 16":"","Supporto 17":"","Supporto 18":"","Supporto 19":"","Supporto 20":"","Supporto 21":"","Supporto 22":"","Supporto 23":"","Supporto 24":"","Supporto 25":"","Supporto 26":"","Supporto 27":"","Supporto 28":"","Supporto 29":"","Supporto 30":"","Supporto 31":"","Supporto 32":"","Supporto 33":"","Supporto 34":"","Supporto 35":"","":null,"vuln_val":0.226,"vuln_cl":5,"hm30_val":0.32098221778869629,"hm30_cl":5},"geometry":{"type":"Point","coordinates":[12.559194,41.879085]}},
{"type":"Feature","properties":{"ID*":"151","AREA INTERVENTO":"Piazza dell'Acquedotto Alessandrino ","MUNICIPIO":"Municipio 05","QUARTIERE":"Alessandrino","TIPOLOGIA INTERVENTO":"Attivazione di spazi pubblici sottoutilizzati: rigenerazione e rifunzionalizzazione di spazi pedonali privi di funzione o sottoutilizzati.","COLORE":"#EFA3DF","TITOLO":"Alessandrino POP UP! Lo famo insieme","LINK PROGETTO":"https://www.comune.roma.it/web-resources/cms/documents/00151_01DE040_00spaziacolorischededescrittivealesspopup.pdf","PROPONENTE":"Associazione Giovanile\nPaesarte APS","RETE PROPONENTI":"Del Re Nicole, Penna Emanuele ","N_ RACCOLTA FIRME":"","COFINANZIAMENTI":"","SUPPORTI POSSIBILI":"","SUPPORTI SENZA LETTERA":"","Supporto 1":"Municipio 05","Supporto 2":"LabSU – Laboratorio di Studi Urbani «Territori dell'abitare» del Dipartimento di Ingegneria Civile Edile e Ambientale (DICEA), Sapienza Università di Roma","Supporto 3":"Raggruppamento Associativo del Patto di Collaborazione per il Parco Giovanni Palatucci – Parco Alessandrino- Parco Tor Tre Teste","Supporto 4":"Volontari per l’Ambiente Roma Est O.D.V. (fa comuqnue parte del Patto di Collaborazione)","Supporto 5":"Comitato di Quartiere -Associazione Città Alessandrina (fa comuqnue parte del Patto di Collaborazione)","Supporto 6":"Comitato cittadini di Tor Tre Teste e Municipio V (comitato inquilini Ermoli18) (fa comuqnue parte del Patto di Collaborazione)","Supporto 7":"Associazione A.P.S. EcoFriendlyRome (fa comuqnue parte del Patto di Collaborazione)","Supporto 8":"Fusolab APS ASD (fa comuqnue parte del Patto di Collaborazione)","Supporto 9":"ASD Arcieri Arco Sport","Supporto 10":"Gruppo Informale Centro Aggregativo Popolare Sales (fa comuqnue parte del Patto di Collaborazione)","Supporto 11":"Retake Roma","Supporto 12":"Master interateneo di II livello inprogettazione Partecipata ProPART -  Università Iuav di Venezia e Sapienza Università di\nRoma","Supporto 13":"","Supporto 14":"","Supporto 15":"","Supporto 16":"","Supporto 17":"","Supporto 18":"","Supporto 19":"","Supporto 20":"","Supporto 21":"","Supporto 22":"","Supporto 23":"","Supporto 24":"","Supporto 25":"","Supporto 26":"","Supporto 27":"","Supporto 28":"","Supporto 29":"","Supporto 30":"","Supporto 31":"","Supporto 32":"","Supporto 33":"","Supporto 34":"","Supporto 35":"","":null,"vuln_val":0.299,"vuln_cl":9,"hm30_val":0.82175517082214355,"hm30_cl":11},"geometry":{"type":"Point","coordinates":[12.581594,41.879114]}},
{"type":"Feature","properties":{"ID*":"156","AREA INTERVENTO":"Via dei Gordiani (accesso al parco di Villa De Sanctis), via Romolo Balzani (tratto ingresso scuola Balzani) e via Francesco Ferraironi (tratto ingresso scuola primaria Masih Iqbal)","MUNICIPIO":"Municipio 05","QUARTIERE":"Villa De Sanctis","TIPOLOGIA INTERVENTO":"Estensione e messa in sicurezza degli spazi pedonali: allargamento di marciapiedi (\"orecchie\" agli incroci), messa in sicurezza di attraversamenti scolastici.","COLORE":"#BAD8D4","TITOLO":"Passi a colori","LINK PROGETTO":"https://www.comune.roma.it/web-resources/cms/documents/00156_01DE040_00spaziacolorischededescrittivepropostarender.pdf","PROPONENTE":"Res Nova APS","RETE PROPONENTI":"Galli Mario","N_ RACCOLTA FIRME":"","COFINANZIAMENTI":"","SUPPORTI POSSIBILI":"Comitato di quartiere; frequentatori del parco; comitato genitori IC; attività commerciali di prossimità; associazioni locali anche ASD","SUPPORTI SENZA LETTERA":"","Supporto 1":"ODV Volontari per L’ambiente Roma Est","Supporto 2":"Scuola Popolare di Scacchi","Supporto 3":"Francesco Zardo","Supporto 4":"alefedeasr@libero.it (supporto inviato via email 25/05/2026, firmato solo AZ)","Supporto 5":"Luca Cuccu","Supporto 6":"","Supporto 7":"","Supporto 8":"","Supporto 9":"","Supporto 10":"","Supporto 11":"","Supporto 12":"","Supporto 13":"","Supporto 14":"","Supporto 15":"","Supporto 16":"","Supporto 17":"","Supporto 18":"","Supporto 19":"","Supporto 20":"","Supporto 21":"","Supporto 22":"","Supporto 23":"","Supporto 24":"","Supporto 25":"","Supporto 26":"","Supporto 27":"","Supporto 28":"","Supporto 29":"","Supporto 30":"","Supporto 31":"","Supporto 32":"","Supporto 33":"","Supporto 34":"","Supporto 35":"","":null,"vuln_val":0.256,"vuln_cl":7,"hm30_val":0.80477648973464966,"hm30_cl":11},"geometry":{"type":"Point","coordinates":[12.552572,41.878687]}},
{"type":"Feature","properties":{"ID*":"218","AREA INTERVENTO":"Piazzale Prenestino 35 ","MUNICIPIO":"Municipio 05","QUARTIERE":"Pigneto","TIPOLOGIA INTERVENTO":"Nuove piazze di quartiere: pedonalizzazione di aree destinate alla sosta/spostamento di veicoli, tramite interventi leggeri e reversibili.","COLORE":"#7BCBFD","TITOLO":"Urbanismo Tattico a Piazzale Prenestino","LINK PROGETTO":"https://www.comune.roma.it/web-resources/cms/documents/00218_01DE040_00propostaanalisiprogettourbanismotatticopiazzaleprenestino.pdf","PROPONENTE":"Matteo Rizzo","RETE PROPONENTI":"","N_ RACCOLTA FIRME":"","COFINANZIAMENTI":"","SUPPORTI POSSIBILI":"","SUPPORTI SENZA LETTERA":"","Supporto 1":"","Supporto 2":"","Supporto 3":"","Supporto 4":"","Supporto 5":"","Supporto 6":"","Supporto 7":"","Supporto 8":"","Supporto 9":"","Supporto 10":"","Supporto 11":"","Supporto 12":"","Supporto 13":"","Supporto 14":"","Supporto 15":"","Supporto 16":"","Supporto 17":"","Supporto 18":"","Supporto 19":"","Supporto 20":"","Supporto 21":"","Supporto 22":"","Supporto 23":"","Supporto 24":"","Supporto 25":"","Supporto 26":"","Supporto 27":"","Supporto 28":"","Supporto 29":"","Supporto 30":"","Supporto 31":"","Supporto 32":"","Supporto 33":"","Supporto 34":"","Supporto 35":"","":null,"vuln_val":0.359,"vuln_cl":11,"hm30_val":0.73165673017501831,"hm30_cl":10},"geometry":{"type":"Point","coordinates":[12.526286,41.890888]}},
{"type":"Feature","properties":{"ID*":"230","AREA INTERVENTO":"Via del Pigneto, Via A. Mori, Via L.F. De Magistris, Circonvallazione Casilina (isolato compreso tra)","MUNICIPIO":"Municipio 05","QUARTIERE":"Pigneto","TIPOLOGIA INTERVENTO":"Nuove piazze e strade scolastiche: pedonalizzazione o nell’ampliamento degli spazi pedonali dell'area antistante l'edificio scolastico, con interdizione del transito e della sosta veicolare e la messa in sicurezza dei percorsi che consentono l’accesso alla scuola stessa.","COLORE":"#AFD3A5","TITOLO":"Il cerchio di Nestore","LINK PROGETTO":"https://www.comune.roma.it/web-resources/cms/documents/00230_01DE040_00ilcerchiodinestore.pdf","PROPONENTE":"AGT - Associazione Genitori Scuola Enrico Toti","RETE PROPONENTI":"Di Leo Nunziastella, AANT - Accademia delle Arti e Nuove Tecnologie ROMA (direttrice Rossana Quarta), IKONICA studio (Stella Dileo, Sante Simone, Alessandro Zappaterreni)","N_ RACCOLTA FIRME":"","COFINANZIAMENTI":"","SUPPORTI POSSIBILI":"","SUPPORTI SENZA LETTERA":"Tempesta di gusti, Free Time, Judo Preneste, ASD Master, Fitness&Combat","Supporto 1":"Municipio  05","Supporto 2":"Sparwasser Aps","Supporto 3":"associazione Cemea del Mezzogiorno APS","Supporto 4":"Sono Frankie","Supporto 5":"Laboratorio Incontro Asia Occidente","Supporto 6":"Tana dei Cuccioli ODV","Supporto 7":"PD Olimpia Roma San Venanzio","Supporto 8":"Centro culturale De Magistris - Centro anziani","Supporto 9":"Salvaiciclisti Roma","Supporto 10":"ASD/APS Pigneto team","Supporto 11":"Streets for Kids","Supporto 12":"","Supporto 13":"","Supporto 14":"","Supporto 15":"","Supporto 16":"","Supporto 17":"","Supporto 18":"","Supporto 19":"","Supporto 20":"","Supporto 21":"","Supporto 22":"","Supporto 23":"","Supporto 24":"","Supporto 25":"","Supporto 26":"","Supporto 27":"","Supporto 28":"","Supporto 29":"","Supporto 30":"","Supporto 31":"","Supporto 32":"","Supporto 33":"","Supporto 34":"","Supporto 35":"","":null,"vuln_val":0.349,"vuln_cl":11,"hm30_val":0.67818427085876465,"hm30_cl":10},"geometry":{"type":"Point","coordinates":[12.529624,41.887678]}},
{"type":"Feature","properties":{"ID*":"257","AREA INTERVENTO":"Piazza di San Felice da Cantalice","MUNICIPIO":"Municipio 05","QUARTIERE":"Centocelle","TIPOLOGIA INTERVENTO":"Attivazione di spazi pubblici sottoutilizzati: rigenerazione e rifunzionalizzazione di spazi pedonali privi di funzione o sottoutilizzati.","COLORE":"#EFA3DF","TITOLO":"San Felice Re-Play","LINK PROGETTO":"https://www.comune.roma.it/web-resources/cms/documents/00257_01DE040_00spaziacolorisanfelicereplay.pdf","PROPONENTE":"Rete Impresa Castani","RETE PROPONENTI":"Martina Luigi Piero, Bruno Silvio, Paba Monica","N_ RACCOLTA FIRME":"","COFINANZIAMENTI":"","SUPPORTI POSSIBILI":"","SUPPORTI SENZA LETTERA":"Evera OdV; comitato di quartiere Centocelle storica; associazione 100 roccelle APS ; Vo.la.re volontari per l'ambiente Roma est ODV; alberi in periferia OdV ; agisci gruppo scout Roma 97; associazione francescani nel mondo APS; parrocchia Santa Felice De Cantalice; CIR comunità islamica di Roma; movimento diritti dei pedoni APS; fiab Roma ruota libera APS ; guardie per l'ambiente odv ; Boschetto Prenestino APS ; ad Duos lauros; RSA Villa Lucia ; comunità territoriali e gruppi civici e del quadrante volontari e cittadini attivi del territorio ; commercianti e attività produttive locali aderenti alla rete realtà educative e sociali del Municipio 5 ; reti ambientalisti territoriali ; gruppi giovanili e di partecipazione civica; reti di supporto alla fragilità inclusione sociale (alcuni soggetti probabilmente fanno parte Patto di Collaborazione)","Supporto 1":"Patto di Collaborazione per l’Acquedotto Alessandrino","Supporto 2":"","Supporto 3":"","Supporto 4":"","Supporto 5":"","Supporto 6":"","Supporto 7":"","Supporto 8":"","Supporto 9":"","Supporto 10":"","Supporto 11":"","Supporto 12":"","Supporto 13":"","Supporto 14":"","Supporto 15":"","Supporto 16":"","Supporto 17":"","Supporto 18":"","Supporto 19":"","Supporto 20":"","Supporto 21":"","Supporto 22":"","Supporto 23":"","Supporto 24":"","Supporto 25":"","Supporto 26":"","Supporto 27":"","Supporto 28":"","Supporto 29":"","Supporto 30":"","Supporto 31":"","Supporto 32":"","Supporto 33":"","Supporto 34":"","Supporto 35":"","":null,"vuln_val":0.384,"vuln_cl":11,"hm30_val":0.89292621612548828,"hm30_cl":11},"geometry":{"type":"Point","coordinates":[12.566295,41.87715]}},
{"type":"Feature","properties":{"ID*":"285","AREA INTERVENTO":"Parco di Villa Gordiani (piccola area verde all’interno di)","MUNICIPIO":"Municipio 05","QUARTIERE":"Villa Gordiani","TIPOLOGIA INTERVENTO":"Attivazione di spazi pubblici sottoutilizzati: rigenerazione e rifunzionalizzazione di spazi pedonali privi di funzione o sottoutilizzati.","COLORE":"#EFA3DF","TITOLO":"Il Papavero delle Idee","LINK PROGETTO":"https://www.comune.roma.it/web-resources/cms/documents/00285_01DE040_00spaziacoloriarteaparteilpapaverodelleidee.pdf","PROPONENTE":"Associazione Arteaparte","RETE PROPONENTI":"Marasà Chiara","N_ RACCOLTA FIRME":"","COFINANZIAMENTI":"","SUPPORTI POSSIBILI":"Partner edile, Liceo Artistico Statale Enzo Rossi,  Comitato Sport e Cultura ASD Villa Gordiani, mercato rionale e realtà cittadine ","SUPPORTI SENZA LETTERA":"","Supporto 1":"","Supporto 2":"","Supporto 3":"","Supporto 4":"","Supporto 5":"","Supporto 6":"","Supporto 7":"","Supporto 8":"","Supporto 9":"","Supporto 10":"","Supporto 11":"","Supporto 12":"","Supporto 13":"","Supporto 14":"","Supporto 15":"","Supporto 16":"","Supporto 17":"","Supporto 18":"","Supporto 19":"","Supporto 20":"","Supporto 21":"","Supporto 22":"","Supporto 23":"","Supporto 24":"","Supporto 25":"","Supporto 26":"","Supporto 27":"","Supporto 28":"","Supporto 29":"","Supporto 30":"","Supporto 31":"","Supporto 32":"","Supporto 33":"","Supporto 34":"","Supporto 35":"","":null,"vuln_val":0.309,"vuln_cl":9,"hm30_val":0.72566652297973633,"hm30_cl":10},"geometry":{"type":"Point","coordinates":[12.55578,41.894853]}},
{"type":"Feature","properties":{"ID*":"303","AREA INTERVENTO":"Via Muzio Attendolo 18-26","MUNICIPIO":"Municipio 05","QUARTIERE":"Prenestino Labicano","TIPOLOGIA INTERVENTO":"Nuovi spazi pubblici adiacenti a presidi sociali e culturali: interventi di arredo e trasformazione degli spazi esterni adiacenti a edifici di interesse pubblico e culturale.","COLORE":"#D3D0A5","TITOLO":"Città Visibile","LINK PROGETTO":"https://www.comune.roma.it/web-resources/cms/documents/00303_01DE040_00cittvisibile_ok.pdf","PROPONENTE":"Il Cenacolo onlus e la rete prometeo dei coworking space","RETE PROPONENTI":"Ferrante Roberto","N_ RACCOLTA FIRME":"","COFINANZIAMENTI":"","SUPPORTI POSSIBILI":"","SUPPORTI SENZA LETTERA":"cittadini e degli esercenti locali (esercizi commerciali, associazioni culturali e sociali, scuole per attività educative, volontari per la colorazione collettiva)","Supporto 1":"L'ass. “Il Consiglio dei Bamboccioni”","Supporto 2":"L'ass. “Iside”","Supporto 3":"Ass. \"Officina degli Artisti”","Supporto 4":"Ass. \"Andromeda”","Supporto 5":"Ass. Gruppo informale \"Dea Sipario”","Supporto 6":"Ass. OVD CSA \"Rigenerazioni”","Supporto 7":"","Supporto 8":"","Supporto 9":"","Supporto 10":"","Supporto 11":"","Supporto 12":"","Supporto 13":"","Supporto 14":"","Supporto 15":"","Supporto 16":"","Supporto 17":"","Supporto 18":"","Supporto 19":"","Supporto 20":"","Supporto 21":"","Supporto 22":"","Supporto 23":"","Supporto 24":"","Supporto 25":"","Supporto 26":"","Supporto 27":"","Supporto 28":"","Supporto 29":"","Supporto 30":"","Supporto 31":"","Supporto 32":"","Supporto 33":"","Supporto 34":"","Supporto 35":"","":null,"vuln_val":0.342,"vuln_cl":10,"hm30_val":0.89631342887878418,"hm30_cl":11},"geometry":{"type":"Point","coordinates":[12.53528,41.891992]}},
{"type":"Feature","properties":{"ID*":"306","AREA INTERVENTO":"Parco delle Scuole Vittorio Olcese","MUNICIPIO":"Municipio 05","QUARTIERE":"Tor Tre Teste","TIPOLOGIA INTERVENTO":"Nuove piazze e strade scolastiche: pedonalizzazione o nell’ampliamento degli spazi pedonali dell'area antistante l'edificio scolastico, con interdizione del transito e della sosta veicolare e la messa in sicurezza dei percorsi che consentono l’accesso alla scuola stessa.","COLORE":"#AFD3A5","TITOLO":"Retake Campo delle scuole Vittorio Olcese","LINK PROGETTO":"https://www.comune.roma.it/web-resources/cms/documents/00306_06DE060_04spaziacoloriretakeparcodellescuoleolcese.pdf","PROPONENTE":"Comitato Cittadinanza Tor3Teste ","RETE PROPONENTI":"Claudio Pedi, Emidio Giovannini","N_ RACCOLTA FIRME":"","COFINANZIAMENTI":"","SUPPORTI POSSIBILI":"scuole, residenti e associazioni locali","SUPPORTI SENZA LETTERA":"Municipio 05 e Assessorato alle Periferie","Supporto 1":"Associazione Società Attiva","Supporto 2":"Giada Chiappetta","Supporto 3":"Matteo Sbatucci","Supporto 4":"Natale Sbatucci","Supporto 5":"","Supporto 6":"","Supporto 7":"","Supporto 8":"","Supporto 9":"","Supporto 10":"","Supporto 11":"","Supporto 12":"","Supporto 13":"","Supporto 14":"","Supporto 15":"","Supporto 16":"","Supporto 17":"","Supporto 18":"","Supporto 19":"","Supporto 20":"","Supporto 21":"","Supporto 22":"","Supporto 23":"","Supporto 24":"","Supporto 25":"","Supporto 26":"","Supporto 27":"","Supporto 28":"","Supporto 29":"","Supporto 30":"","Supporto 31":"","Supporto 32":"","Supporto 33":"","Supporto 34":"","Supporto 35":"","":null,"vuln_val":0.311,"vuln_cl":9,"hm30_val":0.68973565101623535,"hm30_cl":10},"geometry":{"type":"Point","coordinates":[12.587699,41.882329]}},
{"type":"Feature","properties":{"ID*":"307","AREA INTERVENTO":"Via Isola d’Istria, via Pisino e viale della Venezia Giulia (crocevia tra); via Pisino  tratto di; viale della Venezia Giulia (tratto di)","MUNICIPIO":"Municipio 05","QUARTIERE":"Villa Gordiani","TIPOLOGIA INTERVENTO":"Nuove piazze di quartiere: pedonalizzazione di aree destinate alla sosta/spostamento di veicoli, tramite interventi leggeri e reversibili.","COLORE":"#7BCBFD","TITOLO":"Gordiani a colori","LINK PROGETTO":"https://www.comune.roma.it/web-resources/cms/documents/00307_01DE040_00gordianiacoloripropostasguardoingiro.pdf","PROPONENTE":"Associazione\nSguardoingiro","RETE PROPONENTI":"Paolino Cinzia","N_ RACCOLTA FIRME":"","COFINANZIAMENTI":"","SUPPORTI POSSIBILI":"","SUPPORTI SENZA LETTERA":"Letizia Intilla  (docente Istituto Comprensivo Viale Venezia Giulia)","Supporto 1":"Barbara Pellegrini (architetto e insegnante)","Supporto 2":"Christine Maria Tracey","Supporto 3":"Associazione \"Insieme per la Solidarietà Roma 1\"","Supporto 4":"Irene Urbano (docente Istituto Comprensivo Viale Venezia Giulia)","Supporto 5":"Gruppo di lettura \"Libri e Caffè in Comune\"","Supporto 6":"","Supporto 7":"","Supporto 8":"","Supporto 9":"","Supporto 10":"","Supporto 11":"","Supporto 12":"","Supporto 13":"","Supporto 14":"","Supporto 15":"","Supporto 16":"","Supporto 17":"","Supporto 18":"","Supporto 19":"","Supporto 20":"","Supporto 21":"","Supporto 22":"","Supporto 23":"","Supporto 24":"","Supporto 25":"","Supporto 26":"","Supporto 27":"","Supporto 28":"","Supporto 29":"","Supporto 30":"","Supporto 31":"","Supporto 32":"","Supporto 33":"","Supporto 34":"","Supporto 35":"","":null,"vuln_val":0.293,"vuln_cl":9,"hm30_val":0.68516790866851807,"hm30_cl":10},"geometry":{"type":"Point","coordinates":[12.553531,41.897209]}},
{"type":"Feature","properties":{"ID*":"341","AREA INTERVENTO":"Piazza Copernico","MUNICIPIO":"Municipio 05","QUARTIERE":"Pigneto","TIPOLOGIA INTERVENTO":"Attivazione di spazi pubblici sottoutilizzati: rigenerazione e rifunzionalizzazione di spazi pedonali privi di funzione o sottoutilizzati.","COLORE":"#EFA3DF","TITOLO":"Copernichiamo","LINK PROGETTO":"https://www.comune.roma.it/web-resources/cms/documents/00341_01DE040_00spaziacoloricopernichiamo.pdf","PROPONENTE":"Valentina Frasghini (Studio Sono Frankie)","RETE PROPONENTI":"Cicconi Francesco, Del Bosco Giulia","N_ RACCOLTA FIRME":"","COFINANZIAMENTI":"","SUPPORTI POSSIBILI":"","SUPPORTI SENZA LETTERA":"Nonna Roma","Supporto 1":"AMKA ODV","Supporto 2":"META Società cooperativa sociale","Supporto 3":"Giovani San Lorenzo","Supporto 4":"Associazione genitori E. Toti","Supporto 5":"Sparwasser Aps","Supporto 6":"Soc. Coop. Termini","Supporto 7":"Echo Labs Impresa Sociale","Supporto 8":"Associazione Culturale Informadarte","Supporto 9":"Zio Bici Roma Srl","Supporto 10":"Mook","Supporto 11":"Spring Lab","Supporto 12":"La Valigia dei Giochi Labs","Supporto 13":"Veracura APS","Supporto 14":"Pigneto TV","Supporto 15":"","Supporto 16":"","Supporto 17":"","Supporto 18":"","Supporto 19":"","Supporto 20":"","Supporto 21":"","Supporto 22":"","Supporto 23":"","Supporto 24":"","Supporto 25":"","Supporto 26":"","Supporto 27":"","Supporto 28":"","Supporto 29":"","Supporto 30":"","Supporto 31":"","Supporto 32":"","Supporto 33":"","Supporto 34":"","Supporto 35":"","":null,"vuln_val":0.374,"vuln_cl":11,"hm30_val":0.88747316598892212,"hm30_cl":11},"geometry":{"type":"Point","coordinates":[12.532764,41.88612]}},
{"type":"Feature","properties":{"ID*":"355","AREA INTERVENTO":"Via Mario Ugo Guattari 45","MUNICIPIO":"Municipio 05","QUARTIERE":"Villa De Sanctis (Casilino 23)","TIPOLOGIA INTERVENTO":"Nuove piazze e strade scolastiche: pedonalizzazione o nell’ampliamento degli spazi pedonali dell'area antistante l'edificio scolastico, con interdizione del transito e della sosta veicolare e la messa in sicurezza dei percorsi che consentono l’accesso alla scuola stessa.","COLORE":"#AFD3A5","TITOLO":"AgoràPark intervento intorno e sulla scuola Rosa Parks","LINK PROGETTO":"https://www.comune.roma.it/web-resources/cms/documents/00355_01DE040_002spaziacolorischededescrittivepropostarosaparks.pdf","PROPONENTE":"Isia Roma Design e Legambiente","RETE PROPONENTI":"Spalletta Alessandro, Pietrosante Marco","N_ RACCOLTA FIRME":"","COFINANZIAMENTI":"","SUPPORTI POSSIBILI":"","SUPPORTI SENZA LETTERA":"Comitato Genitori dell’IC S. Salacone","Supporto 1":"Municipio 05 ","Supporto 2":"Legambiente circolo si può fare ","Supporto 3":"Istituto comprensivo Simonetta Salacone ","Supporto 4":"","Supporto 5":"","Supporto 6":"","Supporto 7":"","Supporto 8":"","Supporto 9":"","Supporto 10":"","Supporto 11":"","Supporto 12":"","Supporto 13":"","Supporto 14":"","Supporto 15":"","Supporto 16":"","Supporto 17":"","Supporto 18":"","Supporto 19":"","Supporto 20":"","Supporto 21":"","Supporto 22":"","Supporto 23":"","Supporto 24":"","Supporto 25":"","Supporto 26":"","Supporto 27":"","Supporto 28":"","Supporto 29":"","Supporto 30":"","Supporto 31":"","Supporto 32":"","Supporto 33":"","Supporto 34":"","Supporto 35":"","":null,"vuln_val":0.226,"vuln_cl":5,"hm30_val":0.85703277587890625,"hm30_cl":11},"geometry":{"type":"Point","coordinates":[12.55905,41.881327]}},
{"type":"Feature","properties":{"ID*":"393","AREA INTERVENTO":"via Braccio da Montone 115 ","MUNICIPIO":"Municipio 05","QUARTIERE":"Pigneto","TIPOLOGIA INTERVENTO":"Riutilizzo di aree di sosta come “parklet”: trasformazione di stalli sosta in linea in microspazi pubblici con sedute e verde.","COLORE":"#E3A895","TITOLO":"Spazio di Comunità e Cura Pigneto","LINK PROGETTO":"https://www.comune.roma.it/web-resources/cms/documents/00393_01DE040_00spaziacolorischededescrittivepropostarg.pdf","PROPONENTE":"Rotta Genuina APS","RETE PROPONENTI":"Parrella Giuseppe, Gasparini Silvia, Gregori Giada, Savelloni Giulia, Daniele Maria Cecilia, Bello Pierluigi, Gasparini Laura, Giuliano Benedetta","N_ RACCOLTA FIRME":"","COFINANZIAMENTI":"","SUPPORTI POSSIBILI":"","SUPPORTI SENZA LETTERA":"","Supporto 1":"Vorago APS","Supporto 2":"Associazoine genitori scuola Enrico Toti ODV","Supporto 3":"Progetto Diritti ETS","Supporto 4":"Arci Pianeta Sonoro Aps","Supporto 5":"","Supporto 6":"","Supporto 7":"","Supporto 8":"","Supporto 9":"","Supporto 10":"","Supporto 11":"","Supporto 12":"","Supporto 13":"","Supporto 14":"","Supporto 15":"","Supporto 16":"","Supporto 17":"","Supporto 18":"","Supporto 19":"","Supporto 20":"","Supporto 21":"","Supporto 22":"","Supporto 23":"","Supporto 24":"","Supporto 25":"","Supporto 26":"","Supporto 27":"","Supporto 28":"","Supporto 29":"","Supporto 30":"","Supporto 31":"","Supporto 32":"","Supporto 33":"","Supporto 34":"","Supporto 35":"","":null,"vuln_val":0.332,"vuln_cl":10,"hm30_val":0.86371248960494995,"hm30_cl":11},"geometry":{"type":"Point","coordinates":[12.532378,41.889504]}},
{"type":"Feature","properties":{"ID*":"394","AREA INTERVENTO":"Scuola Pisacane, Largo Perestrello, Villa De Sanctis, Parco Sangalli, Parco Almagià e il futuro parco dell’ex Borghetto degli Artigiani (area compresa tra)","MUNICIPIO":"Municipio 05","QUARTIERE":"Torpignattara - La Maranella - Villini Santa Maria - Villa De Sanctis - Prenestino Labicano","TIPOLOGIA INTERVENTO":"Connessioni e percorsi di mobilità attiva: connessioni leggere per creare o ampliare itinerari continui, sicuri e accessibili per pedoni e ciclisti, agevolando i percorsi casa-scuola, l'accesso alle fermatedel trasporto pubblico locale o la connessione tra aree verdi o parchi.","COLORE":"#B3B7DF","TITOLO":"Cammini di comunità: scuole, verde e quartieri resilienti","LINK PROGETTO":"https://www.comune.roma.it/web-resources/cms/documents/00394_01DE040_00spaziacolorischededescrittivepropostaasud.pdf.pdf","PROPONENTE":"A Sud Ecologia e Cooperazione - APS","RETE PROPONENTI":"Marcellini Nicole","N_ RACCOLTA FIRME":"","COFINANZIAMENTI":"","SUPPORTI POSSIBILI":"","SUPPORTI SENZA LETTERA":"","Supporto 1":"Cemea del Mezzogiorno APS","Supporto 2":"Municipio 05","Supporto 3":"Associazione Pisacane 099 odv","Supporto 4":"Asinitas Aps","Supporto 5":"","Supporto 6":"","Supporto 7":"","Supporto 8":"","Supporto 9":"","Supporto 10":"","Supporto 11":"","Supporto 12":"","Supporto 13":"","Supporto 14":"","Supporto 15":"","Supporto 16":"","Supporto 17":"","Supporto 18":"","Supporto 19":"","Supporto 20":"","Supporto 21":"","Supporto 22":"","Supporto 23":"","Supporto 24":"","Supporto 25":"","Supporto 26":"","Supporto 27":"","Supporto 28":"","Supporto 29":"","Supporto 30":"","Supporto 31":"","Supporto 32":"","Supporto 33":"","Supporto 34":"","Supporto 35":"","":null,"vuln_val":0.394,"vuln_cl":11,"hm30_val":0.88621848821640015,"hm30_cl":11},"geometry":{"type":"Point","coordinates":[12.543244,41.882743]}},
{"type":"Feature","properties":{"ID*":"212","AREA INTERVENTO":"Via delle Cincie (tre spazi contigui nel complesso ISVEUR: spiazzo, gazebo storico, sentiero pedonale)","MUNICIPIO":"Municipio 06","QUARTIERE":"Torre Maura","TIPOLOGIA INTERVENTO":"Attivazione di spazi pubblici sottoutilizzati: rigenerazione e rifunzionalizzazione di spazi pedonali privi di funzione o sottoutilizzati.","COLORE":"#EFA3DF","TITOLO":"Spazi a colori a Torre Maura","LINK PROGETTO":"https://www.comune.roma.it/web-resources/cms/documents/00212_01DE040_00propostaprogettualespazioacolori.pdf","PROPONENTE":"Welfare di Comunità Colombi","RETE PROPONENTI":"Fabbri Valentina, Muneretto Maura, Bussotti Barbara, Stassi Ursula, Berliri Luigi Vittorio","N_ RACCOLTA FIRME":"","COFINANZIAMENTI":"","SUPPORTI POSSIBILI":"","SUPPORTI SENZA LETTERA":"Le cinque cooperative sociali che co-gestiscono il centro di Via dei Colombi, la rete di realtà territoriali (promozione e valorizzazione Torre Maura)","Supporto 1":"Comitato inquilini ISVEUR di Torre Maura","Supporto 2":"Pastificio Secondi S.r.l.,","Supporto 3":"CESC Project","Supporto 4":"Cittadinanza Attiva Torre Maura ODV","Supporto 5":"Associazione Culturale e Territoriale “La Via del Fare — Tradizione, Ambiente e Territorio","Supporto 6":"“COSPEXA Società Cooperativa Sociale ETS","Supporto 7":"","Supporto 8":"","Supporto 9":"","Supporto 10":"","Supporto 11":"","Supporto 12":"","Supporto 13":"","Supporto 14":"","Supporto 15":"","Supporto 16":"","Supporto 17":"","Supporto 18":"","Supporto 19":"","Supporto 20":"","Supporto 21":"","Supporto 22":"","Supporto 23":"","Supporto 24":"","Supporto 25":"","Supporto 26":"","Supporto 27":"","Supporto 28":"","Supporto 29":"","Supporto 30":"","Supporto 31":"","Supporto 32":"","Supporto 33":"","Supporto 34":"","Supporto 35":"","":null,"vuln_val":0.312,"vuln_cl":9,"hm30_val":0.6918342113494873,"hm30_cl":10},"geometry":{"type":"Point","coordinates":[12.603978,41.873261]}},
{"type":"Feature","properties":{"ID*":"236","AREA INTERVENTO":"Largo Monet","MUNICIPIO":"Municipio 06","QUARTIERE":"Fontana Candida","TIPOLOGIA INTERVENTO":"Nuove piazze di quartiere: pedonalizzazione di aree destinate alla sosta/spostamento di veicoli, tramite interventi leggeri e reversibili.","COLORE":"#7BCBFD","TITOLO":"Il Giardino nella Piazza","LINK PROGETTO":"https://www.comune.roma.it/web-resources/cms/documents/00236_01DE040_00spaziacolorischededescrittiveproposta.ver.1.2.pdf","PROPONENTE":"AdQ Fontana Candida","RETE PROPONENTI":"Retake Fontana Candida Villa Verde Villaggio Breda (Di Giacomo Giancarlo), Associazione di Quartiere Fontana Candida (Mario Paglia), Gruppo Donatori Sangue Villa Verde (Ciuffoli Alessandro), Marina D'Ortenzio (insegnante balli di gruppo), libreria Le Torri Tor Bella Monaca (Alessandra Laterza), New Country Club (Marcello Molinari), Coro in canto libero Villaggio Breda (Alfonso Vietri), scuola di musica Elegia Grotte Celoni (Matteo Fusarini), Associazione Ludica socio culturale Shark APS (Salvatore D'Alessandro), Elisabetta Fazi (insegnante d'arte)","N_ RACCOLTA FIRME":"","COFINANZIAMENTI":"","SUPPORTI POSSIBILI":"","SUPPORTI SENZA LETTERA":"","Supporto 1":"","Supporto 2":"","Supporto 3":"","Supporto 4":"","Supporto 5":"","Supporto 6":"","Supporto 7":"","Supporto 8":"","Supporto 9":"","Supporto 10":"","Supporto 11":"","Supporto 12":"","Supporto 13":"","Supporto 14":"","Supporto 15":"","Supporto 16":"","Supporto 17":"","Supporto 18":"","Supporto 19":"","Supporto 20":"","Supporto 21":"","Supporto 22":"","Supporto 23":"","Supporto 24":"","Supporto 25":"","Supporto 26":"","Supporto 27":"","Supporto 28":"","Supporto 29":"","Supporto 30":"","Supporto 31":"","Supporto 32":"","Supporto 33":"","Supporto 34":"","Supporto 35":"","":null,"vuln_val":null,"vuln_cl":null,"hm30_val":0.78136575222015381,"hm30_cl":11},"geometry":{"type":"Point","coordinates":[12.658878,41.854985]}},
{"type":"Feature","properties":{"ID*":"304","AREA INTERVENTO":"Via Walter Tobagi, Via Casilina, Via Enrico Giglioli (Fermata Metro C Torre Maura; lungo i percorsi che si diramano dalla stazione: marciapiedi, vialetti, muri e aree limitrofe)","MUNICIPIO":"Municipio 06","QUARTIERE":"Torre Maura","TIPOLOGIA INTERVENTO":"Attivazione di spazi pubblici sottoutilizzati: rigenerazione e rifunzionalizzazione di spazi pedonali privi di funzione o sottoutilizzati.","COLORE":"#EFA3DF","TITOLO":"“Coloriamo la Metro C”","LINK PROGETTO":"https://www.comune.roma.it/web-resources/cms/documents/00304_01DE040_00spaziacolorischededescrittivepropostaca.pdf","PROPONENTE":"Cittadinanza Attiva Torre Maura ODV","RETE PROPONENTI":"Palozza Daniele, Fodaro Elisabetta, Tranelli Diana","N_ RACCOLTA FIRME":"","COFINANZIAMENTI":"","SUPPORTI POSSIBILI":"Comitato di Quartiere, cittadinanza, associazioni, commercianti e scuole","SUPPORTI SENZA LETTERA":"","Supporto 1":"Programma Integra scs","Supporto 2":"","Supporto 3":"","Supporto 4":"","Supporto 5":"","Supporto 6":"","Supporto 7":"","Supporto 8":"","Supporto 9":"","Supporto 10":"","Supporto 11":"","Supporto 12":"","Supporto 13":"","Supporto 14":"","Supporto 15":"","Supporto 16":"","Supporto 17":"","Supporto 18":"","Supporto 19":"","Supporto 20":"","Supporto 21":"","Supporto 22":"","Supporto 23":"","Supporto 24":"","Supporto 25":"","Supporto 26":"","Supporto 27":"","Supporto 28":"","Supporto 29":"","Supporto 30":"","Supporto 31":"","Supporto 32":"","Supporto 33":"","Supporto 34":"","Supporto 35":"","":null,"vuln_val":null,"vuln_cl":null,"hm30_val":0.84790635108947754,"hm30_cl":11},"geometry":{"type":"Point","coordinates":[12.597153,41.867587]}},
{"type":"Feature","properties":{"ID*":"317","AREA INTERVENTO":"Largo Scapoli ","MUNICIPIO":"Municipio 06","QUARTIERE":"Villaggio Prenestino","TIPOLOGIA INTERVENTO":"Attivazione di spazi pubblici sottoutilizzati: rigenerazione e rifunzionalizzazione di spazi pedonali privi di funzione o sottoutilizzati.","COLORE":"#EFA3DF","TITOLO":"Largo Scapoli a Colori","LINK PROGETTO":"https://www.comune.roma.it/web-resources/cms/documents/00317_01DE040_00spaziacoloripropostalargoscapoliacolori_ok.pdf","PROPONENTE":"Associazione CdQ Villaggio Prenestino OdV","RETE PROPONENTI":"De Prophetis Stefano, Quirini Simone, Riola Francesco, Muzi Ivano, Claudio Aprilanti, Mario Librera, Favero Umberto","N_ RACCOLTA FIRME":"43","COFINANZIAMENTI":"","SUPPORTI POSSIBILI":"","SUPPORTI SENZA LETTERA":"","Supporto 1":"Raccolta firme attività commerciali di Largo Scapoli (n.43)","Supporto 2":"Associazione \"I colori di Matteo Aps\"","Supporto 3":"Istituto Comprensivo\nVillaggio Prenestino","Supporto 4":"Parrocchia S Eligio","Supporto 5":"Nuovo Comitato di Quartiere Villaggio Prenestino","Supporto 6":"Associazione Ricreativa Culturale Ovile","Supporto 7":"","Supporto 8":"","Supporto 9":"","Supporto 10":"","Supporto 11":"","Supporto 12":"","Supporto 13":"","Supporto 14":"","Supporto 15":"","Supporto 16":"","Supporto 17":"","Supporto 18":"","Supporto 19":"","Supporto 20":"","Supporto 21":"","Supporto 22":"","Supporto 23":"","Supporto 24":"","Supporto 25":"","Supporto 26":"","Supporto 27":"","Supporto 28":"","Supporto 29":"","Supporto 30":"","Supporto 31":"","Supporto 32":"","Supporto 33":"","Supporto 34":"","Supporto 35":"","":null,"vuln_val":0.213,"vuln_cl":4,"hm30_val":0.65524601936340332,"hm30_cl":9},"geometry":{"type":"Point","coordinates":[12.68453,41.905715]}},
{"type":"Feature","properties":{"ID*":"326","AREA INTERVENTO":"Via Amico Aspertini, Via Casilina (Sottopasso Metro C Torre Gaia)","MUNICIPIO":"Municipio 06","QUARTIERE":"Torre Gaia - Grotte Celoni","TIPOLOGIA INTERVENTO":"Connessioni e percorsi di mobilità attiva: connessioni leggere per creare o ampliare itinerari continui, sicuri e accessibili per pedoni e ciclisti, agevolando i percorsi casa-scuola, l'accesso alle fermatedel trasporto pubblico locale o la connessione tra aree verdi o parchi.","COLORE":"#B3B7DF","TITOLO":"Un (sotto)passo alla volta","LINK PROGETTO":"https://www.comune.roma.it/web-resources/cms/documents/00326_01DE040_00spaziacolorischededescrittivepropostaviaaspertini.pdf","PROPONENTE":"Associazione Fonte d’Ismaele (cofinanziamento rimborso esperti di laboratori partecipati e per l’acquisto e la messa a dimora di nuove piante e/ arbusti)","RETE PROPONENTI":"Ercoli Lucia","N_ RACCOLTA FIRME":"","COFINANZIAMENTI":"5.000 €","SUPPORTI POSSIBILI":"","SUPPORTI SENZA LETTERA":"","Supporto 1":"Associazione Istituto di Medicina Solidale OdV","Supporto 2":"Muniucipio VI (il supporto fa riferimento a progetto \"Culturale 2026\" con parere favorevole utilizzo aree)","Supporto 3":"Centro Aletti","Supporto 4":"Rossoroblu Srl","Supporto 5":"","Supporto 6":"","Supporto 7":"","Supporto 8":"","Supporto 9":"","Supporto 10":"","Supporto 11":"","Supporto 12":"","Supporto 13":"","Supporto 14":"","Supporto 15":"","Supporto 16":"","Supporto 17":"","Supporto 18":"","Supporto 19":"","Supporto 20":"","Supporto 21":"","Supporto 22":"","Supporto 23":"","Supporto 24":"","Supporto 25":"","Supporto 26":"","Supporto 27":"","Supporto 28":"","Supporto 29":"","Supporto 30":"","Supporto 31":"","Supporto 32":"","Supporto 33":"","Supporto 34":"","Supporto 35":"","":null,"vuln_val":0.376,"vuln_cl":11,"hm30_val":0.8145986795425415,"hm30_cl":11},"geometry":{"type":"Point","coordinates":[12.636085,41.864145]}},
{"type":"Feature","properties":{"ID*":"343","AREA INTERVENTO":"Parco Gastinelli,  Via Luigi Gastinelli","MUNICIPIO":"Municipio 06","QUARTIERE":"Nuova Ponte di Nona","TIPOLOGIA INTERVENTO":"Nuovi spazi pubblici adiacenti a presidi sociali e culturali: interventi di arredo e trasformazione degli spazi esterni adiacenti a edifici di interesse pubblico e culturale.","COLORE":"#D3D0A5","TITOLO":"Tactical Urbanism Through Lighting","LINK PROGETTO":"https://www.comune.roma.it/web-resources/cms/documents/00343_01DE040_00schedadescrittivadellapropostaparcogastinelli.pdf","PROPONENTE":"CdQ Nuova Ponte di Nona","RETE PROPONENTI":"Dario Musolino, Mazzoni Aurora, Musolino Dario, Buccarella Paola Assunta, Claudio Torcolacci","N_ RACCOLTA FIRME":"","COFINANZIAMENTI":"","SUPPORTI POSSIBILI":"","SUPPORTI SENZA LETTERA":"Istituzioni Scolastiche di Prossimità (I.C. Impastato, \"Simpatiche Canaglie\", \"Prampolini\"); Associazioni e Comitati di Quartiere;  Esercizi Commerciali","Supporto 1":"","Supporto 2":"","Supporto 3":"","Supporto 4":"","Supporto 5":"","Supporto 6":"","Supporto 7":"","Supporto 8":"","Supporto 9":"","Supporto 10":"","Supporto 11":"","Supporto 12":"","Supporto 13":"","Supporto 14":"","Supporto 15":"","Supporto 16":"","Supporto 17":"","Supporto 18":"","Supporto 19":"","Supporto 20":"","Supporto 21":"","Supporto 22":"","Supporto 23":"","Supporto 24":"","Supporto 25":"","Supporto 26":"","Supporto 27":"","Supporto 28":"","Supporto 29":"","Supporto 30":"","Supporto 31":"","Supporto 32":"","Supporto 33":"","Supporto 34":"","Supporto 35":"","":null,"vuln_val":0.251,"vuln_cl":6,"hm30_val":0.39012813568115234,"hm30_cl":6},"geometry":{"type":"Point","coordinates":[12.655171,41.907338]}},
{"type":"Feature","properties":{"ID*":"386","AREA INTERVENTO":"Largo Ferruccio Mengaroni - R8, la Pineta e Via dell’Archeologia (asse strategico tra)","MUNICIPIO":"Municipio 06","QUARTIERE":"Tor Bella Monaca - Toragnola","TIPOLOGIA INTERVENTO":"Connessioni e percorsi di mobilità attiva: connessioni leggere per creare o ampliare itinerari continui, sicuri e accessibili per pedoni e ciclisti, agevolando i percorsi casa-scuola, l'accesso alle fermatedel trasporto pubblico locale o la connessione tra aree verdi o parchi.","COLORE":"#B3B7DF","TITOLO":"Connessione verde: percorso pedonale e culturale per collegare le aree riqualificate della comunità a Tor Bella Monaca","LINK PROGETTO":"https://www.comune.roma.it/web-resources/cms/documents/00386_01DE040_00spaziacolorischededescrittivepropostaconnessioneverde.pdf","PROPONENTE":"Melting pro learning, Cubo libro ","RETE PROPONENTI":"De Angelis Ludovica, Pesce M. Federica, Bove Laura, Bernabucci Claudia, Costantino Andrea, Moscatelli Marika","N_ RACCOLTA FIRME":"","COFINANZIAMENTI":"","SUPPORTI POSSIBILI":"Università di Tor Vergata e ad altre associazioni e soggetti locali che","SUPPORTI SENZA LETTERA":"","Supporto 1":"Labsus laboratorio per la sussidiarietà aps","Supporto 2":"Organica SRL ","Supporto 3":"Università degli Studi di Roma “La Sapienza” – Dipartimento Ingegneria Civile, Edile e Ambientale","Supporto 4":"","Supporto 5":"","Supporto 6":"","Supporto 7":"","Supporto 8":"","Supporto 9":"","Supporto 10":"","Supporto 11":"","Supporto 12":"","Supporto 13":"","Supporto 14":"","Supporto 15":"","Supporto 16":"","Supporto 17":"","Supporto 18":"","Supporto 19":"","Supporto 20":"","Supporto 21":"","Supporto 22":"","Supporto 23":"","Supporto 24":"","Supporto 25":"","Supporto 26":"","Supporto 27":"","Supporto 28":"","Supporto 29":"","Supporto 30":"","Supporto 31":"","Supporto 32":"","Supporto 33":"","Supporto 34":"","Supporto 35":"","":null,"vuln_val":0.327,"vuln_cl":10,"hm30_val":0.71861052513122559,"hm30_cl":10},"geometry":{"type":"Point","coordinates":[12.634701,41.87148]}},
{"type":"Feature","properties":{"ID*":"135","AREA INTERVENTO":"Piazzale Ipponio ","MUNICIPIO":"Municipio 07","QUARTIERE":"Appio S. Giovanni ","TIPOLOGIA INTERVENTO":"Attivazione di spazi pubblici sottoutilizzati: rigenerazione e rifunzionalizzazione di spazi pedonali privi di funzione o sottoutilizzati.","COLORE":"#EFA3DF","TITOLO":"Spazio VentiTrenta","LINK PROGETTO":"https://www.comune.roma.it/web-resources/cms/documents/00135_01DE040_00cmlspaziacolorispazio2030.pdf","PROPONENTE":"Comitato Mura Latine","RETE PROPONENTI":"Benotti Daniele, Freni Irene","N_ RACCOLTA FIRME":"","COFINANZIAMENTI":"","SUPPORTI POSSIBILI":"Asilo Nido La Chiocciola, Liceo Artistico G. De Chirico","SUPPORTI SENZA LETTERA":"","Supporto 1":"Municipio 07","Supporto 2":"Comitato genitori Manzoni Pascoli","Supporto 3":"AGESCI Gruppo Roma 113 APS","Supporto 4":"A.N.I.T.A. Garibaldi APS","Supporto 5":"Doposquola APS","Supporto 6":"Istituto Comprensivo Statale “A. Manzoni”","Supporto 7":"Retake Roma Odv","Supporto 8":"Streets For KIDS","Supporto 9":"Salvaiciclisti Roma","Supporto 10":"Associazione 303","Supporto 11":"Associazione AllargoPannonia (ALP) APS","Supporto 12":"","Supporto 13":"","Supporto 14":"","Supporto 15":"","Supporto 16":"","Supporto 17":"","Supporto 18":"","Supporto 19":"","Supporto 20":"","Supporto 21":"","Supporto 22":"","Supporto 23":"","Supporto 24":"","Supporto 25":"","Supporto 26":"","Supporto 27":"","Supporto 28":"","Supporto 29":"","Supporto 30":"","Supporto 31":"","Supporto 32":"","Supporto 33":"","Supporto 34":"","Supporto 35":"","":null,"vuln_val":0.251,"vuln_cl":6,"hm30_val":0.75297600030899048,"hm30_cl":11},"geometry":{"type":"Point","coordinates":[12.502952,41.882734]}},
{"type":"Feature","properties":{"ID*":"161","AREA INTERVENTO":"Largo Livio Jannattoni (piazzetta di Via Marcio Rutilio)","MUNICIPIO":"Municipio 07","QUARTIERE":"Torre Spaccata","TIPOLOGIA INTERVENTO":"Attivazione di spazi pubblici sottoutilizzati: rigenerazione e rifunzionalizzazione di spazi pedonali privi di funzione o sottoutilizzati.","COLORE":"#EFA3DF","TITOLO":"Facciamo centro","LINK PROGETTO":"https://www.comune.roma.it/web-resources/cms/documents/00161_01DE040_00progettodefinitivofacciamocentro.pdf","PROPONENTE":"CdQ Torre Spaccata","RETE PROPONENTI":"Manotti Maria Antonella","N_ RACCOLTA FIRME":"","COFINANZIAMENTI":"","SUPPORTI POSSIBILI":"","SUPPORTI SENZA LETTERA":"HERMES, Parrocchia San Bonaventura, Casa sociale degli anziani e del quartiere, Associazione E' Tutta Scena","Supporto 1":"Municipio 07 ","Supporto 2":"Pii Stabilimenti della Francia a Roma e a Loreto","Supporto 3":"","Supporto 4":"","Supporto 5":"","Supporto 6":"","Supporto 7":"","Supporto 8":"","Supporto 9":"","Supporto 10":"","Supporto 11":"","Supporto 12":"","Supporto 13":"","Supporto 14":"","Supporto 15":"","Supporto 16":"","Supporto 17":"","Supporto 18":"","Supporto 19":"","Supporto 20":"","Supporto 21":"","Supporto 22":"","Supporto 23":"","Supporto 24":"","Supporto 25":"","Supporto 26":"","Supporto 27":"","Supporto 28":"","Supporto 29":"","Supporto 30":"","Supporto 31":"","Supporto 32":"","Supporto 33":"","Supporto 34":"","Supporto 35":"","":null,"vuln_val":0.323,"vuln_cl":10,"hm30_val":0.66048169136047363,"hm30_cl":10},"geometry":{"type":"Point","coordinates":[12.572685,41.870266]}},
{"type":"Feature","properties":{"ID*":"197","AREA INTERVENTO":"Piazza del Quadraretto ","MUNICIPIO":"Municipio 07","QUARTIERE":"Quadraretto ","TIPOLOGIA INTERVENTO":"Nuove piazze di quartiere: pedonalizzazione di aree destinate alla sosta/spostamento di veicoli, tramite interventi leggeri e reversibili.","COLORE":"#7BCBFD","TITOLO":"Quadrangola","LINK PROGETTO":"https://www.comune.roma.it/web-resources/cms/documents/00197_Quadrangola.pdf","PROPONENTE":"Arch. Valentina Delfini, Martina Di Egidio","RETE PROPONENTI":"","N_ RACCOLTA FIRME":"","COFINANZIAMENTI":"","SUPPORTI POSSIBILI":"","SUPPORTI SENZA LETTERA":"","Supporto 1":"Associazione Quadracoro APS","Supporto 2":"AC Manallarte","Supporto 3":"Asd Polisportiva Quadraro Cinecittà","Supporto 4":"Helen Doron English Tuscolano Appio Latino","Supporto 5":"","Supporto 6":"","Supporto 7":"","Supporto 8":"","Supporto 9":"","Supporto 10":"","Supporto 11":"","Supporto 12":"","Supporto 13":"","Supporto 14":"","Supporto 15":"","Supporto 16":"","Supporto 17":"","Supporto 18":"","Supporto 19":"","Supporto 20":"","Supporto 21":"","Supporto 22":"","Supporto 23":"","Supporto 24":"","Supporto 25":"","Supporto 26":"","Supporto 27":"","Supporto 28":"","Supporto 29":"","Supporto 30":"","Supporto 31":"","Supporto 32":"","Supporto 33":"","Supporto 34":"","Supporto 35":"","":null,"vuln_val":0.278,"vuln_cl":8,"hm30_val":0.81321579217910767,"hm30_cl":11},"geometry":{"type":"Point","coordinates":[12.547534,41.862808]}},
{"type":"Feature","properties":{"ID*":"202","AREA INTERVENTO":"Via Gela 60 (parcheggio interrato PUP)","MUNICIPIO":"Municipio 07","QUARTIERE":"Tuscolano","TIPOLOGIA INTERVENTO":"Attivazione di spazi pubblici sottoutilizzati: rigenerazione e rifunzionalizzazione di spazi pedonali privi di funzione o sottoutilizzati.","COLORE":"#EFA3DF","TITOLO":"Parchetto ribelle","LINK PROGETTO":"https://www.comune.roma.it/web-resources/cms/documents/00202_01DE040_00schededescrittivepropostaviagela.pdf","PROPONENTE":"Urbis Next Gen ETS","RETE PROPONENTI":"Carnicchia Jacopo, De Luca Simone, Lipari Cristian, Romeo Matieu, Miceli Mattia ","N_ RACCOLTA FIRME":"","COFINANZIAMENTI":"","SUPPORTI POSSIBILI":"","SUPPORTI SENZA LETTERA":"","Supporto 1":"Graff Dream","Supporto 2":"Momo Edizioni","Supporto 3":"A.N.I.T.A. Garibaldi APS","Supporto 4":"PizzaDi","Supporto 5":"Comitato di Quartiere Tuscolano-Villa Fiorelli","Supporto 6":"Urban Experience aps","Supporto 7":"Associazione Villa Fiorelli","Supporto 8":"collettivo Ateneo","Supporto 9":"Att. Commerciale Frutta e alimentari","Supporto 10":"","Supporto 11":"","Supporto 12":"","Supporto 13":"","Supporto 14":"","Supporto 15":"","Supporto 16":"","Supporto 17":"","Supporto 18":"","Supporto 19":"","Supporto 20":"","Supporto 21":"","Supporto 22":"","Supporto 23":"","Supporto 24":"","Supporto 25":"","Supporto 26":"","Supporto 27":"","Supporto 28":"","Supporto 29":"","Supporto 30":"","Supporto 31":"","Supporto 32":"","Supporto 33":"","Supporto 34":"","Supporto 35":"","":null,"vuln_val":0.436,"vuln_cl":11,"hm30_val":0.8115006685256958,"hm30_cl":11},"geometry":{"type":"Point","coordinates":[12.520915,41.87851]}},
{"type":"Feature","properties":{"ID*":"226","AREA INTERVENTO":"Loop di pista ciclabile che collega 6 Istituti scolastici: I.C. Gino Strada (via Latina 303); Scuola Primaria Statale Giardinieri (Via di Porta San Sebastiano 2); , I.C. Alessandro Manzoni (Via Lusitania 16); IC Ceneda (Via Ceneda 26); I.C. Confalonieri e I.I.S Confalonieri De Chirico (Largo Pannonia 37, Via Beata Maria de Mattias 5), I.C. Via T. Mommsen (Via T. Mommsen 20, Via Latina 550) ","MUNICIPIO":"Municipio 07","QUARTIERE":"Appio Latino - Alberone - Rione Celio (Mun. 01)","TIPOLOGIA INTERVENTO":"Connessioni e percorsi di mobilità attiva: connessioni leggere per creare o ampliare itinerari continui, sicuri e accessibili per pedoni e ciclisti, agevolando i percorsi casa-scuola, l'accesso alle fermatedel trasporto pubblico locale o la connessione tra aree verdi o parchi.","COLORE":"#B3B7DF","TITOLO":"Latina Loop: andare in bici si può","LINK PROGETTO":"https://www.comune.roma.it/web-resources/cms/documents/00226_01DE040_00latinaloopascuolainbicisipuo.pdf","PROPONENTE":"Associazione 303","RETE PROPONENTI":"Associazione genitori Giardinieri (Calamandrei Moira), ALP Associazione Largo Pannonia (Ronchetti Laura), Comitato Manzoni Pascoli (Però Nina), A.N.I.T.A (Melot Elise), Attivisti genitori dell’I.C. (I.C. Mommsen), Loreto Valente (i primi 4 allegano anche lettera supporto)","N_ RACCOLTA FIRME":"","COFINANZIAMENTI":"","SUPPORTI POSSIBILI":"","SUPPORTI SENZA LETTERA":"","Supporto 1":"Bring your bike","Supporto 2":"Municipio 07 ","Supporto 3":"Istituto Comprensivo Statale “Alessandro Manzoni”","Supporto 4":"Istituto Comprensivo Gino Strada","Supporto 5":"Streets For Kids","Supporto 6":"Salvaiciclisti Roma","Supporto 7":"Comitato Mura Latine APS","Supporto 8":"Retake Roma Odv","Supporto 9":"ASD Roma Scacchi","Supporto 10":"Giovanni Cancelliere","Supporto 11":"Associazione culturale Le Coccinelle nel Bosco","Supporto 12":"VediROMAinBici","Supporto 13":"Comitato per il Parco della Caffarella ODV","Supporto 14":"Associazione Humus ets","Supporto 15":"AGENDA – Associazione GENitori Di Alunnə Istituto Mastroianni APS","Supporto 16":"Misterbike","Supporto 17":"CdQ Appio Alberone","Supporto 18":"","Supporto 19":"","Supporto 20":"","Supporto 21":"","Supporto 22":"","Supporto 23":"","Supporto 24":"","Supporto 25":"","Supporto 26":"","Supporto 27":"","Supporto 28":"","Supporto 29":"","Supporto 30":"","Supporto 31":"","Supporto 32":"","Supporto 33":"","Supporto 34":"","Supporto 35":"","":null,"vuln_val":null,"vuln_cl":null,"hm30_val":0.43589520454406738,"hm30_cl":7},"geometry":{"type":"Point","coordinates":[12.521465,41.86969]}},
{"type":"Feature","properties":{"ID*":"239","AREA INTERVENTO":"Via Orvieto","MUNICIPIO":"Municipio 07","QUARTIERE":"Tuscolano","TIPOLOGIA INTERVENTO":"Nuove piazze di quartiere: pedonalizzazione di aree destinate alla sosta/spostamento di veicoli, tramite interventi leggeri e reversibili.","COLORE":"#7BCBFD","TITOLO":"Via Orvieto –Corridoio Verde Aperto","LINK PROGETTO":"https://www.comune.roma.it/web-resources/cms/documents/00239_01DE040_00spaziacolorischededescrittivepropostasabrinazingaro.pdf","PROPONENTE":"Ing. Sabrina Zingaro","RETE PROPONENTI":"","N_ RACCOLTA FIRME":"","COFINANZIAMENTI":"","SUPPORTI POSSIBILI":"I.C. “Marcello Mastroianni” – plesso “Duca d’Aosta” e IIS “Piaget Diaz” – sede IPSIA “Duca d’Aosta” - Attività commerciali e servizi di vicinato; Associazioni culturali; Cittadinanza e residenti","SUPPORTI SENZA LETTERA":"","Supporto 1":"","Supporto 2":"","Supporto 3":"","Supporto 4":"","Supporto 5":"","Supporto 6":"","Supporto 7":"","Supporto 8":"","Supporto 9":"","Supporto 10":"","Supporto 11":"","Supporto 12":"","Supporto 13":"","Supporto 14":"","Supporto 15":"","Supporto 16":"","Supporto 17":"","Supporto 18":"","Supporto 19":"","Supporto 20":"","Supporto 21":"","Supporto 22":"","Supporto 23":"","Supporto 24":"","Supporto 25":"","Supporto 26":"","Supporto 27":"","Supporto 28":"","Supporto 29":"","Supporto 30":"","Supporto 31":"","Supporto 32":"","Supporto 33":"","Supporto 34":"","Supporto 35":"","":null,"vuln_val":0.341,"vuln_cl":10,"hm30_val":0.89134311676025391,"hm30_cl":11},"geometry":{"type":"Point","coordinates":[12.517238,41.885188]}},
{"type":"Feature","properties":{"ID*":"246","AREA INTERVENTO":"Via Acireale, Via La Spezia (nuovi attraversamenti pedonali), Piazza Lodi","MUNICIPIO":"Municipio 07","QUARTIERE":"Tuscolano","TIPOLOGIA INTERVENTO":"Estensione e messa in sicurezza degli spazi pedonali: allargamento di marciapiedi (\"orecchie\" agli incroci), messa in sicurezza di attraversamenti scolastici.","COLORE":"#BAD8D4","TITOLO":"Attraverso Via Acireale","LINK PROGETTO":"https://www.comune.roma.it/web-resources/cms/documents/00246_01DE040_00spaziacolorischededescrittivedellapropostaattraversoviaacireale.pdf","PROPONENTE":"Associazione AGENDA","RETE PROPONENTI":"Aversa Francesca, Innisi Erica, Petrini Gabriele","N_ RACCOLTA FIRME":"","COFINANZIAMENTI":"","SUPPORTI POSSIBILI":"","SUPPORTI SENZA LETTERA":"","Supporto 1":"Municipio 07","Supporto 2":"I.C. Mastroianni di\nRoma","Supporto 3":"Italia Impossibile APS","Supporto 4":"Streets For Kids","Supporto 5":"Associazione 303","Supporto 6":"A.N.I.T.A Garibaldi APS","Supporto 7":"Comitato via Acireale","Supporto 8":"ASD I Lazzaroni","Supporto 9":"Associazione Villa Fiorelli ODV","Supporto 10":"podcast Roma Capita","Supporto 11":"Alice Marra (artista)","Supporto 12":"De Angelis Anna (personale scolastico)","Supporto 13":"","Supporto 14":"","Supporto 15":"","Supporto 16":"","Supporto 17":"","Supporto 18":"","Supporto 19":"","Supporto 20":"","Supporto 21":"","Supporto 22":"","Supporto 23":"","Supporto 24":"","Supporto 25":"","Supporto 26":"","Supporto 27":"","Supporto 28":"","Supporto 29":"","Supporto 30":"","Supporto 31":"","Supporto 32":"","Supporto 33":"","Supporto 34":"","Supporto 35":"","":null,"vuln_val":0.318,"vuln_cl":10,"hm30_val":0.89075273275375366,"hm30_cl":11},"geometry":{"type":"Point","coordinates":[12.520952,41.887224]}},
{"type":"Feature","properties":{"ID*":"274","AREA INTERVENTO":"viale Galvano della Volpe, via Marcello Gallian (carreggiata prospicente la nuova chiesa Santa Maria Regina della Pace)","MUNICIPIO":"Municipio 07","QUARTIERE":"Nuova Tor Vergata","TIPOLOGIA INTERVENTO":"Nuovi spazi pubblici adiacenti a presidi sociali e culturali: interventi di arredo e trasformazione degli spazi esterni adiacenti a edifici di interesse pubblico e culturale.","COLORE":"#D3D0A5","TITOLO":"Nuova Tor Vergata a Colori","LINK PROGETTO":"https://www.comune.roma.it/web-resources/cms/documents/00274_01DE040_00spaziacoloripropostantv.pdf","PROPONENTE":"CdQ Nuova Tor Vergata","RETE PROPONENTI":"Cacciani Andrea, Proietti Paolo, Castro Barbara, Loteria Joselito","N_ RACCOLTA FIRME":"","COFINANZIAMENTI":"","SUPPORTI POSSIBILI":"Attività commerciali di prossimità","SUPPORTI SENZA LETTERA":"","Supporto 1":"Parrocchia Santa Maria Regina della Pace","Supporto 2":"","Supporto 3":"","Supporto 4":"","Supporto 5":"","Supporto 6":"","Supporto 7":"","Supporto 8":"","Supporto 9":"","Supporto 10":"","Supporto 11":"","Supporto 12":"","Supporto 13":"","Supporto 14":"","Supporto 15":"","Supporto 16":"","Supporto 17":"","Supporto 18":"","Supporto 19":"","Supporto 20":"","Supporto 21":"","Supporto 22":"","Supporto 23":"","Supporto 24":"","Supporto 25":"","Supporto 26":"","Supporto 27":"","Supporto 28":"","Supporto 29":"","Supporto 30":"","Supporto 31":"","Supporto 32":"","Supporto 33":"","Supporto 34":"","Supporto 35":"","":null,"vuln_val":null,"vuln_cl":null,"hm30_val":0.72245562076568604,"hm30_cl":10},"geometry":{"type":"Point","coordinates":[12.631256,41.834372]}},
{"type":"Feature","properties":{"ID*":"279","AREA INTERVENTO":"Via Orvieto, Via La Spezia (incrocio)","MUNICIPIO":"Municipio 07","QUARTIERE":"Tuscolano","TIPOLOGIA INTERVENTO":"Attivazione di spazi pubblici sottoutilizzati: rigenerazione e rifunzionalizzazione di spazi pedonali privi di funzione o sottoutilizzati.","COLORE":"#EFA3DF","TITOLO":"Isola Orvieto","LINK PROGETTO":"https://www.comune.roma.it/web-resources/cms/documents/00279_01DE040_00spaziacolorischedeintervento.pdf","PROPONENTE":"Arch. Riccardo Scisciola, Arch. Luca Merlonghi, Arch. Francesco Ranalli","RETE PROPONENTI":"","N_ RACCOLTA FIRME":"","COFINANZIAMENTI":"","SUPPORTI POSSIBILI":"","SUPPORTI SENZA LETTERA":"Plesso scolastico “Duca D’Aosta”","Supporto 1":"Comitato di Quartiere Tuscolano-Villa Fiorelli","Supporto 2":"Accademia di Cinema e Televisione Griffith s.r.l.","Supporto 3":"Municipio 07","Supporto 4":"","Supporto 5":"","Supporto 6":"","Supporto 7":"","Supporto 8":"","Supporto 9":"","Supporto 10":"","Supporto 11":"","Supporto 12":"","Supporto 13":"","Supporto 14":"","Supporto 15":"","Supporto 16":"","Supporto 17":"","Supporto 18":"","Supporto 19":"","Supporto 20":"","Supporto 21":"","Supporto 22":"","Supporto 23":"","Supporto 24":"","Supporto 25":"","Supporto 26":"","Supporto 27":"","Supporto 28":"","Supporto 29":"","Supporto 30":"","Supporto 31":"","Supporto 32":"","Supporto 33":"","Supporto 34":"","Supporto 35":"","":null,"vuln_val":0.326,"vuln_cl":10,"hm30_val":0.88810265064239502,"hm30_cl":11},"geometry":{"type":"Point","coordinates":[12.517357,41.886307]}},
{"type":"Feature","properties":{"ID*":"298","AREA INTERVENTO":"Via Rugantino (Strada Scolastica)","MUNICIPIO":"Municipio 07","QUARTIERE":"Torre Spaccata","TIPOLOGIA INTERVENTO":"Nuove piazze e strade scolastiche: pedonalizzazione o nell’ampliamento degli spazi pedonali dell'area antistante l'edificio scolastico, con interdizione del transito e della sosta veicolare e la messa in sicurezza dei percorsi che consentono l’accesso alla scuola stessa.","COLORE":"#AFD3A5","TITOLO":"Rugantino a Colori","LINK PROGETTO":"https://www.comune.roma.it/web-resources/cms/documents/00298_01DE040_00rugantinoacoloristradascolasticaviarugantinoa.m.i.comodv.pdf","PROPONENTE":"A.M.I.COM ODV (Comitato dei Genitori I.C. Antonio Montinaro)","RETE PROPONENTI":"Rizzo Paola","N_ RACCOLTA FIRME":"","COFINANZIAMENTI":"","SUPPORTI POSSIBILI":"","SUPPORTI SENZA LETTERA":"","Supporto 1":"Free Mind ASD","Supporto 2":"De Bianchi Judo Team","Supporto 3":"E’ Tutta Scena APS","Supporto 4":"Città Metropolitana di Roma Capitale (vicesindaco metropolitano Pierluigi Sanna)","Supporto 5":"Mercato TorreSpaccata II","Supporto 6":"Salvaiciclisti Roma","Supporto 7":"Streets For Kids","Supporto 8":"Comici Camici Cooperativa sociale","Supporto 9":"Studenti dell’Istituto Rugantino 91 delle scuole medie","Supporto 10":"","Supporto 11":"","Supporto 12":"","Supporto 13":"","Supporto 14":"","Supporto 15":"","Supporto 16":"","Supporto 17":"","Supporto 18":"","Supporto 19":"","Supporto 20":"","Supporto 21":"","Supporto 22":"","Supporto 23":"","Supporto 24":"","Supporto 25":"","Supporto 26":"","Supporto 27":"","Supporto 28":"","Supporto 29":"","Supporto 30":"","Supporto 31":"","Supporto 32":"","Supporto 33":"","Supporto 34":"","Supporto 35":"","":null,"vuln_val":0.263,"vuln_cl":7,"hm30_val":0.57704401016235352,"hm30_cl":9},"geometry":{"type":"Point","coordinates":[12.58117,41.863544]}},
{"type":"Feature","properties":{"ID*":"299","AREA INTERVENTO":"Largo Tacchi Venturi","MUNICIPIO":"Municipio 07","QUARTIERE":"Appio Latino - Alberone","TIPOLOGIA INTERVENTO":"Nuove piazze e strade scolastiche: pedonalizzazione o nell’ampliamento degli spazi pedonali dell'area antistante l'edificio scolastico, con interdizione del transito e della sosta veicolare e la messa in sicurezza dei percorsi che consentono l’accesso alla scuola stessa.","COLORE":"#AFD3A5","TITOLO":"Tacchi Venturi Piazza Scolastica","LINK PROGETTO":"https://www.comune.roma.it/web-resources/cms/documents/00299_01DE040_00spaziacolorischededescrittiveproposta.pdf","PROPONENTE":"Loreto Valente (Fondazione Michele Scarponi ETS)","RETE PROPONENTI":"","N_ RACCOLTA FIRME":"","COFINANZIAMENTI":"","SUPPORTI POSSIBILI":"","SUPPORTI SENZA LETTERA":"ETS Humus Caffarella; Associazione 303 - Bike To Work e Bike To School, Fondazione Michele Scarponi ","Supporto 1":"Istituto Comprensivo Mommsen","Supporto 2":"Parrocchia San Giuda Taddeo","Supporto 3":"Streets For Kids","Supporto 4":"Mister Bike (attività commerciale)","Supporto 5":"CdQ Appio Alberone","Supporto 6":"Giovanni Cancelliere","Supporto 7":"","Supporto 8":"","Supporto 9":"","Supporto 10":"","Supporto 11":"","Supporto 12":"","Supporto 13":"","Supporto 14":"","Supporto 15":"","Supporto 16":"","Supporto 17":"","Supporto 18":"","Supporto 19":"","Supporto 20":"","Supporto 21":"","Supporto 22":"","Supporto 23":"","Supporto 24":"","Supporto 25":"","Supporto 26":"","Supporto 27":"","Supporto 28":"","Supporto 29":"","Supporto 30":"","Supporto 31":"","Supporto 32":"","Supporto 33":"","Supporto 34":"","Supporto 35":"","":null,"vuln_val":null,"vuln_cl":null,"hm30_val":0.74069672822952271,"hm30_cl":10},"geometry":{"type":"Point","coordinates":[12.526184,41.867563]}},
{"type":"Feature","properties":{"ID*":"309","AREA INTERVENTO":"Via Cilicia (Percorso pedonale che conduce a Via Appia Antica)","MUNICIPIO":"Municipio 07","QUARTIERE":"Appio S. Giovanni ","TIPOLOGIA INTERVENTO":"Attivazione di spazi pubblici sottoutilizzati: rigenerazione e rifunzionalizzazione di spazi pedonali privi di funzione o sottoutilizzati.","COLORE":"#EFA3DF","TITOLO":"/","LINK PROGETTO":"https://www.comune.roma.it/web-resources/cms/documents/00309_01DE040_00spaziacolorischededescrittivepropostadef.pdf","PROPONENTE":"Sabbatini Alessandra","RETE PROPONENTI":"","N_ RACCOLTA FIRME":"","COFINANZIAMENTI":"","SUPPORTI POSSIBILI":"Gestori del chiosco-bar o INFO point","SUPPORTI SENZA LETTERA":"Abitanti, Associazione culturale con sede in Via appia Antica, il Gruppo Storico Romano, Roma Sotterranea\n","Supporto 1":"","Supporto 2":"","Supporto 3":"","Supporto 4":"","Supporto 5":"","Supporto 6":"","Supporto 7":"","Supporto 8":"","Supporto 9":"","Supporto 10":"","Supporto 11":"","Supporto 12":"","Supporto 13":"","Supporto 14":"","Supporto 15":"","Supporto 16":"","Supporto 17":"","Supporto 18":"","Supporto 19":"","Supporto 20":"","Supporto 21":"","Supporto 22":"","Supporto 23":"","Supporto 24":"","Supporto 25":"","Supporto 26":"","Supporto 27":"","Supporto 28":"","Supporto 29":"","Supporto 30":"","Supporto 31":"","Supporto 32":"","Supporto 33":"","Supporto 34":"","Supporto 35":"","":null,"vuln_val":0.142,"vuln_cl":1,"hm30_val":0.2217133641242981,"hm30_cl":3},"geometry":{"type":"Point","coordinates":[12.502843,41.871458]}},
{"type":"Feature","properties":{"ID*":"324","AREA INTERVENTO":"Via Amantea 1 e Via del Calice 34 (I.C. Via del Calice), Via Amantea 51","MUNICIPIO":"Municipio 07","QUARTIERE":"Statuario - Capannelle","TIPOLOGIA INTERVENTO":"Estensione e messa in sicurezza degli spazi pedonali: allargamento di marciapiedi (\"orecchie\" agli incroci), messa in sicurezza di attraversamenti scolastici.","COLORE":"#BAD8D4","TITOLO":"Fare comunità Restituire colore","LINK PROGETTO":"https://www.comune.roma.it/web-resources/cms/documents/00324_01DE040_00progettoultimocalicespaziacolori.pdf","PROPONENTE":"CdQ Statuario - Capannelle","RETE PROPONENTI":"Sferrazza Luca, Chimienti Clara, Maggio Mario, ","N_ RACCOLTA FIRME":"16","COFINANZIAMENTI":"","SUPPORTI POSSIBILI":"","SUPPORTI SENZA LETTERA":"","Supporto 1":"Raccolta firme (n. 16, comitato informale rapp. Classe Via Amantea e Via del Calice con ","Supporto 2":"Associazione Oasi di Fido","Supporto 3":"","Supporto 4":"","Supporto 5":"","Supporto 6":"","Supporto 7":"","Supporto 8":"","Supporto 9":"","Supporto 10":"","Supporto 11":"","Supporto 12":"","Supporto 13":"","Supporto 14":"","Supporto 15":"","Supporto 16":"","Supporto 17":"","Supporto 18":"","Supporto 19":"","Supporto 20":"","Supporto 21":"","Supporto 22":"","Supporto 23":"","Supporto 24":"","Supporto 25":"","Supporto 26":"","Supporto 27":"","Supporto 28":"","Supporto 29":"","Supporto 30":"","Supporto 31":"","Supporto 32":"","Supporto 33":"","Supporto 34":"","Supporto 35":"","":null,"vuln_val":0.169,"vuln_cl":2,"hm30_val":0.4701240062713623,"hm30_cl":7},"geometry":{"type":"Point","coordinates":[12.557074,41.838505]}},
{"type":"Feature","properties":{"ID*":"340","AREA INTERVENTO":"Viale Metronio (fronte IIS Confalonieri De Chirico )","MUNICIPIO":"Municipio 07","QUARTIERE":"Appio S. Giovanni ","TIPOLOGIA INTERVENTO":"Nuovi spazi pubblici adiacenti a presidi sociali e culturali: interventi di arredo e trasformazione degli spazi esterni adiacenti a edifici di interesse pubblico e culturale.","COLORE":"#D3D0A5","TITOLO":"La piazza che non c’è","LINK PROGETTO":"https://www.comune.roma.it/web-resources/cms/documents/00340_01DE040_00cmlspaziacolorilapiazzachenonce.pdf","PROPONENTE":"Comitato Mura Latine, ALPAPS","RETE PROPONENTI":"Benotti Daniele","N_ RACCOLTA FIRME":"","COFINANZIAMENTI":"","SUPPORTI POSSIBILI":"","SUPPORTI SENZA LETTERA":"","Supporto 1":"Municipio 07","Supporto 2":"Associazione 303","Supporto 3":"Assciazione Genitori Giardinieri","Supporto 4":"AGESCI Gruppo Roma 113 AP","Supporto 5":"A.N.I.T.A. Garibaldi APS","Supporto 6":"Associazione Doposquola APS","Supporto 7":"Associazione Comitato Genitori Manzoni\nPascoli","Supporto 8":"A.S. Dilettantistica King Pong","Supporto 9":"Retake Roma – Appio Latino - Tuscolano","Supporto 10":"Streets For Kids","Supporto 11":"Salvaiciclisti Roma ","Supporto 12":"","Supporto 13":"","Supporto 14":"","Supporto 15":"","Supporto 16":"","Supporto 17":"","Supporto 18":"","Supporto 19":"","Supporto 20":"","Supporto 21":"","Supporto 22":"","Supporto 23":"","Supporto 24":"","Supporto 25":"","Supporto 26":"","Supporto 27":"","Supporto 28":"","Supporto 29":"","Supporto 30":"","Supporto 31":"","Supporto 32":"","Supporto 33":"","Supporto 34":"","Supporto 35":"","":null,"vuln_val":null,"vuln_cl":null,"hm30_val":0.60521173477172852,"hm30_cl":9},"geometry":{"type":"Point","coordinates":[12.50179,41.878694]}},
{"type":"Feature","properties":{"ID*":"349","AREA INTERVENTO":"Via Alessandro della Seta 40 ","MUNICIPIO":"Municipio 07","QUARTIERE":"Gregna Sant'Andrea","TIPOLOGIA INTERVENTO":"Nuovi spazi pubblici adiacenti a presidi sociali e culturali: interventi di arredo e trasformazione degli spazi esterni adiacenti a edifici di interesse pubblico e culturale.","COLORE":"#D3D0A5","TITOLO":"Coloriamo gregna ","LINK PROGETTO":"https://www.comune.roma.it/web-resources/cms/documents/00349_01DE040_00spaziacoloripropostagregnasantandrea.pdf","PROPONENTE":"Comitato di quartiere gregna Sant'Andrea ","RETE PROPONENTI":"Liberati Katia","N_ RACCOLTA FIRME":"","COFINANZIAMENTI":"","SUPPORTI POSSIBILI":"","SUPPORTI SENZA LETTERA":"","Supporto 1":"Municipio 07 ","Supporto 2":"Rete Comitati di quartiere  VII Municipio ","Supporto 3":"","Supporto 4":"","Supporto 5":"","Supporto 6":"","Supporto 7":"","Supporto 8":"","Supporto 9":"","Supporto 10":"","Supporto 11":"","Supporto 12":"","Supporto 13":"","Supporto 14":"","Supporto 15":"","Supporto 16":"","Supporto 17":"","Supporto 18":"","Supporto 19":"","Supporto 20":"","Supporto 21":"","Supporto 22":"","Supporto 23":"","Supporto 24":"","Supporto 25":"","Supporto 26":"","Supporto 27":"","Supporto 28":"","Supporto 29":"","Supporto 30":"","Supporto 31":"","Supporto 32":"","Supporto 33":"","Supporto 34":"","Supporto 35":"","":null,"vuln_val":0.273,"vuln_cl":8,"hm30_val":0.65584719181060791,"hm30_cl":9},"geometry":{"type":"Point","coordinates":[12.587179,41.827308]}},
{"type":"Feature","properties":{"ID*":"351","AREA INTERVENTO":"Piazza Ragusa","MUNICIPIO":"Municipio 07","QUARTIERE":"Tuscolano","TIPOLOGIA INTERVENTO":"Nuove piazze di quartiere: pedonalizzazione di aree destinate alla sosta/spostamento di veicoli, tramite interventi leggeri e reversibili.","COLORE":"#7BCBFD","TITOLO":"Piazza Ragusa open square ","LINK PROGETTO":"https://www.comune.roma.it/web-resources/cms/documents/00351_01DE040_00spaziacoloripiazzaragusaopensquarecompressed.pdf","PROPONENTE":"Comitato di quartiere Tuscolano Villa Fiorelli - Museo nomade ","RETE PROPONENTI":"Tomassi Maria  Rosaria, Parca Sergio, De Luca Roberto, Lo Giudice Emmanuele, Orlandino Floriana, Munteanu Rebeca Elena","N_ RACCOLTA FIRME":"","COFINANZIAMENTI":"","SUPPORTI POSSIBILI":"","SUPPORTI SENZA LETTERA":"","Supporto 1":"Municipio 07 ","Supporto 2":"Rete Comitati di quartiere  VII Municipio ","Supporto 3":"Aps Villa Fiorelli ","Supporto 4":"Aps URBAN Experience ","Supporto 5":"Artemarcia SAS ","Supporto 6":"Urbis next gen ETS","Supporto 7":"Duofin art SRL (Accademia delle Arti e Nuove Tecnologie)","Supporto 8":"Istituto paritario Antonio Maria Gianelli ","Supporto 9":"Asd Roma scacchi ","Supporto 10":"Farmacia Villa Fiorelli ","Supporto 11":"Asd fight fitness ","Supporto 12":"Immobiliare Villa Fiorelli Re di Roma srl","Supporto 13":"Enoteca Corsetti","Supporto 14":"C.R.T. Centro Ricambi","Supporto 15":"Autoscuola Angelozzi Barbara ","Supporto 16":"Agenzia immobiliare MT Commercial srl","Supporto 17":"Verdeggiando","Supporto 18":"Ottica Ragusa","Supporto 19":"Accademia di Belle Arti di Roma","Supporto 20":"Benvenuti al sud 2,0 srls","Supporto 21":"Jigger Srls","Supporto 22":"I sapori viaggiano nel tempo","Supporto 23":"IED-Istituto Europeo Design","Supporto 24":"","Supporto 25":"","Supporto 26":"","Supporto 27":"","Supporto 28":"","Supporto 29":"","Supporto 30":"","Supporto 31":"","Supporto 32":"","Supporto 33":"","Supporto 34":"","Supporto 35":"","":null,"vuln_val":0.299,"vuln_cl":9,"hm30_val":0.32774019241333008,"hm30_cl":5},"geometry":{"type":"Point","coordinates":[12.523193,41.881629]}},
{"type":"Feature","properties":{"ID*":"358","AREA INTERVENTO":"Piazza Tarquinia ","MUNICIPIO":"Municipio 07","QUARTIERE":"Appio S. Giovanni","TIPOLOGIA INTERVENTO":"Nuove piazze e strade scolastiche: pedonalizzazione o nell’ampliamento degli spazi pedonali dell'area antistante l'edificio scolastico, con interdizione del transito e della sosta veicolare e la messa in sicurezza dei percorsi che consentono l’accesso alla scuola stessa.","COLORE":"#AFD3A5","TITOLO":"Piazza Tarquinia ","LINK PROGETTO":"https://www.comune.roma.it/web-resources/cms/documents/00358_01DE040_00spaziacoloripiazzatarquinia.pdf","PROPONENTE":"A.N.I.T.A. Garibaldi APS","RETE PROPONENTI":"Melot Elise, Vecci Federica, Pompili Simona","N_ RACCOLTA FIRME":"20","COFINANZIAMENTI":"","SUPPORTI POSSIBILI":"","SUPPORTI SENZA LETTERA":"","Supporto 1":"Municipio 07 ","Supporto 2":"Istituto comprensivo statale via Ceneda ","Supporto 3":"Comitato genitori IC Ceneda ","Supporto 4":"Movimento diritti dei pedoni Aps ","Supporto 5":"ReBike ALTERmobility – A.P.S","Supporto 6":"Salvaiciclisti Roma ","Supporto 7":"Streets For Kids ","Supporto 8":"Urbis next generation ETS ","Supporto 9":"Vittoria Volpi (Condominio piazza Tuscolo 5)","Supporto 10":"Raccolta firma Condominio piazza Tuscolo 5 (n. 20)","Supporto 11":"Associazione AllargoPannonia (ALP) APS","Supporto 12":"AGENDA – Associazione GENitori Di Allunnə Istituto Mastroianni APS","Supporto 13":"Retake Appio Latino –\nTuscolano","Supporto 14":"","Supporto 15":"","Supporto 16":"","Supporto 17":"","Supporto 18":"","Supporto 19":"","Supporto 20":"","Supporto 21":"","Supporto 22":"","Supporto 23":"","Supporto 24":"","Supporto 25":"","Supporto 26":"","Supporto 27":"","Supporto 28":"","Supporto 29":"","Supporto 30":"","Supporto 31":"","Supporto 32":"","Supporto 33":"","Supporto 34":"","Supporto 35":"","":null,"vuln_val":0.222,"vuln_cl":5,"hm30_val":0.86850732564926147,"hm30_cl":11},"geometry":{"type":"Point","coordinates":[12.509863,41.881019]}},
{"type":"Feature","properties":{"ID*":"362","AREA INTERVENTO":"Viale Castrense 50","MUNICIPIO":"Municipio 07","QUARTIERE":"Tuscolano","TIPOLOGIA INTERVENTO":"Nuove piazze e strade scolastiche: pedonalizzazione o nell’ampliamento degli spazi pedonali dell'area antistante l'edificio scolastico, con interdizione del transito e della sosta veicolare e la messa in sicurezza dei percorsi che consentono l’accesso alla scuola stessa.","COLORE":"#AFD3A5","TITOLO":"Viale Castrense differente ","LINK PROGETTO":"https://www.comune.roma.it/web-resources/cms/documents/00362_01DE040_00spaziacolorischededescrittivedellapropostavialecastrensedifferente_.pdf","PROPONENTE":"AGENDA APS–Associazione GENitori Di  Alunnə dell’Istituto Marcello Mastroianni","RETE PROPONENTI":"Aversa Francesca, Erica Innisi","N_ RACCOLTA FIRME":"","COFINANZIAMENTI":"","SUPPORTI POSSIBILI":"","SUPPORTI SENZA LETTERA":"","Supporto 1":"Municipio 07 ","Supporto 2":"Istituto comprensivo Marcello Mastroianni ","Supporto 3":"Streets For Kids ","Supporto 4":"Italia impossibile Aps ","Supporto 5":"Associazione 303 ","Supporto 6":"Associazione Villa Fiorelli ","Supporto 7":"Associazione sportiva dilettantistica i Lazzaroni ","Supporto 8":"A.N.I.T.A. Garibaldi APS","Supporto 9":"Ulderico Sconci (Autore podcast Roma capita)","Supporto 10":"Alice Marra (artista)","Supporto 11":"","Supporto 12":"","Supporto 13":"","Supporto 14":"","Supporto 15":"","Supporto 16":"","Supporto 17":"","Supporto 18":"","Supporto 19":"","Supporto 20":"","Supporto 21":"","Supporto 22":"","Supporto 23":"","Supporto 24":"","Supporto 25":"","Supporto 26":"","Supporto 27":"","Supporto 28":"","Supporto 29":"","Supporto 30":"","Supporto 31":"","Supporto 32":"","Supporto 33":"","Supporto 34":"","Supporto 35":"","":null,"vuln_val":0.325,"vuln_cl":10,"hm30_val":0.70311450958251953,"hm30_cl":10},"geometry":{"type":"Point","coordinates":[12.5165,41.8872]}},
{"type":"Feature","properties":{"ID*":"367","AREA INTERVENTO":"Via Vetulonia, Via Lusitania, Via Populonia","MUNICIPIO":"Municipio 07","QUARTIERE":"Appio S. Giovanni","TIPOLOGIA INTERVENTO":"Nuove piazze e strade scolastiche: pedonalizzazione o nell’ampliamento degli spazi pedonali dell'area antistante l'edificio scolastico, con interdizione del transito e della sosta veicolare e la messa in sicurezza dei percorsi che consentono l’accesso alla scuola stessa.","COLORE":"#AFD3A5","TITOLO":"Fuori di Corte ","LINK PROGETTO":"https://www.comune.roma.it/web-resources/cms/documents/00367_01DE040_00spaziacoloriviavetulonia.pdf","PROPONENTE":"Comitato mura latine ","RETE PROPONENTI":"Benotti Daniele","N_ RACCOLTA FIRME":"","COFINANZIAMENTI":"","SUPPORTI POSSIBILI":"","SUPPORTI SENZA LETTERA":"","Supporto 1":"Municipio 07 ","Supporto 2":"Comitato genitori Manzoni Pascoli ","Supporto 3":"AGESCI Gruppo Roma 113 APS","Supporto 4":"Associazione educativa pedagogica Petrarca ","Supporto 5":"Associazione Allargo Pannonia ","Supporto 6":"A.N.I.T.A. Garibaldi APS","Supporto 7":"Doposquola Aps ","Supporto 8":"Istituto comprensivo statale Alessandro Manzoni ","Supporto 9":"Streets For Kids","Supporto 10":"Salvaiciclisti Roma ","Supporto 11":"","Supporto 12":"","Supporto 13":"","Supporto 14":"","Supporto 15":"","Supporto 16":"","Supporto 17":"","Supporto 18":"","Supporto 19":"","Supporto 20":"","Supporto 21":"","Supporto 22":"","Supporto 23":"","Supporto 24":"","Supporto 25":"","Supporto 26":"","Supporto 27":"","Supporto 28":"","Supporto 29":"","Supporto 30":"","Supporto 31":"","Supporto 32":"","Supporto 33":"","Supporto 34":"","Supporto 35":"","":null,"vuln_val":0.244,"vuln_cl":6,"hm30_val":0.6983036994934082,"hm30_cl":10},"geometry":{"type":"Point","coordinates":[12.504881,41.876446]}},
{"type":"Feature","properties":{"ID*":"376","AREA INTERVENTO":"Via Biagio Petrocelli (di fronte Parco dei Tricicli)","MUNICIPIO":"Municipio 07","QUARTIERE":"Nuova Romanina","TIPOLOGIA INTERVENTO":"Nuovi spazi pubblici adiacenti a presidi sociali e culturali: interventi di arredo e trasformazione degli spazi esterni adiacenti a edifici di interesse pubblico e culturale.","COLORE":"#D3D0A5","TITOLO":"Frammenti di bellezza ","LINK PROGETTO":"https://www.comune.roma.it/web-resources/cms/documents/00376_01DE040_00spaziacolorischededescrittiveproposta.pdf","PROPONENTE":"Comitato genitori Raffaello SiAmo VII","RETE PROPONENTI":"Rossi Vanessa, Di Lorenzo Pamela","N_ RACCOLTA FIRME":"","COFINANZIAMENTI":"","SUPPORTI POSSIBILI":"","SUPPORTI SENZA LETTERA":"","Supporto 1":"","Supporto 2":"","Supporto 3":"","Supporto 4":"","Supporto 5":"","Supporto 6":"","Supporto 7":"","Supporto 8":"","Supporto 9":"","Supporto 10":"","Supporto 11":"","Supporto 12":"","Supporto 13":"","Supporto 14":"","Supporto 15":"","Supporto 16":"","Supporto 17":"","Supporto 18":"","Supporto 19":"","Supporto 20":"","Supporto 21":"","Supporto 22":"","Supporto 23":"","Supporto 24":"","Supporto 25":"","Supporto 26":"","Supporto 27":"","Supporto 28":"","Supporto 29":"","Supporto 30":"","Supporto 31":"","Supporto 32":"","Supporto 33":"","Supporto 34":"","Supporto 35":"","":null,"vuln_val":null,"vuln_cl":null,"hm30_val":0.73888671398162842,"hm30_cl":10},"geometry":{"type":"Point","coordinates":[12.608348,41.839043]}},
{"type":"Feature","properties":{"ID*":"389","AREA INTERVENTO":"Via Latina 303 (tratto antistante l’ingresso dell’IC Gino Strada – Plesso Ada Negri)","MUNICIPIO":"Municipio 07","QUARTIERE":"Appio Latino - Alberone","TIPOLOGIA INTERVENTO":"Nuove piazze e strade scolastiche: pedonalizzazione o nell’ampliamento degli spazi pedonali dell'area antistante l'edificio scolastico, con interdizione del transito e della sosta veicolare e la messa in sicurezza dei percorsi che consentono l’accesso alla scuola stessa.","COLORE":"#AFD3A5","TITOLO":"Spazi che uniscono: una strada una piazza","LINK PROGETTO":"https://www.comune.roma.it/web-resources/cms/documents/00389_01DE040_00ginostradaspazicheunisconounastradaunapiazzacopia.pdf","PROPONENTE":"Associazione 303","RETE PROPONENTI":"Fusacchia Maria Elena","N_ RACCOLTA FIRME":"","COFINANZIAMENTI":"","SUPPORTI POSSIBILI":"","SUPPORTI SENZA LETTERA":"","Supporto 1":"Municipio 07","Supporto 2":"Presidente del Consiglio d’Istituto dell’I.C. Gino Strada","Supporto 3":"Comitato per il\nParco della Caffarella ODV","Supporto 4":"Associazione HumusETS","Supporto 5":"Streets For Kids","Supporto 6":"CdQ Appio Alberone","Supporto 7":"Percorsi Atletica","Supporto 8":"VediRomaInBici","Supporto 9":"","Supporto 10":"","Supporto 11":"","Supporto 12":"","Supporto 13":"","Supporto 14":"","Supporto 15":"","Supporto 16":"","Supporto 17":"","Supporto 18":"","Supporto 19":"","Supporto 20":"","Supporto 21":"","Supporto 22":"","Supporto 23":"","Supporto 24":"","Supporto 25":"","Supporto 26":"","Supporto 27":"","Supporto 28":"","Supporto 29":"","Supporto 30":"","Supporto 31":"","Supporto 32":"","Supporto 33":"","Supporto 34":"","Supporto 35":"","":null,"vuln_val":0.239,"vuln_cl":6,"hm30_val":0.33073890209197998,"hm30_cl":5},"geometry":{"type":"Point","coordinates":[12.521888,41.869482]}},
{"type":"Feature","properties":{"ID*":"396","AREA INTERVENTO":"Piazza di Santa Maria Ausiliatrice, Via Tuscolana, Largo Volumnia, Via Delle Cave, Via Amulio","MUNICIPIO":"Municipio 07","QUARTIERE":"Furio Camillo - Colli Albani - Mandrione","TIPOLOGIA INTERVENTO":"Attivazione di spazi pubblici sottoutilizzati: rigenerazione e rifunzionalizzazione di spazi pedonali privi di funzione o sottoutilizzati.","COLORE":"#EFA3DF","TITOLO":"Scacco Matto","LINK PROGETTO":"https://www.comune.roma.it/web-resources/cms/documents/00396_ScaccoMatto.pdf","PROPONENTE":"Arch Martina Di Egidio - Francesca Romana Poerio","RETE PROPONENTI":"","N_ RACCOLTA FIRME":"","COFINANZIAMENTI":"","SUPPORTI POSSIBILI":"","SUPPORTI SENZA LETTERA":"","Supporto 1":"","Supporto 2":"","Supporto 3":"","Supporto 4":"","Supporto 5":"","Supporto 6":"","Supporto 7":"","Supporto 8":"","Supporto 9":"","Supporto 10":"","Supporto 11":"","Supporto 12":"","Supporto 13":"","Supporto 14":"","Supporto 15":"","Supporto 16":"","Supporto 17":"","Supporto 18":"","Supporto 19":"","Supporto 20":"","Supporto 21":"","Supporto 22":"","Supporto 23":"","Supporto 24":"","Supporto 25":"","Supporto 26":"","Supporto 27":"","Supporto 28":"","Supporto 29":"","Supporto 30":"","Supporto 31":"","Supporto 32":"","Supporto 33":"","Supporto 34":"","Supporto 35":"","":null,"vuln_val":0.295,"vuln_cl":9,"hm30_val":0.78946518898010254,"hm30_cl":11},"geometry":{"type":"Point","coordinates":[12.530555,41.873396]}},
{"type":"Feature","properties":{"ID*":"399","AREA INTERVENTO":"Via Lemonia 226-242 (tratto antistante i Plessi Infanzia e Primaria Dell’I.C. Parco degli Acquedotti)","MUNICIPIO":"Municipio 07","QUARTIERE":"Appio Claudio","TIPOLOGIA INTERVENTO":"Nuove piazze e strade scolastiche: pedonalizzazione o nell’ampliamento degli spazi pedonali dell'area antistante l'edificio scolastico, con interdizione del transito e della sosta veicolare e la messa in sicurezza dei percorsi che consentono l’accesso alla scuola stessa.","COLORE":"#AFD3A5","TITOLO":"Fammi Spazio","LINK PROGETTO":"https://www.comune.roma.it/web-resources/cms/documents/00399_01DE040_00spaziacolorifammispazioagac.pdf","PROPONENTE":"Associazione Genitori Appio Claudio\nMunicipio VII – Via Lemonia","RETE PROPONENTI":"Paolini Cristiano, Antonaci Elisa, Caiola Bianca Maria, Scarcella Alessandra, Carnevale Alessandra, Palmaccio Jessica, Masina Claudia, Worms Malica","N_ RACCOLTA FIRME":"","COFINANZIAMENTI":"","SUPPORTI POSSIBILI":"","SUPPORTI SENZA LETTERA":"","Supporto 1":"Municipio 07","Supporto 2":"Rete Territoriale Cinecittà Bene Comune","Supporto 3":"Libreria Tre Libretti sul Comò","Supporto 4":"Menabò di Angela Caldarulo","Supporto 5":"AC \"La Barchetta\"","Supporto 6":"","Supporto 7":"","Supporto 8":"","Supporto 9":"","Supporto 10":"","Supporto 11":"","Supporto 12":"","Supporto 13":"","Supporto 14":"","Supporto 15":"","Supporto 16":"","Supporto 17":"","Supporto 18":"","Supporto 19":"","Supporto 20":"","Supporto 21":"","Supporto 22":"","Supporto 23":"","Supporto 24":"","Supporto 25":"","Supporto 26":"","Supporto 27":"","Supporto 28":"","Supporto 29":"","Supporto 30":"","Supporto 31":"","Supporto 32":"","Supporto 33":"","Supporto 34":"","Supporto 35":"","":null,"vuln_val":0.101,"vuln_cl":1,"hm30_val":0.18168699741363525,"hm30_cl":2},"geometry":{"type":"Point","coordinates":[12.56096,41.850367]}},
{"type":"Feature","properties":{"ID*":"400","AREA INTERVENTO":"Via Lemonia 226-242 (tratto antistante i Plessi Infanzia e Primaria Dell’I.C. Parco degli Acquedotti)","MUNICIPIO":"Municipio 07","QUARTIERE":"Appio Claudio","TIPOLOGIA INTERVENTO":"Estensione e messa in sicurezza degli spazi pedonali: allargamento di marciapiedi (\"orecchie\" agli incroci), messa in sicurezza di attraversamenti scolastici.","COLORE":"#BAD8D4","TITOLO":"A ognuno il suo posto","LINK PROGETTO":"https://www.comune.roma.it/web-resources/cms/documents/00400_01DE040_00spaziacoloriognunosuopostoagac.pdf","PROPONENTE":"Associazione Genitori Appio Claudio\nMunicipio VII – Via Lemonia","RETE PROPONENTI":"Paolini Cristiano, Antonaci Elisa, Caiola Bianca Maria, Scarcella Alessandra, Carnevale Alessandra, Palmaccio Jessica, Masina Claudia, Worms Malica","N_ RACCOLTA FIRME":"","COFINANZIAMENTI":"","SUPPORTI POSSIBILI":"","SUPPORTI SENZA LETTERA":"","Supporto 1":"Municipio 07","Supporto 2":"Rete Territoriale Cinecittà Bene Comune","Supporto 3":"Libreria Tre Libretti sul Comò","Supporto 4":"Menabò di Angela Caldarulo","Supporto 5":"AC \"La Barchetta\"","Supporto 6":"","Supporto 7":"","Supporto 8":"","Supporto 9":"","Supporto 10":"","Supporto 11":"","Supporto 12":"","Supporto 13":"","Supporto 14":"","Supporto 15":"","Supporto 16":"","Supporto 17":"","Supporto 18":"","Supporto 19":"","Supporto 20":"","Supporto 21":"","Supporto 22":"","Supporto 23":"","Supporto 24":"","Supporto 25":"","Supporto 26":"","Supporto 27":"","Supporto 28":"","Supporto 29":"","Supporto 30":"","Supporto 31":"","Supporto 32":"","Supporto 33":"","Supporto 34":"","Supporto 35":"","":null,"vuln_val":0.101,"vuln_cl":1,"hm30_val":0.27374023199081421,"hm30_cl":4},"geometry":{"type":"Point","coordinates":[12.561249,41.850063]}},
{"type":"Feature","properties":{"ID*":"401","AREA INTERVENTO":"Largo Alfonso Favino ","MUNICIPIO":"Municipio 07","QUARTIERE":"Romanina","TIPOLOGIA INTERVENTO":"Nuovi spazi pubblici adiacenti a presidi sociali e culturali: interventi di arredo e trasformazione degli spazi esterni adiacenti a edifici di interesse pubblico e culturale.","COLORE":"#D3D0A5","TITOLO":"Semi di memoria","LINK PROGETTO":"https://www.comune.roma.it/web-resources/cms/documents/00401_01DE040_00spaziacoloripropostalideadietrolangolo.pdf","PROPONENTE":"Libreria L'idea dietro l'angolo","RETE PROPONENTI":"Guglielmi Stefania","N_ RACCOLTA FIRME":"","COFINANZIAMENTI":"","SUPPORTI POSSIBILI":"\"La proposta punta a coinvolgere le realtà territoriali già presenti nell’area, a partire dalle famiglie, dall’asilo nido, dai residenti, dagli studenti universitari e dai commercianti della zona\"","SUPPORTI SENZA LETTERA":"","Supporto 1":"","Supporto 2":"","Supporto 3":"","Supporto 4":"","Supporto 5":"","Supporto 6":"","Supporto 7":"","Supporto 8":"","Supporto 9":"","Supporto 10":"","Supporto 11":"","Supporto 12":"","Supporto 13":"","Supporto 14":"","Supporto 15":"","Supporto 16":"","Supporto 17":"","Supporto 18":"","Supporto 19":"","Supporto 20":"","Supporto 21":"","Supporto 22":"","Supporto 23":"","Supporto 24":"","Supporto 25":"","Supporto 26":"","Supporto 27":"","Supporto 28":"","Supporto 29":"","Supporto 30":"","Supporto 31":"","Supporto 32":"","Supporto 33":"","Supporto 34":"","Supporto 35":"","":null,"vuln_val":0.26,"vuln_cl":7,"hm30_val":0.75987130403518677,"hm30_cl":11},"geometry":{"type":"Point","coordinates":[12.609002,41.840921]}},
{"type":"Feature","properties":{"ID*":"402","AREA INTERVENTO":"Via Rosa Raimondi Garibaldi,  via Rosa Guarnieri Carducci, controviale via Cristoforo Colombo (sistema di spazi pubblici attorno al Parco Garbatella)","MUNICIPIO":"Municipio 08","QUARTIERE":"Garbatella","TIPOLOGIA INTERVENTO":"Attivazione di spazi pubblici sottoutilizzati: rigenerazione e rifunzionalizzazione di spazi pedonali privi di funzione o sottoutilizzati.","COLORE":"#EFA3DF","TITOLO":"Trame Climatiche - Percorsi di mitigazione e socialità","LINK PROGETTO":"https://www.comune.roma.it/web-resources/cms/documents/00402_01DE040_00spaziacoloricompressed.pdf","PROPONENTE":"Circolo Legambiente Garbatella","RETE PROPONENTI":"Filicori Elena Natalia, D'Alessio Tommaso, Paudice Elena","N_ RACCOLTA FIRME":"","COFINANZIAMENTI":"","SUPPORTI POSSIBILI":"","SUPPORTI SENZA LETTERA":"","Supporto 1":"Orti Urbani Garbatella","Supporto 2":"AGS Mercato del Parco","Supporto 3":"Uno Holding Srl","Supporto 4":"Comitato Genitori IC Piazza Sauli","Supporto 5":"Condomini e residenti area Parco Garbatella, Via Guarnieri, Via Carducci","Supporto 6":"Associazione Territoriale Unsic di Roma","Supporto 7":"Bar Cipriani","Supporto 8":"Municipio 08","Supporto 9":"Ambulatorio veterinario Garbatella","Supporto 10":"RESPIRO – Rifugi Ecosostenibili e Spazi Pubblici Inclusivi per la Resilienza alle Ondate di Calore Urbano, sviluppato nell’ambito dei Progetti di Avvio alla Terza Missione 2024 della Sapienza Università di Roma","Supporto 11":"","Supporto 12":"","Supporto 13":"","Supporto 14":"","Supporto 15":"","Supporto 16":"","Supporto 17":"","Supporto 18":"","Supporto 19":"","Supporto 20":"","Supporto 21":"","Supporto 22":"","Supporto 23":"","Supporto 24":"","Supporto 25":"","Supporto 26":"","Supporto 27":"","Supporto 28":"","Supporto 29":"","Supporto 30":"","Supporto 31":"","Supporto 32":"","Supporto 33":"","Supporto 34":"","Supporto 35":"","":null,"vuln_val":0.261,"vuln_cl":7,"hm30_val":0.74761557579040527,"hm30_cl":11},"geometry":{"type":"Point","coordinates":[12.491749,41.856854]}},
{"type":"Feature","properties":{"ID*":"388","AREA INTERVENTO":"Via Alessandro Valignano 54 (spazio antistante Scuola primaria Aurelio Alonzi)","MUNICIPIO":"Municipio 08","QUARTIERE":"Garbatella","TIPOLOGIA INTERVENTO":"Nuove piazze e strade scolastiche: pedonalizzazione o nell’ampliamento degli spazi pedonali dell'area antistante l'edificio scolastico, con interdizione del transito e della sosta veicolare e la messa in sicurezza dei percorsi che consentono l’accesso alla scuola stessa.","COLORE":"#AFD3A5","TITOLO":"Stradabaleno Scuola Alonzi - Strade scolastiche arcobaleno per i tre plessi dell’IC Piazza Sauli","LINK PROGETTO":"https://www.comune.roma.it/web-resources/cms/documents/00388_01DE040_00stradabalenoscuolaalonzistradescolastichearcobalenoperitreplessidellicpiazzasauli.pdf","PROPONENTE":"Comitato genitori IC Piazza Sauli ","RETE PROPONENTI":"Falasca Federica, Pagliarulo Claudia, Pacifico Matteo","N_ RACCOLTA FIRME":"","COFINANZIAMENTI":"","SUPPORTI POSSIBILI":"","SUPPORTI SENZA LETTERA":"","Supporto 1":"Istituto Comprensivo Piazza Damiano Sauli ","Supporto 2":"Municipio 08 ","Supporto 3":"A.S.D.C.R. Sportlab APS","Supporto 4":"Streets For\nKids","Supporto 5":"SCOSSE - Soluzioni comunicative studio servizi editoriali APS","Supporto 6":"Salvaiciclisti Roma ","Supporto 7":"Libelà Aps ","Supporto 8":"ASD Hibiki Aikido Dojo","Supporto 9":"Legambiente - circolo Garbatella","Supporto 10":"APS Nessun Dorma","Supporto 11":"Libreria Eco di Fata","Supporto 12":"Movimento Diritti dei Pedoni APS","Supporto 13":"Scuola dell'Infanzia comunale Casa dei bimbi","Supporto 14":"Tra le Righe Associazione Culturale","Supporto 15":"Associazione ASPIC per la scuola","Supporto 16":"Genitori per la scuola - Associazione genitori scuole Municipio 08","Supporto 17":"","Supporto 18":"","Supporto 19":"","Supporto 20":"","Supporto 21":"","Supporto 22":"","Supporto 23":"","Supporto 24":"","Supporto 25":"","Supporto 26":"","Supporto 27":"","Supporto 28":"","Supporto 29":"","Supporto 30":"","Supporto 31":"","Supporto 32":"","Supporto 33":"","Supporto 34":"","Supporto 35":"","":null,"vuln_val":0.162,"vuln_cl":2,"hm30_val":0.25285571813583374,"hm30_cl":4},"geometry":{"type":"Point","coordinates":[12.493891,41.865536]}},
{"type":"Feature","properties":{"ID*":"387","AREA INTERVENTO":"Via Alessandra Macinghi Strozzi (spazi pubblici antistanti IC Piazza Sauli - Plesso Macinghi - Strozzi)","MUNICIPIO":"Municipio 08","QUARTIERE":"Garbatella ","TIPOLOGIA INTERVENTO":"Estensione e messa in sicurezza degli spazi pedonali: allargamento di marciapiedi (\"orecchie\" agli incroci), messa in sicurezza di attraversamenti scolastici.","COLORE":"#BAD8D4","TITOLO":"Strada baleno scuola macinghi ","LINK PROGETTO":"https://www.comune.roma.it/web-resources/cms/documents/00387_01DE040_00stradabalenoscuolamacinghistradescolastichearcobalenoperitreplessidellicpiazzasauli.pdf","PROPONENTE":"Comitato genitori IC piazza Sauli ","RETE PROPONENTI":"Falasca Federica, Pagliarulo Claudia, Pacifico Matteo","N_ RACCOLTA FIRME":"","COFINANZIAMENTI":"","SUPPORTI POSSIBILI":"","SUPPORTI SENZA LETTERA":"","Supporto 1":"Istituto Comprensivo Piazza Damiano Sauli ","Supporto 2":"Municipio 08 ","Supporto 3":"A.S.D.C.R. Sportlab APS","Supporto 4":"Streets For\nKids","Supporto 5":"Scosse - Soluzioni comunicative studio servizi editoriali ","Supporto 6":"Salvaiciclisti Roma ","Supporto 7":"Libelà Aps ","Supporto 8":"ASD Hibiki Aikido Dojo","Supporto 9":"Legambiente - circolo Garbatella","Supporto 10":"APS Nessun Dorma","Supporto 11":"Libreria Eco di Fata","Supporto 12":"Movimento Diritti dei Pedoni APS","Supporto 13":"Scuola dell'Infanzia comunale Casa dei bimbi","Supporto 14":"Tra le Righe Associazione Culturale","Supporto 15":"Associazione ASPIC per la scuola","Supporto 16":"Genitori per la scuola - Associazione genitori scuole Municipio 08","Supporto 17":"","Supporto 18":"","Supporto 19":"","Supporto 20":"","Supporto 21":"","Supporto 22":"","Supporto 23":"","Supporto 24":"","Supporto 25":"","Supporto 26":"","Supporto 27":"","Supporto 28":"","Supporto 29":"","Supporto 30":"","Supporto 31":"","Supporto 32":"","Supporto 33":"","Supporto 34":"","Supporto 35":"","":null,"vuln_val":0.184,"vuln_cl":3,"hm30_val":0.77403140068054199,"hm30_cl":11},"geometry":{"type":"Point","coordinates":[12.48685,41.860575]}},
{"type":"Feature","properties":{"ID*":"382","AREA INTERVENTO":"Piazza Damiano Sauli","MUNICIPIO":"Municipio 08","QUARTIERE":"Garbatella","TIPOLOGIA INTERVENTO":"Nuove piazze e strade scolastiche: pedonalizzazione o nell’ampliamento degli spazi pedonali dell'area antistante l'edificio scolastico, con interdizione del transito e della sosta veicolare e la messa in sicurezza dei percorsi che consentono l’accesso alla scuola stessa.","COLORE":"#AFD3A5","TITOLO":"Stradabaleno scuola Battisti ","LINK PROGETTO":"https://www.comune.roma.it/web-resources/cms/documents/00382_01DE040_00stradabalenoscuolabattististradescolastichearcobalenoperitreplessidellicpiazzasauli.pdf","PROPONENTE":"Comitato genitori IC piazza Sauli ","RETE PROPONENTI":"Falasca Federica, Pagliarulo Claudia, Pacifico Matteo","N_ RACCOLTA FIRME":"","COFINANZIAMENTI":"","SUPPORTI POSSIBILI":"","SUPPORTI SENZA LETTERA":"","Supporto 1":"Istituto Comprensivo Piazza Damiano Sauli ","Supporto 2":"Municipio 08 ","Supporto 3":"A.S.D.C.R. Sportlab A.P.S. ","Supporto 4":"Streets For Kids ","Supporto 5":"Scosse - Soluzioni comunicative studio servizi editoriali ","Supporto 6":"Salvaiciclisti Roma ","Supporto 7":"Libelà Aps ","Supporto 8":"ASD Hibiki Aikido Dojo","Supporto 9":"Legambiente - circolo Garbatella","Supporto 10":"APS Nessun Dorma","Supporto 11":"Libreria Eco di Fata","Supporto 12":"Movimento Diritti dei Pedoni APS","Supporto 13":"Scuola dell'Infanzia comunale Casa dei bimbi","Supporto 14":"Tra le Righe Associazione Culturale","Supporto 15":"Associazione ASPIC per la Scuola","Supporto 16":"Genitori per la scuola-Associazione genitori scuole Municipio 08","Supporto 17":"","Supporto 18":"","Supporto 19":"","Supporto 20":"","Supporto 21":"","Supporto 22":"","Supporto 23":"","Supporto 24":"","Supporto 25":"","Supporto 26":"","Supporto 27":"","Supporto 28":"","Supporto 29":"","Supporto 30":"","Supporto 31":"","Supporto 32":"","Supporto 33":"","Supporto 34":"","Supporto 35":"","":null,"vuln_val":0.273,"vuln_cl":8,"hm30_val":0.79030376672744751,"hm30_cl":11},"geometry":{"type":"Point","coordinates":[12.488626,41.861631]}},
{"type":"Feature","properties":{"ID*":"378","AREA INTERVENTO":"Via Cornelio Magni (lo slargo alla fine della via, prima dello sbocco su Viale Cristoforo Colombo)","MUNICIPIO":"Municipio 08","QUARTIERE":"Ardeatino","TIPOLOGIA INTERVENTO":"Nuove piazze di quartiere: pedonalizzazione di aree destinate alla sosta/spostamento di veicoli, tramite interventi leggeri e reversibili.","COLORE":"#7BCBFD","TITOLO":"Pit Stop Colombo ","LINK PROGETTO":"https://www.comune.roma.it/web-resources/cms/documents/00378_01DE040_00spaziacoloripitstopcolombodiblasi.pdf","PROPONENTE":"Studio di Blasi ","RETE PROPONENTI":"Di Blasi Alberto, Di Blasi Giulia","N_ RACCOLTA FIRME":"","COFINANZIAMENTI":"","SUPPORTI POSSIBILI":"\nAttività commerciali e ristorazione: Eden Caffè S.r.l., Ristorante Cotto e Magnato, Il Gastronomo Posti, Pignoloni Arreda Roma Eur; Associazioni e reti territoriali: Associazione Parco Scott; Cicloturismo e ciclo-officine: Eco Bike S.r.l.; Esercizi commerciali limitrofi: Centro Estetico Les Chopar, Mille Bolle Bau Snc, Barbiere Vacchio Antonio, Tecnocasa Franchising S.p.A., Farmacia Moltedo","SUPPORTI SENZA LETTERA":"","Supporto 1":"Negozio bici bike is Good","Supporto 2":"Zimmaro Francesco (cittadino)","Supporto 3":"Margherita Guerra (cittadina)","Supporto 4":"Martina Rosa (cittadina)","Supporto 5":"Fatone Alice (cittadina)","Supporto 6":"Cristina Camelo (cittadina)","Supporto 7":"Silvia Carini (cittadina)","Supporto 8":"Carlo Amico di Meane (cittadino)","Supporto 9":"Francesco Di Blasi (cittadino)","Supporto 10":"Flaminia Gianicola (cittadina)","Supporto 11":"","Supporto 12":"","Supporto 13":"","Supporto 14":"","Supporto 15":"","Supporto 16":"","Supporto 17":"","Supporto 18":"","Supporto 19":"","Supporto 20":"","Supporto 21":"","Supporto 22":"","Supporto 23":"","Supporto 24":"","Supporto 25":"","Supporto 26":"","Supporto 27":"","Supporto 28":"","Supporto 29":"","Supporto 30":"","Supporto 31":"","Supporto 32":"","Supporto 33":"","Supporto 34":"","Supporto 35":"","":null,"vuln_val":0.184,"vuln_cl":3,"hm30_val":0.42101907730102539,"hm30_cl":7},"geometry":{"type":"Point","coordinates":[12.497849,41.86553]}},
{"type":"Feature","properties":{"ID*":"353","AREA INTERVENTO":"Via Duccio di Buoninsegna, Via del Serafico (porzione del Parco Gregorio Preti tra)","MUNICIPIO":"Municipio 08","QUARTIERE":"Ottavo Colle","TIPOLOGIA INTERVENTO":"Connessioni e percorsi di mobilità attiva: connessioni leggere per creare o ampliare itinerari continui, sicuri e accessibili per pedoni e ciclisti, agevolando i percorsi casa-scuola, l'accesso alle fermatedel trasporto pubblico locale o la connessione tra aree verdi o parchi.","COLORE":"#B3B7DF","TITOLO":"Recupero parco via Duccio di buoninsegna - Via del Serafico ","LINK PROGETTO":"https://www.comune.roma.it/web-resources/cms/documents/00353_01DE040_00spaziacolorischededescrittivedellapropostaparcobuoninsegnaserafico.pdf","PROPONENTE":"Pierluigi Frontoni, Gabriele Spadoni, Livia Geusa","RETE PROPONENTI":"","N_ RACCOLTA FIRME":"","COFINANZIAMENTI":"","SUPPORTI POSSIBILI":"","SUPPORTI SENZA LETTERA":"","Supporto 1":"Gruppo Retake Roma- Tintoretto, Tre Fontane, Ottavo Colle","Supporto 2":"","Supporto 3":"","Supporto 4":"","Supporto 5":"","Supporto 6":"","Supporto 7":"","Supporto 8":"","Supporto 9":"","Supporto 10":"","Supporto 11":"","Supporto 12":"","Supporto 13":"","Supporto 14":"","Supporto 15":"","Supporto 16":"","Supporto 17":"","Supporto 18":"","Supporto 19":"","Supporto 20":"","Supporto 21":"","Supporto 22":"","Supporto 23":"","Supporto 24":"","Supporto 25":"","Supporto 26":"","Supporto 27":"","Supporto 28":"","Supporto 29":"","Supporto 30":"","Supporto 31":"","Supporto 32":"","Supporto 33":"","Supporto 34":"","Supporto 35":"","":null,"vuln_val":0.154,"vuln_cl":2,"hm30_val":0.1702803373336792,"hm30_cl":2},"geometry":{"type":"Point","coordinates":[12.491533,41.830315]}},
{"type":"Feature","properties":{"ID*":"344","AREA INTERVENTO":"Viale Leonardo da Vinci, Largo Leonardo da Vinci, via Ostiense (ingressi Scuole Principe di Piemonte e Leonardo da Vinci [IC Padre Semeria] con sette percorsi tutelati per arrivarci)","MUNICIPIO":"Municipio 08","QUARTIERE":"San Paolo","TIPOLOGIA INTERVENTO":"Connessioni e percorsi di mobilità attiva: connessioni leggere per creare o ampliare itinerari continui, sicuri e accessibili per pedoni e ciclisti, agevolando i percorsi casa-scuola, l'accesso alle fermatedel trasporto pubblico locale o la connessione tra aree verdi o parchi.","COLORE":"#B3B7DF","TITOLO":"Ri-Cicliamo le nostre strade - Tuteliamo i nostri percorsi!","LINK PROGETTO":"https://www.comune.roma.it/web-resources/cms/documents/00344_01DE040_00spaziacoloriricicliamolenostrestradetuteliamoinostripercorsiproposta.pdf","PROPONENTE":"Scuolaliberatutti","RETE PROPONENTI":"Barca Valentina, Pagani Claudia, Delicio Michela, Maraviglia Elena, Boschetto Laura","N_ RACCOLTA FIRME":"","COFINANZIAMENTI":"","SUPPORTI POSSIBILI":"","SUPPORTI SENZA LETTERA":"","Supporto 1":"Municipio 08","Supporto 2":"Movimento diritti dei pedoni Aps ","Supporto 3":"Streets For Kids","Supporto 4":"Associazione orti urbani Garbatella ","Supporto 5":"IC Padre Semeria ","Supporto 6":"Comitato area verde largo Enea Bortolotti ","Supporto 7":"Le Bici ASD","Supporto 8":"","Supporto 9":"","Supporto 10":"","Supporto 11":"","Supporto 12":"","Supporto 13":"","Supporto 14":"","Supporto 15":"","Supporto 16":"","Supporto 17":"","Supporto 18":"","Supporto 19":"","Supporto 20":"","Supporto 21":"","Supporto 22":"","Supporto 23":"","Supporto 24":"","Supporto 25":"","Supporto 26":"","Supporto 27":"","Supporto 28":"","Supporto 29":"","Supporto 30":"","Supporto 31":"","Supporto 32":"","Supporto 33":"","Supporto 34":"","Supporto 35":"","":null,"vuln_val":0.184,"vuln_cl":3,"hm30_val":0.52787750959396362,"hm30_cl":8},"geometry":{"type":"Point","coordinates":[12.480745,41.857714]}},
{"type":"Feature","properties":{"ID*":"338","AREA INTERVENTO":"Via Luigi Lilio","MUNICIPIO":"Municipio 08","QUARTIERE":"Ottavo Colle","TIPOLOGIA INTERVENTO":"Attivazione di spazi pubblici sottoutilizzati: rigenerazione e rifunzionalizzazione di spazi pedonali privi di funzione o sottoutilizzati.","COLORE":"#EFA3DF","TITOLO":"Recupero square di via Luigi Lilio","LINK PROGETTO":"https://www.comune.roma.it/web-resources/cms/documents/00338_01DE040_00spaziacolorischededescrittivedellapropostavialuigililio.pdf","PROPONENTE":"Pierluigi Frontoni, Gabriele Spadoni, Livia Geusa","RETE PROPONENTI":"","N_ RACCOLTA FIRME":"","COFINANZIAMENTI":"","SUPPORTI POSSIBILI":"","SUPPORTI SENZA LETTERA":"","Supporto 1":"Gruppo Retake Roma- Tintoretto, Tre Fontane, Ottavo Colle","Supporto 2":"","Supporto 3":"","Supporto 4":"","Supporto 5":"","Supporto 6":"","Supporto 7":"","Supporto 8":"","Supporto 9":"","Supporto 10":"","Supporto 11":"","Supporto 12":"","Supporto 13":"","Supporto 14":"","Supporto 15":"","Supporto 16":"","Supporto 17":"","Supporto 18":"","Supporto 19":"","Supporto 20":"","Supporto 21":"","Supporto 22":"","Supporto 23":"","Supporto 24":"","Supporto 25":"","Supporto 26":"","Supporto 27":"","Supporto 28":"","Supporto 29":"","Supporto 30":"","Supporto 31":"","Supporto 32":"","Supporto 33":"","Supporto 34":"","Supporto 35":"","":null,"vuln_val":0.187,"vuln_cl":3,"hm30_val":0.6707230806350708,"hm30_cl":10},"geometry":{"type":"Point","coordinates":[12.481951,41.828276]}},
{"type":"Feature","properties":{"ID*":"337","AREA INTERVENTO":"Viale Leonardo Da Vinci 196, Via Gabriello Chiabrera 83-85 (vicolo tra) ","MUNICIPIO":"Municipio 08","QUARTIERE":"San Paolo","TIPOLOGIA INTERVENTO":"Attivazione di spazi pubblici sottoutilizzati: rigenerazione e rifunzionalizzazione di spazi pedonali privi di funzione o sottoutilizzati.","COLORE":"#EFA3DF","TITOLO":"Vicolo Colto","LINK PROGETTO":"https://www.comune.roma.it/web-resources/cms/documents/00337_01DE040_00spaziacolorivicolocolto.pdf","PROPONENTE":"Polimera APS, Città dell’Utopia / SCI\nItalia","RETE PROPONENTI":"D'Orazio Federico, Mele Sara, Bazzoli Luca, Costance Prieur","N_ RACCOLTA FIRME":"","COFINANZIAMENTI":"","SUPPORTI POSSIBILI":"Residenti, studenti, commercianti di prossimità, comitati informali, associazioni culturali e sociali, scuole e gruppi di cittadinanza attiva","SUPPORTI SENZA LETTERA":"","Supporto 1":"Università degli Studi Roma Tre, Dipartimento di Scienze Politiche","Supporto 2":"Municipio 08 (sostegno riferito per la partecipazione ad altro avviso pubblico)","Supporto 3":"Fondazione Charlemagne (eventuale cofinanziamento)","Supporto 4":"Servizio Civile Internazionale APS","Supporto 5":"","Supporto 6":"","Supporto 7":"","Supporto 8":"","Supporto 9":"","Supporto 10":"","Supporto 11":"","Supporto 12":"","Supporto 13":"","Supporto 14":"","Supporto 15":"","Supporto 16":"","Supporto 17":"","Supporto 18":"","Supporto 19":"","Supporto 20":"","Supporto 21":"","Supporto 22":"","Supporto 23":"","Supporto 24":"","Supporto 25":"","Supporto 26":"","Supporto 27":"","Supporto 28":"","Supporto 29":"","Supporto 30":"","Supporto 31":"","Supporto 32":"","Supporto 33":"","Supporto 34":"","Supporto 35":"","":null,"vuln_val":0.231,"vuln_cl":5,"hm30_val":0.5634496808052063,"hm30_cl":8},"geometry":{"type":"Point","coordinates":[12.479945,41.854137]}},
{"type":"Feature","properties":{"ID*":"319","AREA INTERVENTO":"Via Padre Giuseppe Lais","MUNICIPIO":"Municipio 08","QUARTIERE":"Ottavo Colle","TIPOLOGIA INTERVENTO":"Nuove piazze e strade scolastiche: pedonalizzazione o nell’ampliamento degli spazi pedonali dell'area antistante l'edificio scolastico, con interdizione del transito e della sosta veicolare e la messa in sicurezza dei percorsi che consentono l’accesso alla scuola stessa.","COLORE":"#AFD3A5","TITOLO":"Pedonalizzazione e colorazione strada scolastica - via Padre Giuseppe Lais","LINK PROGETTO":"https://www.comune.roma.it/web-resources/cms/documents/00319_01DE040_00spaziacolorischededescrittivedellapropostaviapadreg.lais.pdf","PROPONENTE":"Pierluigi Frontoni, Gabriele Spadoni, Livia\nGeusa","RETE PROPONENTI":"","N_ RACCOLTA FIRME":"","COFINANZIAMENTI":"","SUPPORTI POSSIBILI":"Scuola Padre Lais, realtà associative della zona","SUPPORTI SENZA LETTERA":"","Supporto 1":"Gruppo Retake Roma- Tintoretto, Tre Fontane, Ottavo Colle","Supporto 2":"","Supporto 3":"","Supporto 4":"","Supporto 5":"","Supporto 6":"","Supporto 7":"","Supporto 8":"","Supporto 9":"","Supporto 10":"","Supporto 11":"","Supporto 12":"","Supporto 13":"","Supporto 14":"","Supporto 15":"","Supporto 16":"","Supporto 17":"","Supporto 18":"","Supporto 19":"","Supporto 20":"","Supporto 21":"","Supporto 22":"","Supporto 23":"","Supporto 24":"","Supporto 25":"","Supporto 26":"","Supporto 27":"","Supporto 28":"","Supporto 29":"","Supporto 30":"","Supporto 31":"","Supporto 32":"","Supporto 33":"","Supporto 34":"","Supporto 35":"","":null,"vuln_val":0.175,"vuln_cl":2,"hm30_val":0.64200830459594727,"hm30_cl":9},"geometry":{"type":"Point","coordinates":[12.486896,41.829365]}},
{"type":"Feature","properties":{"ID*":"316","AREA INTERVENTO":"Via David Salinieri, Piazza Giancarlo Vallauri, Parco Caduti del Mare (una porzione di)","MUNICIPIO":"Municipio 08","QUARTIERE":"Garbatella","TIPOLOGIA INTERVENTO":"Nuove piazze e strade scolastiche: pedonalizzazione o nell’ampliamento degli spazi pedonali dell'area antistante l'edificio scolastico, con interdizione del transito e della sosta veicolare e la messa in sicurezza dei percorsi che consentono l’accesso alla scuola stessa.","COLORE":"#AFD3A5","TITOLO":"Altamura Sicura","LINK PROGETTO":"https://www.comune.roma.it/web-resources/cms/documents/00316_01DE040_00spaziacolorischededescrittiveproposta.pdf","PROPONENTE":"Istituto Vincenza Altamura","RETE PROPONENTI":"Picone Celeste, Mancini Carlo, Cuccaro Dario, Cipriano Valentina, Barbieri Simone, Iacomino Rosa Maria, Marotta Maria Sole, Angeloni Francesca, Cecchetti Luca, Liberato Stella, Capodarte Federica, Messinese Enrico; gruppo di genitori (n. 25)","N_ RACCOLTA FIRME":"","COFINANZIAMENTI":"","SUPPORTI POSSIBILI":"Associazioni del quartiere, comitati civici, realtà sportive, culturali e sociali, cittadinanza","SUPPORTI SENZA LETTERA":"","Supporto 1":"Streets For Kids","Supporto 2":"Salvaiciclisti Roma ","Supporto 3":"","Supporto 4":"","Supporto 5":"","Supporto 6":"","Supporto 7":"","Supporto 8":"","Supporto 9":"","Supporto 10":"","Supporto 11":"","Supporto 12":"","Supporto 13":"","Supporto 14":"","Supporto 15":"","Supporto 16":"","Supporto 17":"","Supporto 18":"","Supporto 19":"","Supporto 20":"","Supporto 21":"","Supporto 22":"","Supporto 23":"","Supporto 24":"","Supporto 25":"","Supporto 26":"","Supporto 27":"","Supporto 28":"","Supporto 29":"","Supporto 30":"","Supporto 31":"","Supporto 32":"","Supporto 33":"","Supporto 34":"","Supporto 35":"","":null,"vuln_val":null,"vuln_cl":null,"hm30_val":0.64962166547775269,"hm30_cl":9},"geometry":{"type":"Point","coordinates":[12.4795,41.8785]}},
{"type":"Feature","properties":{"ID*":"315","AREA INTERVENTO":"Via Antonino Pio 84","MUNICIPIO":"Municipio 08","QUARTIERE":"San Paolo","TIPOLOGIA INTERVENTO":"Nuove piazze e strade scolastiche: pedonalizzazione o nell’ampliamento degli spazi pedonali dell'area antistante l'edificio scolastico, con interdizione del transito e della sosta veicolare e la messa in sicurezza dei percorsi che consentono l’accesso alla scuola stessa.","COLORE":"#AFD3A5","TITOLO":"Strada Scolastica Scuola Malaspina","LINK PROGETTO":"https://www.comune.roma.it/web-resources/cms/documents/00315_01DE040_0001spaziacoloriscuolaa.malaspina.pdf","PROPONENTE":"Genitori e insegnanti , cittadini e attivisti","RETE PROPONENTI":"Cravena Giuseppe Carlo, Cantarelli Maurizio, Careddu Filippo, Cravena Chiara, Campoli Simona","N_ RACCOLTA FIRME":"","COFINANZIAMENTI":"","SUPPORTI POSSIBILI":"","SUPPORTI SENZA LETTERA":"","Supporto 1":"Istituto Comprensivo Via Salvatore Pincherle 140 (allegan o Patto Educativo di Comunità 2023)","Supporto 2":"Legambiente Associazione di Promozione Sociale, circolo Garbatella ","Supporto 3":"Comitato di Quartiere\nMontagnola","Supporto 4":"Streets For Kids","Supporto 5":"Salvaiciclisti Roma","Supporto 6":"","Supporto 7":"","Supporto 8":"","Supporto 9":"","Supporto 10":"","Supporto 11":"","Supporto 12":"","Supporto 13":"","Supporto 14":"","Supporto 15":"","Supporto 16":"","Supporto 17":"","Supporto 18":"","Supporto 19":"","Supporto 20":"","Supporto 21":"","Supporto 22":"","Supporto 23":"","Supporto 24":"","Supporto 25":"","Supporto 26":"","Supporto 27":"","Supporto 28":"","Supporto 29":"","Supporto 30":"","Supporto 31":"","Supporto 32":"","Supporto 33":"","Supporto 34":"","Supporto 35":"","":null,"vuln_val":0.241,"vuln_cl":6,"hm30_val":0.5307847261428833,"hm30_cl":8},"geometry":{"type":"Point","coordinates":[12.482618,41.85223]}},
{"type":"Feature","properties":{"ID*":"261","AREA INTERVENTO":"Lungotevere Dante 311 - 376","MUNICIPIO":"Municipio 08","QUARTIERE":"Valco San Paolo","TIPOLOGIA INTERVENTO":"Nuovi spazi pubblici adiacenti a presidi sociali e culturali: interventi di arredo e trasformazione degli spazi esterni adiacenti a edifici di interesse pubblico e culturale.","COLORE":"#D3D0A5","TITOLO":"Radici sul Tevere: Rigenerazione Urbana e Urbanistica Tattica ","LINK PROGETTO":"https://www.comune.roma.it/web-resources/cms/documents/00261_01DE040_00spaziacoloricompleta.pdf","PROPONENTE":"Progetto radici APS","RETE PROPONENTI":"Giorgini Antonio, Corrado Sveva, Paoletti Dario, Porcu Anna Maria, De Angelis Serenella, Besteghi Federico","N_ RACCOLTA FIRME":"","COFINANZIAMENTI":"","SUPPORTI POSSIBILI":"Commercianti via Pincherle e Parrocchia di San Leonardo Murialdo","SUPPORTI SENZA LETTERA":"Dipartimenti dell’Università Roma Tre di Scienze e Matematica e Fisica, Centro sportivo EUR1960, Istituto Tecnologico Trasporti e Logistica Marcantonio Colonna e gli Orti urbani Veratti, gli abitanti di via Nicola Parravano, via Pincherle e L.tevere Dante","Supporto 1":"Municipio 08 (Assessore alle Politiche Ambientali, Gestione Rifiuti, Tutela e promozione del Fiume Tevere e dell'Almone)","Supporto 2":"","Supporto 3":"","Supporto 4":"","Supporto 5":"","Supporto 6":"","Supporto 7":"","Supporto 8":"","Supporto 9":"","Supporto 10":"","Supporto 11":"","Supporto 12":"","Supporto 13":"","Supporto 14":"","Supporto 15":"","Supporto 16":"","Supporto 17":"","Supporto 18":"","Supporto 19":"","Supporto 20":"","Supporto 21":"","Supporto 22":"","Supporto 23":"","Supporto 24":"","Supporto 25":"","Supporto 26":"","Supporto 27":"","Supporto 28":"","Supporto 29":"","Supporto 30":"","Supporto 31":"","Supporto 32":"","Supporto 33":"","Supporto 34":"","Supporto 35":"","":null,"vuln_val":0.333,"vuln_cl":10,"hm30_val":0.71130084991455078,"hm30_cl":10},"geometry":{"type":"Point","coordinates":[12.46306,41.854596]}},
{"type":"Feature","properties":{"ID*":"254","AREA INTERVENTO":"Via di Grotta Perfetta, via Granai di Nerva e via dell’Automobilismo (lotto di verde incolto tra)","MUNICIPIO":"Municipio 08","QUARTIERE":"Roma 70","TIPOLOGIA INTERVENTO":"Nuovi spazi pubblici adiacenti a presidi sociali e culturali: interventi di arredo e trasformazione degli spazi esterni adiacenti a edifici di interesse pubblico e culturale.","COLORE":"#D3D0A5","TITOLO":"Una piazza per il quartiere","LINK PROGETTO":"https://www.comune.roma.it/web-resources/cms/documents/00254_01DE040_0020260514spaziacolorischededescrittiveproposta.pdf","PROPONENTE":"CDq Grotta Perfetta","RETE PROPONENTI":"Fiormonte Antonino","N_ RACCOLTA FIRME":"","COFINANZIAMENTI":"","SUPPORTI POSSIBILI":"","SUPPORTI SENZA LETTERA":"Associazione Nessun DOorma APS, Parrocchia SS Annunziata - Roma, A.P.S. PLAY 70, Genitori per la scuola – Associazione scuola municipio 8° ROMA, CSAQ Granai di Nerva, AGS Mercato Roma 70","Supporto 1":"","Supporto 2":"","Supporto 3":"","Supporto 4":"","Supporto 5":"","Supporto 6":"","Supporto 7":"","Supporto 8":"","Supporto 9":"","Supporto 10":"","Supporto 11":"","Supporto 12":"","Supporto 13":"","Supporto 14":"","Supporto 15":"","Supporto 16":"","Supporto 17":"","Supporto 18":"","Supporto 19":"","Supporto 20":"","Supporto 21":"","Supporto 22":"","Supporto 23":"","Supporto 24":"","Supporto 25":"","Supporto 26":"","Supporto 27":"","Supporto 28":"","Supporto 29":"","Supporto 30":"","Supporto 31":"","Supporto 32":"","Supporto 33":"","Supporto 34":"","Supporto 35":"","":null,"vuln_val":0.168,"vuln_cl":2,"hm30_val":0.26054286956787109,"hm30_cl":4},"geometry":{"type":"Point","coordinates":[12.510223,41.835652]}},
{"type":"Feature","properties":{"ID*":"227","AREA INTERVENTO":"Riva Ostiense (tratto in corrispondenza del Ponte della Scienza)","MUNICIPIO":"Municipio 08","QUARTIERE":"Ostiense","TIPOLOGIA INTERVENTO":"Nuove piazze di quartiere: pedonalizzazione di aree destinate alla sosta/spostamento di veicoli, tramite interventi leggeri e reversibili.","COLORE":"#7BCBFD","TITOLO":"Gazometro Skate Plaza","LINK PROGETTO":"https://www.comune.roma.it/web-resources/cms/documents/00227_01DE040_00spaziacolorigazometroskateplaza.pdf","PROPONENTE":"Federico Insabato (Associazione YogAyur)","RETE PROPONENTI":"","N_ RACCOLTA FIRME":"","COFINANZIAMENTI":"","SUPPORTI POSSIBILI":"","SUPPORTI SENZA LETTERA":"","Supporto 1":"Municipio 08","Supporto 2":"LifeGate S.p.A. Società Benefit","Supporto 3":"Università degli Studi Roma Tre Dipartimento di Filosofia, Comunicazione e Spettacolo","Supporto 4":"A.S.D. LIMBSK8 - surfskate ostiaroma","Supporto 5":"associazione YogAyur","Supporto 6":"comunità sportiva spontanea RomeBoard Dancing","Supporto 7":"FEED Srl","Supporto 8":"","Supporto 9":"","Supporto 10":"","Supporto 11":"","Supporto 12":"","Supporto 13":"","Supporto 14":"","Supporto 15":"","Supporto 16":"","Supporto 17":"","Supporto 18":"","Supporto 19":"","Supporto 20":"","Supporto 21":"","Supporto 22":"","Supporto 23":"","Supporto 24":"","Supporto 25":"","Supporto 26":"","Supporto 27":"","Supporto 28":"","Supporto 29":"","Supporto 30":"","Supporto 31":"","Supporto 32":"","Supporto 33":"","Supporto 34":"","Supporto 35":"","":null,"vuln_val":0.251,"vuln_cl":6,"hm30_val":0.79745727777481079,"hm30_cl":11},"geometry":{"type":"Point","coordinates":[12.474553,41.868793]}},
{"type":"Feature","properties":{"ID*":"172","AREA INTERVENTO":"Via Poggio Ameno 23 ","MUNICIPIO":"Municipio 08","QUARTIERE":"Montagnola","TIPOLOGIA INTERVENTO":"Nuove piazze e strade scolastiche: pedonalizzazione o nell’ampliamento degli spazi pedonali dell'area antistante l'edificio scolastico, con interdizione del transito e della sosta veicolare e la messa in sicurezza dei percorsi che consentono l’accesso alla scuola stessa.","COLORE":"#AFD3A5","TITOLO":"Del cielo e della terra","LINK PROGETTO":"https://www.comune.roma.it/web-resources/cms/documents/00172_01DE040_00spaziacolorischededescrittiveproposta.pdf","PROPONENTE":"Controchiave APS; Comitato di quartiere Montagnola (allegano anche lettere di Supporto)","RETE PROPONENTI":"Stella Delfina, Anastasi Patrizio, Scuola dell'infanzia Torre di Babele (allega anche lettera supporto)","N_ RACCOLTA FIRME":"","COFINANZIAMENTI":"","SUPPORTI POSSIBILI":"","SUPPORTI SENZA LETTERA":"","Supporto 1":"","Supporto 2":"","Supporto 3":"","Supporto 4":"","Supporto 5":"","Supporto 6":"","Supporto 7":"","Supporto 8":"","Supporto 9":"","Supporto 10":"","Supporto 11":"","Supporto 12":"","Supporto 13":"","Supporto 14":"","Supporto 15":"","Supporto 16":"","Supporto 17":"","Supporto 18":"","Supporto 19":"","Supporto 20":"","Supporto 21":"","Supporto 22":"","Supporto 23":"","Supporto 24":"","Supporto 25":"","Supporto 26":"","Supporto 27":"","Supporto 28":"","Supporto 29":"","Supporto 30":"","Supporto 31":"","Supporto 32":"","Supporto 33":"","Supporto 34":"","Supporto 35":"","":null,"vuln_val":0.203,"vuln_cl":4,"hm30_val":0.63469290733337402,"hm30_cl":9},"geometry":{"type":"Point","coordinates":[12.489777,41.847502]}},
{"type":"Feature","properties":{"ID*":"152","AREA INTERVENTO":"Riva Ostiense (tratto compreso tra il Gazometro e il Ponte della Scienza)","MUNICIPIO":"Municipio 08","QUARTIERE":"Ostiense","TIPOLOGIA INTERVENTO":"Connessioni e percorsi di mobilità attiva: connessioni leggere per creare o ampliare itinerari continui, sicuri e accessibili per pedoni e ciclisti, agevolando i percorsi casa-scuola, l'accesso alle fermatedel trasporto pubblico locale o la connessione tra aree verdi o parchi.","COLORE":"#B3B7DF","TITOLO":"Waterfront Riva Ostiense","LINK PROGETTO":"https://www.comune.roma.it/web-resources/cms/documents/00152_01DE040_00spaziacolorischededescrittivepropostavenus.pdf","PROPONENTE":"Associazione giovanile VenUS","RETE PROPONENTI":"Fabiani Livia, Orlandini Gabriele","N_ RACCOLTA FIRME":"","COFINANZIAMENTI":"","SUPPORTI POSSIBILI":"Associazione Vivere Marconi, Industrie Fluviali Coworking, liceo Keplero Centro Giovani Magliana-Marconi","SUPPORTI SENZA LETTERA":"","Supporto 1":"","Supporto 2":"","Supporto 3":"","Supporto 4":"","Supporto 5":"","Supporto 6":"","Supporto 7":"","Supporto 8":"","Supporto 9":"","Supporto 10":"","Supporto 11":"","Supporto 12":"","Supporto 13":"","Supporto 14":"","Supporto 15":"","Supporto 16":"","Supporto 17":"","Supporto 18":"","Supporto 19":"","Supporto 20":"","Supporto 21":"","Supporto 22":"","Supporto 23":"","Supporto 24":"","Supporto 25":"","Supporto 26":"","Supporto 27":"","Supporto 28":"","Supporto 29":"","Supporto 30":"","Supporto 31":"","Supporto 32":"","Supporto 33":"","Supporto 34":"","Supporto 35":"","":null,"vuln_val":0.251,"vuln_cl":6,"hm30_val":0.79717200994491577,"hm30_cl":11},"geometry":{"type":"Point","coordinates":[12.474343,41.869089]}},
{"type":"Feature","properties":{"ID*":"131","AREA INTERVENTO":"Via del Porto Fluviale, Via del\nGazometro, Via del Commercio e Riva Ostiense ","MUNICIPIO":"Municipio 08","QUARTIERE":"Ostiense","TIPOLOGIA INTERVENTO":"Connessioni e percorsi di mobilità attiva: connessioni leggere per creare o ampliare itinerari continui, sicuri e accessibili per pedoni e ciclisti, agevolando i percorsi casa-scuola, l'accesso alle fermatedel trasporto pubblico locale o la connessione tra aree verdi o parchi.","COLORE":"#B3B7DF","TITOLO":"Da incrocio a crocevia","LINK PROGETTO":"https://www.comune.roma.it/web-resources/cms/documents/00131_01DE040_00spaziacolorischededescrittiveostienseness.pdf","PROPONENTE":"gruppo ostienseNESS","RETE PROPONENTI":"Uttaro Anna Maria, Illuminati Valentina, Ventriglia Stefania, Lalla Agnese, D'Angelo Graziella, Lombardi Elena, Righi Piero, Chiruzzi Emanuele, Palmioli Flavia, Franciosi Donatella, Bizziccari Riccardo","N_ RACCOLTA FIRME":"22","COFINANZIAMENTI":"","SUPPORTI POSSIBILI":"Galleria Curva Pura, Comitato di Quartiere Piramide Ostiense","SUPPORTI SENZA LETTERA":"","Supporto 1":"Municipio 08","Supporto 2":"Dipartimento di Architettura dell’Università Roma Tre","Supporto 3":"Salvaiciclisti Roma","Supporto 4":"Movimento diritti dei pedoni APS","Supporto 5":"Roma Slow Tour","Supporto 6":"Centro Sociale Anziani Ostiense Ex Mercati Generali","Supporto 7":"raccolta firme attività commerciali Via del Porto Fluviale (n.2)","Supporto 8":"raccolta firme attività commerciali Via del Gazometro (n.1)","Supporto 9":"raccolta firme abitanti (n. 19)","Supporto 10":"attività  L’Antagonista","Supporto 11":"","Supporto 12":"","Supporto 13":"","Supporto 14":"","Supporto 15":"","Supporto 16":"","Supporto 17":"","Supporto 18":"","Supporto 19":"","Supporto 20":"","Supporto 21":"","Supporto 22":"","Supporto 23":"","Supporto 24":"","Supporto 25":"","Supporto 26":"","Supporto 27":"","Supporto 28":"","Supporto 29":"","Supporto 30":"","Supporto 31":"","Supporto 32":"","Supporto 33":"","Supporto 34":"","Supporto 35":"","":null,"vuln_val":0.271,"vuln_cl":7,"hm30_val":0.80513942241668701,"hm30_cl":11},"geometry":{"type":"Point","coordinates":[12.477075,41.872365]}},
{"type":"Feature","properties":{"ID*":"88","AREA INTERVENTO":"Parco Falcone e Borsellino, Via della Badia di Cava 19","MUNICIPIO":"Municipio 08","QUARTIERE":" Montagnola","TIPOLOGIA INTERVENTO":"Attivazione di spazi pubblici sottoutilizzati: rigenerazione e rifunzionalizzazione di spazi pedonali privi di funzione o sottoutilizzati.","COLORE":"#EFA3DF","TITOLO":"Parco Falcone e Borsellino a Colori","LINK PROGETTO":"https://www.comune.roma.it/web-resources/cms/documents/00088_01DE040_00parcofalconeborsellinoacolori11.05.2026_ok.pdf","PROPONENTE":"Comitato Parchi Colombo O.d.V.","RETE PROPONENTI":"Palazzotti Marco Emanuel","N_ RACCOLTA FIRME":"","COFINANZIAMENTI":"","SUPPORTI POSSIBILI":"Ceis – centro italiano di solidarietà, Scout Agesci Roma 45, Retake Roma, Special Olympics, CdQ Montagnola; associazioni culturali e di promozione sociale, realtà del terzo settore e dello sport sociale, istituzioni scolastiche, commercianti","SUPPORTI SENZA LETTERA":"Associazioni culturali e di promozione sociale, realtà del terzo settore e dello sport sociale, istituzioni scolastiche, commerciant","Supporto 1":"","Supporto 2":"","Supporto 3":"","Supporto 4":"","Supporto 5":"","Supporto 6":"","Supporto 7":"","Supporto 8":"","Supporto 9":"","Supporto 10":"","Supporto 11":"","Supporto 12":"","Supporto 13":"","Supporto 14":"","Supporto 15":"","Supporto 16":"","Supporto 17":"","Supporto 18":"","Supporto 19":"","Supporto 20":"","Supporto 21":"","Supporto 22":"","Supporto 23":"","Supporto 24":"","Supporto 25":"","Supporto 26":"","Supporto 27":"","Supporto 28":"","Supporto 29":"","Supporto 30":"","Supporto 31":"","Supporto 32":"","Supporto 33":"","Supporto 34":"","Supporto 35":"","":null,"vuln_val":null,"vuln_cl":null,"hm30_val":0.1832459568977356,"hm30_cl":3},"geometry":{"type":"Point","coordinates":[12.483471,41.848043]}},
{"type":"Feature","properties":{"ID*":"407","AREA INTERVENTO":"Via Giovanni Frignani 95/97 (zona antistante polo scolastico I.C. \"David Sassoli\", PLESSO \"Via Frignani\")","MUNICIPIO":"Municipio 09","QUARTIERE":"Spinaceto","TIPOLOGIA INTERVENTO":"Nuove piazze e strade scolastiche: pedonalizzazione o nell’ampliamento degli spazi pedonali dell'area antistante l'edificio scolastico, con interdizione del transito e della sosta veicolare e la messa in sicurezza dei percorsi che consentono l’accesso alla scuola stessa.","COLORE":"#AFD3A5","TITOLO":"Isola Sicura","LINK PROGETTO":"https://www.comune.roma.it/web-resources/cms/documents/00407_01DE040_00isolasicura.pdf","PROPONENTE":"Luca Brizioli. genitore e presidente C.d.I.","RETE PROPONENTI":"","N_ RACCOLTA FIRME":"","COFINANZIAMENTI":"","SUPPORTI POSSIBILI":"","SUPPORTI SENZA LETTERA":"","Supporto 1":"I.C. “David Sassoli\"","Supporto 2":"Street For Kids","Supporto 3":"","Supporto 4":"","Supporto 5":"","Supporto 6":"","Supporto 7":"","Supporto 8":"","Supporto 9":"","Supporto 10":"","Supporto 11":"","Supporto 12":"","Supporto 13":"","Supporto 14":"","Supporto 15":"","Supporto 16":"","Supporto 17":"","Supporto 18":"","Supporto 19":"","Supporto 20":"","Supporto 21":"","Supporto 22":"","Supporto 23":"","Supporto 24":"","Supporto 25":"","Supporto 26":"","Supporto 27":"","Supporto 28":"","Supporto 29":"","Supporto 30":"","Supporto 31":"","Supporto 32":"","Supporto 33":"","Supporto 34":"","Supporto 35":"","":null,"vuln_val":0.207,"vuln_cl":4,"hm30_val":0.58210194110870361,"hm30_cl":9},"geometry":{"type":"Point","coordinates":[12.448483,41.790356]}},
{"type":"Feature","properties":{"ID*":"406","AREA INTERVENTO":"Via Augusto Renzini 48-70 ","MUNICIPIO":"Municipio 09","QUARTIERE":"Spinaceto","TIPOLOGIA INTERVENTO":"Estensione e messa in sicurezza degli spazi pedonali: allargamento di marciapiedi (\"orecchie\" agli incroci), messa in sicurezza di attraversamenti scolastici.","COLORE":"#BAD8D4","TITOLO":"Coloriamo per il Plauto","LINK PROGETTO":"https://www.comune.roma.it/web-resources/cms/documents/00406_01DE040_00coloriamoperilplauto.pdf","PROPONENTE":"Alessandro E. Oddo (docente con incarico di Funzione Strumentale al Piano Triennale dell’Offerta Formativa del Liceo Plauto)","RETE PROPONENTI":"","N_ RACCOLTA FIRME":"","COFINANZIAMENTI":"","SUPPORTI POSSIBILI":"","SUPPORTI SENZA LETTERA":"Libreria del Sole, Istituto Liceo Classico e delle Scienze Umane “Plauto\"","Supporto 1":"Street For Kids","Supporto 2":"Frutt@ di comunità - Spinaceto a colori","Supporto 3":"","Supporto 4":"","Supporto 5":"","Supporto 6":"","Supporto 7":"","Supporto 8":"","Supporto 9":"","Supporto 10":"","Supporto 11":"","Supporto 12":"","Supporto 13":"","Supporto 14":"","Supporto 15":"","Supporto 16":"","Supporto 17":"","Supporto 18":"","Supporto 19":"","Supporto 20":"","Supporto 21":"","Supporto 22":"","Supporto 23":"","Supporto 24":"","Supporto 25":"","Supporto 26":"","Supporto 27":"","Supporto 28":"","Supporto 29":"","Supporto 30":"","Supporto 31":"","Supporto 32":"","Supporto 33":"","Supporto 34":"","Supporto 35":"","":null,"vuln_val":0.197,"vuln_cl":3,"hm30_val":0.5859067440032959,"hm30_cl":9},"geometry":{"type":"Point","coordinates":[12.443452,41.780281]}},
{"type":"Feature","properties":{"ID*":"395","AREA INTERVENTO":"Via Andrea Millevoi, area pubblica incolta di circa 1.000 mq contermine all’area cani e alla scuola","MUNICIPIO":"Municipio 09","QUARTIERE":"Millevoi","TIPOLOGIA INTERVENTO":"Nuovi spazi pubblici adiacenti a presidi sociali e culturali: interventi di arredo e trasformazione degli spazi esterni adiacenti a edifici di interesse pubblico e culturale.","COLORE":"#D3D0A5","TITOLO":"MilleNOI","LINK PROGETTO":"https://www.comune.roma.it/web-resources/cms/documents/00395_01DE040_00progettomillenoi.pdf","PROPONENTE":"Comitato Millevoi -\nArdeatina","RETE PROPONENTI":"Cacace Luciano, Lillini Giada, Pisani Roberta, Ludovici Lucia","N_ RACCOLTA FIRME":"","COFINANZIAMENTI":"","SUPPORTI POSSIBILI":"","SUPPORTI SENZA LETTERA":"","Supporto 1":"Istituto Comprensivo Domenico Purificato","Supporto 2":"Farmacia Barberini snc","Supporto 3":"Abitanti del quartiere (n. 43)","Supporto 4":"","Supporto 5":"","Supporto 6":"","Supporto 7":"","Supporto 8":"","Supporto 9":"","Supporto 10":"","Supporto 11":"","Supporto 12":"","Supporto 13":"","Supporto 14":"","Supporto 15":"","Supporto 16":"","Supporto 17":"","Supporto 18":"","Supporto 19":"","Supporto 20":"","Supporto 21":"","Supporto 22":"","Supporto 23":"","Supporto 24":"","Supporto 25":"","Supporto 26":"","Supporto 27":"","Supporto 28":"","Supporto 29":"","Supporto 30":"","Supporto 31":"","Supporto 32":"","Supporto 33":"","Supporto 34":"","Supporto 35":"","":null,"vuln_val":0.257,"vuln_cl":7,"hm30_val":0.54645276069641113,"hm30_cl":8},"geometry":{"type":"Point","coordinates":[12.521181,41.816319]}},
{"type":"Feature","properties":{"ID*":"381","AREA INTERVENTO":"via Pio Emanuelli, via Colle di Mezzo, via Annibale De Gasparis, via Domenico Ragona","MUNICIPIO":"Municipio 09","QUARTIERE":"Colle di Mezzo","TIPOLOGIA INTERVENTO":"Estensione e messa in sicurezza degli spazi pedonali: allargamento di marciapiedi (\"orecchie\" agli incroci), messa in sicurezza di attraversamenti scolastici.","COLORE":"#BAD8D4","TITOLO":"Colle a misura di bambino ","LINK PROGETTO":"https://www.comune.roma.it/web-resources/cms/documents/00381_01DE040_00spaziacoloricolleamisuradibambinopropostaintegrata.pdf","PROPONENTE":"Comitato di quartiere Colle di mezzo ","RETE PROPONENTI":"Illuzzi Rosalia, Piazza Romeo, Campelli Angela, Sordilli Alessandro, Marchese Antonio, Abate Alfonso, Bartolelli Marco, Lonigro Salvatore, Mortari Stefano","N_ RACCOLTA FIRME":"","COFINANZIAMENTI":"","SUPPORTI POSSIBILI":"Cittadinanza e i negozianti, bambini della scuola materna «Il Cedro Argentato»","SUPPORTI SENZA LETTERA":"Semi di Comunità APS","Supporto 1":"Municipio 09 ","Supporto 2":"","Supporto 3":"","Supporto 4":"","Supporto 5":"","Supporto 6":"","Supporto 7":"","Supporto 8":"","Supporto 9":"","Supporto 10":"","Supporto 11":"","Supporto 12":"","Supporto 13":"","Supporto 14":"","Supporto 15":"","Supporto 16":"","Supporto 17":"","Supporto 18":"","Supporto 19":"","Supporto 20":"","Supporto 21":"","Supporto 22":"","Supporto 23":"","Supporto 24":"","Supporto 25":"","Supporto 26":"","Supporto 27":"","Supporto 28":"","Supporto 29":"","Supporto 30":"","Supporto 31":"","Supporto 32":"","Supporto 33":"","Supporto 34":"","Supporto 35":"","":null,"vuln_val":0.157,"vuln_cl":2,"hm30_val":0.53521716594696045,"hm30_cl":8},"geometry":{"type":"Point","coordinates":[12.489158,41.823131]}},
{"type":"Feature","properties":{"ID*":"371","AREA INTERVENTO":"Viale dei Caduti nella Guerra di Liberazione (incrocio Via Aversa), Viale dei Caduti per la Resistenza (incrocio Via Avolio), Via Avolio (fronte I.C. David Sassoli)","MUNICIPIO":"Municipio 09","QUARTIERE":"Spinaceto","TIPOLOGIA INTERVENTO":"Estensione e messa in sicurezza degli spazi pedonali: allargamento di marciapiedi (\"orecchie\" agli incroci), messa in sicurezza di attraversamenti scolastici.","COLORE":"#BAD8D4","TITOLO":"Geometrie urbane ","LINK PROGETTO":"https://www.comune.roma.it/web-resources/cms/documents/00371_01DE040_00spaziacolorischededescrittiveproposta.pdf","PROPONENTE":"Liceo Ettore Majorana ","RETE PROPONENTI":"Consolini Federica, Pesci Marta, D'Alia Daniela","N_ RACCOLTA FIRME":"","COFINANZIAMENTI":"","SUPPORTI POSSIBILI":"","SUPPORTI SENZA LETTERA":"Municipio 09, Cittadinanza attiva, Comitato di quartiere","Supporto 1":"I.C. \"David Sassoli\" - Via Frignani","Supporto 2":"","Supporto 3":"","Supporto 4":"","Supporto 5":"","Supporto 6":"","Supporto 7":"","Supporto 8":"","Supporto 9":"","Supporto 10":"","Supporto 11":"","Supporto 12":"","Supporto 13":"","Supporto 14":"","Supporto 15":"","Supporto 16":"","Supporto 17":"","Supporto 18":"","Supporto 19":"","Supporto 20":"","Supporto 21":"","Supporto 22":"","Supporto 23":"","Supporto 24":"","Supporto 25":"","Supporto 26":"","Supporto 27":"","Supporto 28":"","Supporto 29":"","Supporto 30":"","Supporto 31":"","Supporto 32":"","Supporto 33":"","Supporto 34":"","Supporto 35":"","":null,"vuln_val":0.232,"vuln_cl":5,"hm30_val":0.57054436206817627,"hm30_cl":8},"geometry":{"type":"Point","coordinates":[12.444032,41.787924]}},
{"type":"Feature","properties":{"ID*":"336","AREA INTERVENTO":"Va Abigalle Zanetta (Parco pubblico)","MUNICIPIO":"Municipio 09","QUARTIERE":"Cecchignola","TIPOLOGIA INTERVENTO":"Nuovi spazi pubblici adiacenti a presidi sociali e culturali: interventi di arredo e trasformazione degli spazi esterni adiacenti a edifici di interesse pubblico e culturale.","COLORE":"#D3D0A5","TITOLO":"Metamorfosi Urbane-Oasi\nCromatica","LINK PROGETTO":"https://www.comune.roma.it/web-resources/cms/documents/00336_01DE040_00codexgamutbandoacolori2026def.pdf","PROPONENTE":"Codex Gamut APS","RETE PROPONENTI":"Sella Luigi Mario, Carloni Alessandra, Viggiani Gloria, Cigna Gabriele","N_ RACCOLTA FIRME":"","COFINANZIAMENTI":"","SUPPORTI POSSIBILI":"","SUPPORTI SENZA LETTERA":"Assemblea cittadina, associazioni sportive (per il playground), gruppi giovanili e comitati di quartiere, Attivamente Cecchignola, Retake Cecchignola","Supporto 1":"Cecchignola Vivibile - Odv","Supporto 2":"","Supporto 3":"","Supporto 4":"","Supporto 5":"","Supporto 6":"","Supporto 7":"","Supporto 8":"","Supporto 9":"","Supporto 10":"","Supporto 11":"","Supporto 12":"","Supporto 13":"","Supporto 14":"","Supporto 15":"","Supporto 16":"","Supporto 17":"","Supporto 18":"","Supporto 19":"","Supporto 20":"","Supporto 21":"","Supporto 22":"","Supporto 23":"","Supporto 24":"","Supporto 25":"","Supporto 26":"","Supporto 27":"","Supporto 28":"","Supporto 29":"","Supporto 30":"","Supporto 31":"","Supporto 32":"","Supporto 33":"","Supporto 34":"","Supporto 35":"","":null,"vuln_val":0.233,"vuln_cl":5,"hm30_val":0.81515681743621826,"hm30_cl":11},"geometry":{"type":"Point","coordinates":[12.4912,41.8025]}},
{"type":"Feature","properties":{"ID*":"330","AREA INTERVENTO":"Via Carlo Emilio Gadda (marciapiede antistante l'ingresso posteriore della Biblioteca Laurentina - Centro Culturale, adiacente alla rotatoria)","MUNICIPIO":"Municipio 09","QUARTIERE":"Lauretino Fonte Ostiense","TIPOLOGIA INTERVENTO":"Nuovi spazi pubblici adiacenti a presidi sociali e culturali: interventi di arredo e trasformazione degli spazi esterni adiacenti a edifici di interesse pubblico e culturale.","COLORE":"#D3D0A5","TITOLO":"Gadda Open Space: la cultura sotto casa","LINK PROGETTO":"https://www.comune.roma.it/web-resources/cms/documents/00330_01DE040_00gaddaopenspacespaziacoloriconcinnitas.pdf","PROPONENTE":"Associazione Concinnitas APS","RETE PROPONENTI":"Cenatiempo Luca Agostino Nicola","N_ RACCOLTA FIRME":"","COFINANZIAMENTI":"","SUPPORTI POSSIBILI":"Biblioteca Laurentina, Associazioni locali e Comitati di quartiere","SUPPORTI SENZA LETTERA":"","Supporto 1":"Consulta Giovanile del IX Municipio","Supporto 2":"Municipio 09","Supporto 3":"Associazione Attivamente","Supporto 4":"","Supporto 5":"","Supporto 6":"","Supporto 7":"","Supporto 8":"","Supporto 9":"","Supporto 10":"","Supporto 11":"","Supporto 12":"","Supporto 13":"","Supporto 14":"","Supporto 15":"","Supporto 16":"","Supporto 17":"","Supporto 18":"","Supporto 19":"","Supporto 20":"","Supporto 21":"","Supporto 22":"","Supporto 23":"","Supporto 24":"","Supporto 25":"","Supporto 26":"","Supporto 27":"","Supporto 28":"","Supporto 29":"","Supporto 30":"","Supporto 31":"","Supporto 32":"","Supporto 33":"","Supporto 34":"","Supporto 35":"","":null,"vuln_val":0.187,"vuln_cl":3,"hm30_val":0.68362617492675781,"hm30_cl":10},"geometry":{"type":"Point","coordinates":[12.4824,41.8152]}},
{"type":"Feature","properties":{"ID*":"323","AREA INTERVENTO":"Scuola primaria Via Italo Torsiello, Via D’Arpe e Via Alessandrini, parco N. Liedholm, scuola Fantabosco e Alessandrini, spazio antistante Campus Bio-Medico","MUNICIPIO":"Municipio 09","QUARTIERE":"Trigoria","TIPOLOGIA INTERVENTO":"Connessioni e percorsi di mobilità attiva: connessioni leggere per creare o ampliare itinerari continui, sicuri e accessibili per pedoni e ciclisti, agevolando i percorsi casa-scuola, l'accesso alle fermatedel trasporto pubblico locale o la connessione tra aree verdi o parchi.","COLORE":"#B3B7DF","TITOLO":"Trigoria a colori","LINK PROGETTO":"https://www.comune.roma.it/web-resources/cms/documents/00323_Trigoria_a_colori_completa.pdf","PROPONENTE":"Ass. Genitori I.N.S.I.E.M.E. Aps","RETE PROPONENTI":"Del Signore Martina","N_ RACCOLTA FIRME":"11","COFINANZIAMENTI":"","SUPPORTI POSSIBILI":"","SUPPORTI SENZA LETTERA":"","Supporto 1":"IC Marta Russo","Supporto 2":"Comitato di Quartiere Trigoria","Supporto 3":"APS Insieme per Trigoria","Supporto 4":"Gruppo scout AGESCI Roma 38","Supporto 5":"Associazione Gamma","Supporto 6":"Raccolta firme gestori di attività commerciali (n. 11)","Supporto 7":"Parrocchia S.M. Assunta","Supporto 8":"Streets For Kids","Supporto 9":"Casa sociale delle Persone Anziene e del Quartiere (CSAQ)","Supporto 10":"","Supporto 11":"","Supporto 12":"","Supporto 13":"","Supporto 14":"","Supporto 15":"","Supporto 16":"","Supporto 17":"","Supporto 18":"","Supporto 19":"","Supporto 20":"","Supporto 21":"","Supporto 22":"","Supporto 23":"","Supporto 24":"","Supporto 25":"","Supporto 26":"","Supporto 27":"","Supporto 28":"","Supporto 29":"","Supporto 30":"","Supporto 31":"","Supporto 32":"","Supporto 33":"","Supporto 34":"","Supporto 35":"","":null,"vuln_val":0.191,"vuln_cl":3,"hm30_val":0.63824880123138428,"hm30_cl":9},"geometry":{"type":"Point","coordinates":[12.505346,41.815334]}},
{"type":"Feature","properties":{"ID*":"283","AREA INTERVENTO":"Largo Ubaldo Pizzichelli","MUNICIPIO":"Municipio 09","QUARTIERE":"Mezzocammino","TIPOLOGIA INTERVENTO":"Attivazione di spazi pubblici sottoutilizzati: rigenerazione e rifunzionalizzazione di spazi pedonali privi di funzione o sottoutilizzati.","COLORE":"#EFA3DF","TITOLO":"UP - Urban Pizzichelli","LINK PROGETTO":"https://www.comune.roma.it/web-resources/cms/documents/00283_01DE040_00spaziacoloriupurbanpizzichelli.pdf","PROPONENTE":"APS Insieme per Mezzocammino","RETE PROPONENTI":"Aurea Francesco, Botta Nunziatina","N_ RACCOLTA FIRME":"","COFINANZIAMENTI":"","SUPPORTI POSSIBILI":"","SUPPORTI SENZA LETTERA":"Associazione Sportiva «Algarve Roma Torrino», Matteo Baruzzo (Direzione Artistica), A.S.D. Circolo Scacchi Vitinia","Supporto 1":"Istituto Comprensivo Teresa Sarti e Consiglio dei Ragazzi","Supporto 2":"Municipio 09","Supporto 3":"Associazione Ostia Scacchi","Supporto 4":"Società Verdespazio s.n.c.","Supporto 5":"CdQ Casal Brunori","Supporto 6":"Consorzio Unitario Torrino Mezzocammino","Supporto 7":"","Supporto 8":"","Supporto 9":"","Supporto 10":"","Supporto 11":"","Supporto 12":"","Supporto 13":"","Supporto 14":"","Supporto 15":"","Supporto 16":"","Supporto 17":"","Supporto 18":"","Supporto 19":"","Supporto 20":"","Supporto 21":"","Supporto 22":"","Supporto 23":"","Supporto 24":"","Supporto 25":"","Supporto 26":"","Supporto 27":"","Supporto 28":"","Supporto 29":"","Supporto 30":"","Supporto 31":"","Supporto 32":"","Supporto 33":"","Supporto 34":"","Supporto 35":"","":null,"vuln_val":0.239,"vuln_cl":6,"hm30_val":0.69937801361083984,"hm30_cl":10},"geometry":{"type":"Point","coordinates":[12.438088,41.799117]}},
{"type":"Feature","properties":{"ID*":"282","AREA INTERVENTO":"Via Rinaldo D'Ami e largo Franco Bignotti (Viale pedonale tra)","MUNICIPIO":"Municipio 09","QUARTIERE":"Mezzocammino","TIPOLOGIA INTERVENTO":"Attivazione di spazi pubblici sottoutilizzati: rigenerazione e rifunzionalizzazione di spazi pedonali privi di funzione o sottoutilizzati.","COLORE":"#EFA3DF","TITOLO":"Scacco al degrado","LINK PROGETTO":"https://www.comune.roma.it/web-resources/cms/documents/00282_01DE040_00spaziacolorischededescrittiveproposta.pdf","PROPONENTE":"Cdq Torrino Mezzocammino","RETE PROPONENTI":"Aurea Francesco. Bisor Igor","N_ RACCOLTA FIRME":"","COFINANZIAMENTI":"","SUPPORTI POSSIBILI":"","SUPPORTI SENZA LETTERA":"A.S.D. Circolo Scacchi Vitinia, artista Alice Lotti (per la realizzazione dell'opera), Biblioteca Scolastica","Supporto 1":"CdQ Casal Brunori","Supporto 2":"Consorzio Unitario Torrino Mezzocammino","Supporto 3":"Istituto Comprensivo Teresa Sarti e Consiglio delle Ragazze e dei Ragazzi (CRR),","Supporto 4":"Municipio 09 ","Supporto 5":"Associazione Dilettantisca Ostia Scacchi -ASD","Supporto 6":"Società Verdespazio s.n.c.","Supporto 7":"","Supporto 8":"","Supporto 9":"","Supporto 10":"","Supporto 11":"","Supporto 12":"","Supporto 13":"","Supporto 14":"","Supporto 15":"","Supporto 16":"","Supporto 17":"","Supporto 18":"","Supporto 19":"","Supporto 20":"","Supporto 21":"","Supporto 22":"","Supporto 23":"","Supporto 24":"","Supporto 25":"","Supporto 26":"","Supporto 27":"","Supporto 28":"","Supporto 29":"","Supporto 30":"","Supporto 31":"","Supporto 32":"","Supporto 33":"","Supporto 34":"","Supporto 35":"","":null,"vuln_val":0.222,"vuln_cl":5,"hm30_val":0.70928740501403809,"hm30_cl":10},"geometry":{"type":"Point","coordinates":[12.426654,41.802005]}},
{"type":"Feature","properties":{"ID*":"220","AREA INTERVENTO":"Piazza Lodovico Cerva","MUNICIPIO":"Municipio 09","QUARTIERE":"Giuliano Dalmata","TIPOLOGIA INTERVENTO":"Nuove piazze e strade scolastiche: pedonalizzazione o nell’ampliamento degli spazi pedonali dell'area antistante l'edificio scolastico, con interdizione del transito e della sosta veicolare e la messa in sicurezza dei percorsi che consentono l’accesso alla scuola stessa.","COLORE":"#AFD3A5","TITOLO":"Proposta per la realizzazione di una piazza di quartiere","LINK PROGETTO":"https://www.comune.roma.it/web-resources/cms/documents/00220_propostaprogettuale_ok.pdf","PROPONENTE":"Comitato di quartiere “Piazza Cerva e dintorni; I. C. “Indro Montanelli”; Condominio di via Ghetaldi n°16","RETE PROPONENTI":"Della Seta Amarilli, Minciullo Antonino, Pistoia Luca; Edicola in via F.Biondi, Cloud Bar Bistro, Bar Rosella ","N_ RACCOLTA FIRME":"","COFINANZIAMENTI":"","SUPPORTI POSSIBILI":"Istituto della Divina Provvidenza, esercizi commerciali di zona","SUPPORTI SENZA LETTERA":"","Supporto 1":"","Supporto 2":"","Supporto 3":"","Supporto 4":"","Supporto 5":"","Supporto 6":"","Supporto 7":"","Supporto 8":"","Supporto 9":"","Supporto 10":"","Supporto 11":"","Supporto 12":"","Supporto 13":"","Supporto 14":"","Supporto 15":"","Supporto 16":"","Supporto 17":"","Supporto 18":"","Supporto 19":"","Supporto 20":"","Supporto 21":"","Supporto 22":"","Supporto 23":"","Supporto 24":"","Supporto 25":"","Supporto 26":"","Supporto 27":"","Supporto 28":"","Supporto 29":"","Supporto 30":"","Supporto 31":"","Supporto 32":"","Supporto 33":"","Supporto 34":"","Supporto 35":"","":null,"vuln_val":0.212,"vuln_cl":4,"hm30_val":0.69075560569763184,"hm30_cl":10},"geometry":{"type":"Point","coordinates":[12.489535,41.816856]}},
{"type":"Feature","properties":{"ID*":"167","AREA INTERVENTO":"Via G.Nardo 30 e Via V. Ghiliani 56,\nangolo Via P.Mattioli ","MUNICIPIO":"Municipio 09","QUARTIERE":"Molino S. Felicola - Castel di Leva","TIPOLOGIA INTERVENTO":"Nuovi spazi pubblici adiacenti a presidi sociali e culturali: interventi di arredo e trasformazione degli spazi esterni adiacenti a edifici di interesse pubblico e culturale.","COLORE":"#D3D0A5","TITOLO":"Molino a colori","LINK PROGETTO":"https://www.comune.roma.it/web-resources/cms/documents/00167_01DE040_00bandomolinoacolori21.pdf","PROPONENTE":"Comitato di quartiere Molino - S.Felicola","RETE PROPONENTI":"Vitale Marco, Tabella Claudio, Eusebi Fabio","N_ RACCOLTA FIRME":"","COFINANZIAMENTI":"","SUPPORTI POSSIBILI":"","SUPPORTI SENZA LETTERA":"Cittadini residenti, famiglie e bambini, realtà associative","Supporto 1":"","Supporto 2":"","Supporto 3":"","Supporto 4":"","Supporto 5":"","Supporto 6":"","Supporto 7":"","Supporto 8":"","Supporto 9":"","Supporto 10":"","Supporto 11":"","Supporto 12":"","Supporto 13":"","Supporto 14":"","Supporto 15":"","Supporto 16":"","Supporto 17":"","Supporto 18":"","Supporto 19":"","Supporto 20":"","Supporto 21":"","Supporto 22":"","Supporto 23":"","Supporto 24":"","Supporto 25":"","Supporto 26":"","Supporto 27":"","Supporto 28":"","Supporto 29":"","Supporto 30":"","Supporto 31":"","Supporto 32":"","Supporto 33":"","Supporto 34":"","Supporto 35":"","":null,"vuln_val":0.203,"vuln_cl":4,"hm30_val":0.67157125473022461,"hm30_cl":10},"geometry":{"type":"Point","coordinates":[12.532852,41.79454]}},
{"type":"Feature","properties":{"ID*":"137","AREA INTERVENTO":"Idroscalo di Ostia","MUNICIPIO":"Municipio 10","QUARTIERE":"Ostia Ponente","TIPOLOGIA INTERVENTO":"Nuovi spazi pubblici adiacenti a presidi sociali e culturali: interventi di arredo e trasformazione degli spazi esterni adiacenti a edifici di interesse pubblico e culturale.","COLORE":"#D3D0A5","TITOLO":"Idroscalo - Spazio di attesa e connessione urbana","LINK PROGETTO":"https://www.comune.roma.it/web-resources/cms/documents/IDROSCALO_SPAZI_A_COLORI.pdf","PROPONENTE":"Comunità Foce del Tevere","RETE PROPONENTI":"Franca Vannini","N_ RACCOLTA FIRME":"","COFINANZIAMENTI":"","SUPPORTI POSSIBILI":"Scuole e comunità educante; associazioni culturali e sociali; eventuali realtà commerciali di prossimità; comitati e gruppi informali","SUPPORTI SENZA LETTERA":"","Supporto 1":"","Supporto 2":"","Supporto 3":"","Supporto 4":"","Supporto 5":"","Supporto 6":"","Supporto 7":"","Supporto 8":"","Supporto 9":"","Supporto 10":"","Supporto 11":"","Supporto 12":"","Supporto 13":"","Supporto 14":"","Supporto 15":"","Supporto 16":"","Supporto 17":"","Supporto 18":"","Supporto 19":"","Supporto 20":"","Supporto 21":"","Supporto 22":"","Supporto 23":"","Supporto 24":"","Supporto 25":"","Supporto 26":"","Supporto 27":"","Supporto 28":"","Supporto 29":"","Supporto 30":"","Supporto 31":"","Supporto 32":"","Supporto 33":"","Supporto 34":"","Supporto 35":"","":null,"vuln_val":0.287,"vuln_cl":8,"hm30_val":0.66523045301437378,"hm30_cl":10},"geometry":{"type":"Point","coordinates":[12.238199,41.739133]}},
{"type":"Feature","properties":{"ID*":"251","AREA INTERVENTO":"Via Pericle Ducati (tratto di 55 mt ca tra le intersezioni con Via San Massimo e con Via Gian Francesco Gamurrini)","MUNICIPIO":"Municipio 10","QUARTIERE":"Ostia Antica","TIPOLOGIA INTERVENTO":"Nuove piazze e strade scolastiche: pedonalizzazione o nell’ampliamento degli spazi pedonali dell'area antistante l'edificio scolastico, con interdizione del transito e della sosta veicolare e la messa in sicurezza dei percorsi che consentono l’accesso alla scuola stessa.","COLORE":"#AFD3A5","TITOLO":"/","LINK PROGETTO":"https://www.comune.roma.it/web-resources/cms/documents/00251_ViaPericleDucati.pdf","PROPONENTE":"Silverio Abati, Claudio Mortarotti","RETE PROPONENTI":"","N_ RACCOLTA FIRME":"","COFINANZIAMENTI":"","SUPPORTI POSSIBILI":"","SUPPORTI SENZA LETTERA":"Consiglieri del Municipio X, rappresentanti dei genitori presso l’Istituto Comprensivo “Fanelli-Marini, gruppo spontaneo Volontari di Ostia Antica","Supporto 1":"Comitato di Quartiere Ostia Antica Saline","Supporto 2":"","Supporto 3":"","Supporto 4":"","Supporto 5":"","Supporto 6":"","Supporto 7":"","Supporto 8":"","Supporto 9":"","Supporto 10":"","Supporto 11":"","Supporto 12":"","Supporto 13":"","Supporto 14":"","Supporto 15":"","Supporto 16":"","Supporto 17":"","Supporto 18":"","Supporto 19":"","Supporto 20":"","Supporto 21":"","Supporto 22":"","Supporto 23":"","Supporto 24":"","Supporto 25":"","Supporto 26":"","Supporto 27":"","Supporto 28":"","Supporto 29":"","Supporto 30":"","Supporto 31":"","Supporto 32":"","Supporto 33":"","Supporto 34":"","Supporto 35":"","":null,"vuln_val":0.158,"vuln_cl":2,"hm30_val":0.63404941558837891,"hm30_cl":9},"geometry":{"type":"Point","coordinates":[12.302478,41.762013]}},
{"type":"Feature","properties":{"ID*":"252","AREA INTERVENTO":"Via Mar Rosso 68 (spazio antistante accesso principale I.C. Antonio Vivaldi)","MUNICIPIO":"Municipio 10","QUARTIERE":"Ostia Levante","TIPOLOGIA INTERVENTO":"Nuove piazze e strade scolastiche: pedonalizzazione o nell’ampliamento degli spazi pedonali dell'area antistante l'edificio scolastico, con interdizione del transito e della sosta veicolare e la messa in sicurezza dei percorsi che consentono l’accesso alla scuola stessa.","COLORE":"#AFD3A5","TITOLO":"Le quattro stagioni ","LINK PROGETTO":"https://www.comune.roma.it/web-resources/cms/documents/00252_01DE040_00spaziacolorischededescrittiveproposta.pdf","PROPONENTE":"Comitato di quartiere Stella Polare Nord","RETE PROPONENTI":"Mortai Antonio, Brenuani Alessia, gruppo spontaneo Volontari di Ostia","N_ RACCOLTA FIRME":"","COFINANZIAMENTI":"","SUPPORTI POSSIBILI":"Associazioni già partcipanti al patto educativo di Levante Mucicipio X","SUPPORTI SENZA LETTERA":"","Supporto 1":"Istituto Comprensivo “Antonio Vivaldi”","Supporto 2":"","Supporto 3":"","Supporto 4":"","Supporto 5":"","Supporto 6":"","Supporto 7":"","Supporto 8":"","Supporto 9":"","Supporto 10":"","Supporto 11":"","Supporto 12":"","Supporto 13":"","Supporto 14":"","Supporto 15":"","Supporto 16":"","Supporto 17":"","Supporto 18":"","Supporto 19":"","Supporto 20":"","Supporto 21":"","Supporto 22":"","Supporto 23":"","Supporto 24":"","Supporto 25":"","Supporto 26":"","Supporto 27":"","Supporto 28":"","Supporto 29":"","Supporto 30":"","Supporto 31":"","Supporto 32":"","Supporto 33":"","Supporto 34":"","Supporto 35":"","":null,"vuln_val":0.14,"vuln_cl":1,"hm30_val":0.53551089763641357,"hm30_cl":8},"geometry":{"type":"Point","coordinates":[12.295767,41.73466]}},
{"type":"Feature","properties":{"ID*":"312","AREA INTERVENTO":"Parco Willy Ferrero - Piazzale Lorenzo Gasparri","MUNICIPIO":"Municipio 10","QUARTIERE":"Ostia Ponente","TIPOLOGIA INTERVENTO":"Attivazione di spazi pubblici sottoutilizzati: rigenerazione e rifunzionalizzazione di spazi pedonali privi di funzione o sottoutilizzati.","COLORE":"#EFA3DF","TITOLO":"Rizoma","LINK PROGETTO":"https://www.comune.roma.it/web-resources/cms/documents/00312_01DE040_00spaziacoloririzoma.pdf","PROPONENTE":"Assistenza e Territorio Società Cooperativa Sociale Onlus","RETE PROPONENTI":"Ilardi Rosa, Paoletti Rossella","N_ RACCOLTA FIRME":"","COFINANZIAMENTI":"","SUPPORTI POSSIBILI":"","SUPPORTI SENZA LETTERA":"L’Allegra Banderuola Onlus, Happy Surf APS,  Teatro del Lido di Ostia. Rete territoriale e di operatori culturali tra cui: L’artista Tristan Baraduc, Associazioni locali, scuole e realtà culturali, associazioni sportive, abitanti e famiglie ","Supporto 1":"Municipio 10 (Allegano il Patto Educativo Territoriale di Ostia Ponente 2023)","Supporto 2":"Save the Children Italia ETS","Supporto 3":"Pii Stabilimenti della Francia a Roma e Loreto (Possibile ruolo di sponsorship)","Supporto 4":"","Supporto 5":"","Supporto 6":"","Supporto 7":"","Supporto 8":"","Supporto 9":"","Supporto 10":"","Supporto 11":"","Supporto 12":"","Supporto 13":"","Supporto 14":"","Supporto 15":"","Supporto 16":"","Supporto 17":"","Supporto 18":"","Supporto 19":"","Supporto 20":"","Supporto 21":"","Supporto 22":"","Supporto 23":"","Supporto 24":"","Supporto 25":"","Supporto 26":"","Supporto 27":"","Supporto 28":"","Supporto 29":"","Supporto 30":"","Supporto 31":"","Supporto 32":"","Supporto 33":"","Supporto 34":"","Supporto 35":"","":null,"vuln_val":null,"vuln_cl":null,"hm30_val":0.78547662496566772,"hm30_cl":11},"geometry":{"type":"Point","coordinates":[12.257234,41.736421]}},
{"type":"Feature","properties":{"ID*":"314","AREA INTERVENTO":" Via di Dragone 445","MUNICIPIO":"Municipio 10","QUARTIERE":"Dragona","TIPOLOGIA INTERVENTO":"Nuovi spazi pubblici adiacenti a presidi sociali e culturali: interventi di arredo e trasformazione degli spazi esterni adiacenti a edifici di interesse pubblico e culturale.","COLORE":"#D3D0A5","TITOLO":"Il bosco dei Draghetti","LINK PROGETTO":"https://www.comune.roma.it/web-resources/cms/documents/00314_01DE040_00spaziacolorischededescrittiveproposta.pdf","PROPONENTE":"Associazione Nerd Artist","RETE PROPONENTI":"Giuffrida Angelo, Barbieri Andrea","N_ RACCOLTA FIRME":"","COFINANZIAMENTI":"","SUPPORTI POSSIBILI":"","SUPPORTI SENZA LETTERA":"I. C. Marco Ulpio Traiano, Ristorante da Pagnotella’s, Bar L’Angolo di Flavia, Cartoleria edicola Lancos, Officine Botaniche Crescenzo, Macelleria Martini","Supporto 1":"","Supporto 2":"","Supporto 3":"","Supporto 4":"","Supporto 5":"","Supporto 6":"","Supporto 7":"","Supporto 8":"","Supporto 9":"","Supporto 10":"","Supporto 11":"","Supporto 12":"","Supporto 13":"","Supporto 14":"","Supporto 15":"","Supporto 16":"","Supporto 17":"","Supporto 18":"","Supporto 19":"","Supporto 20":"","Supporto 21":"","Supporto 22":"","Supporto 23":"","Supporto 24":"","Supporto 25":"","Supporto 26":"","Supporto 27":"","Supporto 28":"","Supporto 29":"","Supporto 30":"","Supporto 31":"","Supporto 32":"","Supporto 33":"","Supporto 34":"","Supporto 35":"","":null,"vuln_val":0.394,"vuln_cl":11,"hm30_val":0.88729614019393921,"hm30_cl":11},"geometry":{"type":"Point","coordinates":[12.329172,41.787712]}},
{"type":"Feature","properties":{"ID*":"339","AREA INTERVENTO":"Piazza Capelvenere","MUNICIPIO":"Municipio 10","QUARTIERE":"Acilia Nord","TIPOLOGIA INTERVENTO":"Attivazione di spazi pubblici sottoutilizzati: rigenerazione e rifunzionalizzazione di spazi pedonali privi di funzione o sottoutilizzati.","COLORE":"#EFA3DF","TITOLO":"Edupiazza 1001","LINK PROGETTO":"https://www.comune.roma.it/web-resources/cms/documents/00339_01DE040_00spaziacoloridefsigned.pdf","PROPONENTE":"Direzione Socio-Educativa Municipio Roma X","RETE PROPONENTI":"Carducci Ilaria, Cozzi Federica, Orlando Francesca, Tecchio Carlotta, Zannini Ilma, Giordano Giuseppe, Mazza Daniela, Lattanzi Federica, Gamucci Tiziana, Marcucci Daniela, Pesino Andrea (referente Direzione)","N_ RACCOLTA FIRME":"","COFINANZIAMENTI":"","SUPPORTI POSSIBILI":"Realtà universitarie e formative del territorio, tra cui l’Università degli Studi Roma Tre","SUPPORTI SENZA LETTERA":"Nidi Comunali: «la Felce», «le Querce», «Le Pratoline» (referente FCP: Francesca Orlando), \"Le ginestre\" (referente FCP: Ilma Zannini); Scuole dell'infanzia comunali: «Il Giardino di Sara», «Mirò», «Pegaso» (referente FCP: Ilma Zannini) «la Crociera» (referente FCP: Daniela Mazza), «Poggio di Acilia» (referente FCP: Francesca Orlando); Nido comunale: \"Le Querce\"; Scuola dell'infanzia comunali: \"Raggiodisole\", \"Araba Fenice\" (referente FCP: Carlotta Tecchio); Nido convenzionato e Scuola dell’Infanzia «Il Colibrì» – Via Martino Martini, 91-93 – ente gestore L’Isola che…c’è Srl (referente: Federica Cozzi), Nido convenzionato e Scuola dell’Infanzia «Il segreto dell’infanzia» Via Pietro Benedetti 85, – ente gestore “Il segreto dell’infanzia Srl di Ilaria Carducci e Marco Siano” (referente: Ilaria Carducci); Nido convenzionato «La Casa di Alice» via Gianbattista Bassani 10, - ente gestore «La casa di Alice snc» (referente: Barbara Bastari); «Centro Educativo Madonna degli Angeli», nido convenzionato – scuola dell’infanzia paritaria, via Francesco Donati 79, – ente gestore «Centro Educativo Madonna degli Angelisrl» (referente: Tiziana Gamucci)•Nido e Scuola dell’infanzia privata «Polo Educativo Lidia Clementini School» Largo Archiloco 25, - ente gestore “Arcobaleno Srl” (referente: Ilaria Carducci); Nido convenzionato «Teneramente insieme» , via Giorgio Hinna 34, ente gestore «Servizi Dragona srl» (referente: Giuseppe Giordano); Associazione «Emotivare Aps» (referente: Federica Lattanzi). Consorzio Dragona, Comitato di quartiere di Centro Giano, associazioni del terzo settore con cui sono stati sottoscritti Patti Educativi Territoriali, nonché i gruppi di genitori facenti parte dei Comitati di Gestione e dei Consigli di scuola.","Supporto 1":"","Supporto 2":"","Supporto 3":"","Supporto 4":"","Supporto 5":"","Supporto 6":"","Supporto 7":"","Supporto 8":"","Supporto 9":"","Supporto 10":"","Supporto 11":"","Supporto 12":"","Supporto 13":"","Supporto 14":"","Supporto 15":"","Supporto 16":"","Supporto 17":"","Supporto 18":"","Supporto 19":"","Supporto 20":"","Supporto 21":"","Supporto 22":"","Supporto 23":"","Supporto 24":"","Supporto 25":"","Supporto 26":"","Supporto 27":"","Supporto 28":"","Supporto 29":"","Supporto 30":"","Supporto 31":"","Supporto 32":"","Supporto 33":"","Supporto 34":"","Supporto 35":"","":null,"vuln_val":0.449,"vuln_cl":11,"hm30_val":0.82520264387130737,"hm30_cl":11},"geometry":{"type":"Point","coordinates":[12.360886,41.78474]}},
{"type":"Feature","properties":{"ID*":"372","AREA INTERVENTO":"Via Marino Mazzacurati 89","MUNICIPIO":"Municipio 11","QUARTIERE":"Corviale ","TIPOLOGIA INTERVENTO":"Nuovi spazi pubblici adiacenti a presidi sociali e culturali: interventi di arredo e trasformazione degli spazi esterni adiacenti a edifici di interesse pubblico e culturale.","COLORE":"#D3D0A5","TITOLO":"Invito in Piazzetta ","LINK PROGETTO":"https://www.comune.roma.it/web-resources/cms/documents/00372_01DE040_00spaziacolorischededescrittivelaboratoriocorviale.pptx.pdf","PROPONENTE":"Laboratorio di città corviale - Dipartimento di Architettura Uniroma Tre","RETE PROPONENTI":"Careri Francesco","N_ RACCOLTA FIRME":"","COFINANZIAMENTI":"","SUPPORTI POSSIBILI":"","SUPPORTI SENZA LETTERA":"ASL Roma 3 – Dipartimento di Salute Mentale","Supporto 1":"Municipio 11 ","Supporto 2":"Comunità X APS ","Supporto 3":"Associazione stamperia del Tevere ","Supporto 4":"Istituto Comprensivo Fratelli Cervi","Supporto 5":"HausBrutHaus","Supporto 6":"","Supporto 7":"","Supporto 8":"","Supporto 9":"","Supporto 10":"","Supporto 11":"","Supporto 12":"","Supporto 13":"","Supporto 14":"","Supporto 15":"","Supporto 16":"","Supporto 17":"","Supporto 18":"","Supporto 19":"","Supporto 20":"","Supporto 21":"","Supporto 22":"","Supporto 23":"","Supporto 24":"","Supporto 25":"","Supporto 26":"","Supporto 27":"","Supporto 28":"","Supporto 29":"","Supporto 30":"","Supporto 31":"","Supporto 32":"","Supporto 33":"","Supporto 34":"","Supporto 35":"","":null,"vuln_val":0.264,"vuln_cl":7,"hm30_val":0.69094032049179077,"hm30_cl":10},"geometry":{"type":"Point","coordinates":[12.41315,41.851385]}},
{"type":"Feature","properties":{"ID*":"363","AREA INTERVENTO":"Stazione di Villa Bonelli","MUNICIPIO":"Municipio 11","QUARTIERE":"Villa Bonelli","TIPOLOGIA INTERVENTO":"Attivazione di spazi pubblici sottoutilizzati: rigenerazione e rifunzionalizzazione di spazi pedonali privi di funzione o sottoutilizzati.","COLORE":"#EFA3DF","TITOLO":"Porto sicuro ","LINK PROGETTO":"https://www.comune.roma.it/web-resources/cms/documents/00363_01DE040_00spaziacoloripresentazione.pdf","PROPONENTE":"Giorgia Crespi e Francesco Colella ","RETE PROPONENTI":"","N_ RACCOLTA FIRME":"","COFINANZIAMENTI":"","SUPPORTI POSSIBILI":"Istituto Comprensivo Nino Rota, Liceo Eugenio Montale, Chiesa Parrocchiale di Nostra Signora di Valme a Villa Bonelli, Comitato Cittadino Amici del Tevere Magliana","SUPPORTI SENZA LETTERA":"arch. Vittoria Latour, arch. Ginevra La Padula, ing. Diego Colella, studio di comunicazione Grafò","Supporto 1":"","Supporto 2":"","Supporto 3":"","Supporto 4":"","Supporto 5":"","Supporto 6":"","Supporto 7":"","Supporto 8":"","Supporto 9":"","Supporto 10":"","Supporto 11":"","Supporto 12":"","Supporto 13":"","Supporto 14":"","Supporto 15":"","Supporto 16":"","Supporto 17":"","Supporto 18":"","Supporto 19":"","Supporto 20":"","Supporto 21":"","Supporto 22":"","Supporto 23":"","Supporto 24":"","Supporto 25":"","Supporto 26":"","Supporto 27":"","Supporto 28":"","Supporto 29":"","Supporto 30":"","Supporto 31":"","Supporto 32":"","Supporto 33":"","Supporto 34":"","Supporto 35":"","":null,"vuln_val":0.284,"vuln_cl":8,"hm30_val":0.73970532417297363,"hm30_cl":10},"geometry":{"type":"Point","coordinates":[12.455544,41.847936]}},
{"type":"Feature","properties":{"ID*":"356","AREA INTERVENTO":"Via Poggio Verde 455","MUNICIPIO":"Municipio 11","QUARTIERE":"Corviale","TIPOLOGIA INTERVENTO":"Attivazione di spazi pubblici sottoutilizzati: rigenerazione e rifunzionalizzazione di spazi pedonali privi di funzione o sottoutilizzati.","COLORE":"#EFA3DF","TITOLO":"Connessioni urbane ","LINK PROGETTO":"https://www.comune.roma.it/web-resources/cms/documents/00356_01DE040_00spaziacolorischededescrittiveproposta.pdf","PROPONENTE":"Calciosociale cooperativa sociale ETS ","RETE PROPONENTI":"Pane Natalia","N_ RACCOLTA FIRME":"","COFINANZIAMENTI":"","SUPPORTI POSSIBILI":"","SUPPORTI SENZA LETTERA":"Scuola elementare di Via Mazzacurati, Magliana Solidale, Hanno Zero e il Comitato Inquilini, cittadini","Supporto 1":"","Supporto 2":"","Supporto 3":"","Supporto 4":"","Supporto 5":"","Supporto 6":"","Supporto 7":"","Supporto 8":"","Supporto 9":"","Supporto 10":"","Supporto 11":"","Supporto 12":"","Supporto 13":"","Supporto 14":"","Supporto 15":"","Supporto 16":"","Supporto 17":"","Supporto 18":"","Supporto 19":"","Supporto 20":"","Supporto 21":"","Supporto 22":"","Supporto 23":"","Supporto 24":"","Supporto 25":"","Supporto 26":"","Supporto 27":"","Supporto 28":"","Supporto 29":"","Supporto 30":"","Supporto 31":"","Supporto 32":"","Supporto 33":"","Supporto 34":"","Supporto 35":"","":null,"vuln_val":0.206,"vuln_cl":4,"hm30_val":0.23683696985244751,"hm30_cl":4},"geometry":{"type":"Point","coordinates":[12.411828,41.848393]}},
{"type":"Feature","properties":{"ID*":"325","AREA INTERVENTO":"Parco Tevere Magliana","MUNICIPIO":"Municipio 11","QUARTIERE":"Pian Due Torri","TIPOLOGIA INTERVENTO":"Nuovi spazi pubblici adiacenti a presidi sociali e culturali: interventi di arredo e trasformazione degli spazi esterni adiacenti a edifici di interesse pubblico e culturale.","COLORE":"#D3D0A5","TITOLO":"Uppercut #2 - Segni a Terra","LINK PROGETTO":"https://www.comune.roma.it/web-resources/cms/documents/SPAZI_A_COLORI_schede_descrittive__proposta_1.pdf","PROPONENTE":"Associazione Cultural Pro ETS","RETE PROPONENTI":"Bego Nensi, Bonetti Marco; Arundo (CanyaViva), Lorena Di Bari, Falegnameria Sociale K_Alma, La-185","N_ RACCOLTA FIRME":"","COFINANZIAMENTI":"","SUPPORTI POSSIBILI":"","SUPPORTI SENZA LETTERA":"La Lampada dei Desideri, Radici,  A.educ.a (Associazione Educazione Ambientale)\n","Supporto 1":"Municipio 11","Supporto 2":"Società Cooperativa Magliana Solidale ETS","Supporto 3":"Associazione I Cerchi Magici A.P.S.","Supporto 4":"Associazione Una Finestra Laica sul Territorio APS","Supporto 5":"H-Anno Zero Società Cooperativa Sociale","Supporto 6":"Spazio Hangar","Supporto 7":"Associazione Orti Urbani Valle dei Casali","Supporto 8":"","Supporto 9":"","Supporto 10":"","Supporto 11":"","Supporto 12":"","Supporto 13":"","Supporto 14":"","Supporto 15":"","Supporto 16":"","Supporto 17":"","Supporto 18":"","Supporto 19":"","Supporto 20":"","Supporto 21":"","Supporto 22":"","Supporto 23":"","Supporto 24":"","Supporto 25":"","Supporto 26":"","Supporto 27":"","Supporto 28":"","Supporto 29":"","Supporto 30":"","Supporto 31":"","Supporto 32":"","Supporto 33":"","Supporto 34":"","Supporto 35":"","":null,"vuln_val":0.219,"vuln_cl":5,"hm30_val":0.66553026437759399,"hm30_cl":10},"geometry":{"type":"Point","coordinates":[12.460868,41.843159]}},
{"type":"Feature","properties":{"ID*":"278","AREA INTERVENTO":"via Ignazio Ribotti e via Francesco Saverio Benucci (accesso al complesso scolastico IC Nino Rota)","MUNICIPIO":"Municipio 11","QUARTIERE":"Portuense - Villa Bonelli","TIPOLOGIA INTERVENTO":"Connessioni e percorsi di mobilità attiva: connessioni leggere per creare o ampliare itinerari continui, sicuri e accessibili per pedoni e ciclisti, agevolando i percorsi casa-scuola, l'accesso alle fermatedel trasporto pubblico locale o la connessione tra aree verdi o parchi.","COLORE":"#B3B7DF","TITOLO":"Il boulevard di Villa Bonelli","LINK PROGETTO":"https://www.comune.roma.it/web-resources/cms/documents/00278_01DE040_00spaziacolorivillabonelli19052026.pdf","PROPONENTE":"Asociazione Tutti giù per strada","RETE PROPONENTI":"Minardi Valentina, Delia Amicione, Verrocchi Valentina","N_ RACCOLTA FIRME":"","COFINANZIAMENTI":"","SUPPORTI POSSIBILI":"Istituto Comprensivo Nino Rota","SUPPORTI SENZA LETTERA":"","Supporto 1":"Streets For Kids","Supporto 2":"","Supporto 3":"","Supporto 4":"","Supporto 5":"","Supporto 6":"","Supporto 7":"","Supporto 8":"","Supporto 9":"","Supporto 10":"","Supporto 11":"","Supporto 12":"","Supporto 13":"","Supporto 14":"","Supporto 15":"","Supporto 16":"","Supporto 17":"","Supporto 18":"","Supporto 19":"","Supporto 20":"","Supporto 21":"","Supporto 22":"","Supporto 23":"","Supporto 24":"","Supporto 25":"","Supporto 26":"","Supporto 27":"","Supporto 28":"","Supporto 29":"","Supporto 30":"","Supporto 31":"","Supporto 32":"","Supporto 33":"","Supporto 34":"","Supporto 35":"","":null,"vuln_val":0.26,"vuln_cl":7,"hm30_val":0.74658054113388062,"hm30_cl":10},"geometry":{"type":"Point","coordinates":[12.450499,41.851184]}},
{"type":"Feature","properties":{"ID*":"201","AREA INTERVENTO":"Via Alessandro Marchetti, tra via Generale Giuseppe Valle e via Emilio Pensuti (ex parcheggi Alitalia)","MUNICIPIO":"Municipio 11","QUARTIERE":" Muratella","TIPOLOGIA INTERVENTO":"Attivazione di spazi pubblici sottoutilizzati: rigenerazione e rifunzionalizzazione di spazi pedonali privi di funzione o sottoutilizzati.","COLORE":"#EFA3DF","TITOLO":"Dal degrado alla godibilità","LINK PROGETTO":"https://www.comune.roma.it/web-resources/cms/documents/00201_01DE040_00spaziacolorischededescrittivepropostamuratella.pdf","PROPONENTE":"CdQ Muratella Monica Laugeni","RETE PROPONENTI":"","N_ RACCOLTA FIRME":"","COFINANZIAMENTI":"","SUPPORTI POSSIBILI":"","SUPPORTI SENZA LETTERA":"","Supporto 1":"","Supporto 2":"","Supporto 3":"","Supporto 4":"","Supporto 5":"","Supporto 6":"","Supporto 7":"","Supporto 8":"","Supporto 9":"","Supporto 10":"","Supporto 11":"","Supporto 12":"","Supporto 13":"","Supporto 14":"","Supporto 15":"","Supporto 16":"","Supporto 17":"","Supporto 18":"","Supporto 19":"","Supporto 20":"","Supporto 21":"","Supporto 22":"","Supporto 23":"","Supporto 24":"","Supporto 25":"","Supporto 26":"","Supporto 27":"","Supporto 28":"","Supporto 29":"","Supporto 30":"","Supporto 31":"","Supporto 32":"","Supporto 33":"","Supporto 34":"","Supporto 35":"","":null,"vuln_val":0.243,"vuln_cl":6,"hm30_val":0.20331323146820068,"hm30_cl":3},"geometry":{"type":"Point","coordinates":[12.401443,41.826801]}},
{"type":"Feature","properties":{"ID*":"174","AREA INTERVENTO":"Via Pietro Frattini 240-290 ","MUNICIPIO":"Municipio 11","QUARTIERE":" Villa Bonelli","TIPOLOGIA INTERVENTO":"Nuove piazze di quartiere: pedonalizzazione di aree destinate alla sosta/spostamento di veicoli, tramite interventi leggeri e reversibili.","COLORE":"#7BCBFD","TITOLO":"Piazza Frattini – Nodo Attivo di Quartiere","LINK PROGETTO":"https://www.comune.roma.it/web-resources/cms/documents/00174_01DE040_00spaziacolorischededescrittivepropostanuovapiazzafrattini.pdf","PROPONENTE":"Comitato di Quartiere BPP (Bonelli, Portuense, Petrelli)","RETE PROPONENTI":"Ramazio Matteo","N_ RACCOLTA FIRME":"","COFINANZIAMENTI":"","SUPPORTI POSSIBILI":"Residenti, associazioni territoriali, eventuali istituti scolastici","SUPPORTI SENZA LETTERA":"","Supporto 1":"","Supporto 2":"","Supporto 3":"","Supporto 4":"","Supporto 5":"","Supporto 6":"","Supporto 7":"","Supporto 8":"","Supporto 9":"","Supporto 10":"","Supporto 11":"","Supporto 12":"","Supporto 13":"","Supporto 14":"","Supporto 15":"","Supporto 16":"","Supporto 17":"","Supporto 18":"","Supporto 19":"","Supporto 20":"","Supporto 21":"","Supporto 22":"","Supporto 23":"","Supporto 24":"","Supporto 25":"","Supporto 26":"","Supporto 27":"","Supporto 28":"","Supporto 29":"","Supporto 30":"","Supporto 31":"","Supporto 32":"","Supporto 33":"","Supporto 34":"","Supporto 35":"","":null,"vuln_val":0.211,"vuln_cl":4,"hm30_val":0.67805123329162598,"hm30_cl":10},"geometry":{"type":"Point","coordinates":[12.452484,41.845598]}},
{"type":"Feature","properties":{"ID*":"383","AREA INTERVENTO":"Via Gino Funaioli","MUNICIPIO":"Municipio 12","QUARTIERE":"Colli Portuensi","TIPOLOGIA INTERVENTO":"Nuove piazze e strade scolastiche: pedonalizzazione o nell’ampliamento degli spazi pedonali dell'area antistante l'edificio scolastico, con interdizione del transito e della sosta veicolare e la messa in sicurezza dei percorsi che consentono l’accesso alla scuola stessa.","COLORE":"#AFD3A5","TITOLO":"Raffaello per la sanzio ","LINK PROGETTO":"https://www.comune.roma.it/web-resources/cms/documents/00383_01DE040_00spaziacolorisanzio.pdf","PROPONENTE":"Comitato genitori Margherita Hack ","RETE PROPONENTI":"Saccone Carlo","N_ RACCOLTA FIRME":"","COFINANZIAMENTI":"","SUPPORTI POSSIBILI":"","SUPPORTI SENZA LETTERA":"","Supporto 1":"Monteverde attiva ","Supporto 2":"Istituto comprensivo Margherita Hack","Supporto 3":"","Supporto 4":"","Supporto 5":"","Supporto 6":"","Supporto 7":"","Supporto 8":"","Supporto 9":"","Supporto 10":"","Supporto 11":"","Supporto 12":"","Supporto 13":"","Supporto 14":"","Supporto 15":"","Supporto 16":"","Supporto 17":"","Supporto 18":"","Supporto 19":"","Supporto 20":"","Supporto 21":"","Supporto 22":"","Supporto 23":"","Supporto 24":"","Supporto 25":"","Supporto 26":"","Supporto 27":"","Supporto 28":"","Supporto 29":"","Supporto 30":"","Supporto 31":"","Supporto 32":"","Supporto 33":"","Supporto 34":"","Supporto 35":"","":null,"vuln_val":0.221,"vuln_cl":5,"hm30_val":0.68229430913925171,"hm30_cl":10},"geometry":{"type":"Point","coordinates":[12.439101,41.857421]}},
{"type":"Feature","properties":{"ID*":"365","AREA INTERVENTO":"Via Ildebrando della Giovanna 125-127","MUNICIPIO":"Municipio 12","QUARTIERE":"Massimina","TIPOLOGIA INTERVENTO":"Nuove piazze e strade scolastiche: pedonalizzazione o nell’ampliamento degli spazi pedonali dell'area antistante l'edificio scolastico, con interdizione del transito e della sosta veicolare e la messa in sicurezza dei percorsi che consentono l’accesso alla scuola stessa.","COLORE":"#AFD3A5","TITOLO":"“Piazza Scuola IC Nando Martellini – Spazio sicuro e condiviso”","LINK PROGETTO":"https://www.comune.roma.it/web-resources/cms/documents/00365_01DE040_00propostaspaziacolorigenitoriicmartellinicompressed.pdf","PROPONENTE":"Genitori Consiglio d'Istituto Nando Martellini ","RETE PROPONENTI":"Tripodo Paola, Zinicola Filippo, Ianiro Immacolata, De Marchi Ilaria, Cardarelli Laura, Lago Gabriele, Santonocito  Pietro, Scilletta Arianna","N_ RACCOLTA FIRME":"","COFINANZIAMENTI":"","SUPPORTI POSSIBILI":"famiglie degli alunni; personale scolastico; associazioni territoriali; comitati di quartiere; realtà educative e sportive del territorio; cittadini volontari; Municipio XII; commercianti e attività locali","SUPPORTI SENZA LETTERA":"","Supporto 1":"Istituto comprensivo statale Nando Martellini ","Supporto 2":"","Supporto 3":"","Supporto 4":"","Supporto 5":"","Supporto 6":"","Supporto 7":"","Supporto 8":"","Supporto 9":"","Supporto 10":"","Supporto 11":"","Supporto 12":"","Supporto 13":"","Supporto 14":"","Supporto 15":"","Supporto 16":"","Supporto 17":"","Supporto 18":"","Supporto 19":"","Supporto 20":"","Supporto 21":"","Supporto 22":"","Supporto 23":"","Supporto 24":"","Supporto 25":"","Supporto 26":"","Supporto 27":"","Supporto 28":"","Supporto 29":"","Supporto 30":"","Supporto 31":"","Supporto 32":"","Supporto 33":"","Supporto 34":"","Supporto 35":"","":null,"vuln_val":0.127,"vuln_cl":1,"hm30_val":0.484904944896698,"hm30_cl":8},"geometry":{"type":"Point","coordinates":[12.343889,41.874995]}},
{"type":"Feature","properties":{"ID*":"360","AREA INTERVENTO":"Piazza Carlo Alberto Scotti","MUNICIPIO":"Municipio 12","QUARTIERE":"Colli Portuensi ","TIPOLOGIA INTERVENTO":"Attivazione di spazi pubblici sottoutilizzati: rigenerazione e rifunzionalizzazione di spazi pedonali privi di funzione o sottoutilizzati.","COLORE":"#EFA3DF","TITOLO":"Piazza Scotti condivisa ","LINK PROGETTO":"https://www.comune.roma.it/web-resources/cms/documents/00360_PiazzaScotti.pdf","PROPONENTE":"Comitato Monteverde nuovo ","RETE PROPONENTI":"D'Ulisse Serena, Pelliccia Tina","N_ RACCOLTA FIRME":"","COFINANZIAMENTI":"","SUPPORTI POSSIBILI":"","SUPPORTI SENZA LETTERA":"Associazione 12°Civico odv","Supporto 1":"Municipio 12 ","Supporto 2":"","Supporto 3":"","Supporto 4":"","Supporto 5":"","Supporto 6":"","Supporto 7":"","Supporto 8":"","Supporto 9":"","Supporto 10":"","Supporto 11":"","Supporto 12":"","Supporto 13":"","Supporto 14":"","Supporto 15":"","Supporto 16":"","Supporto 17":"","Supporto 18":"","Supporto 19":"","Supporto 20":"","Supporto 21":"","Supporto 22":"","Supporto 23":"","Supporto 24":"","Supporto 25":"","Supporto 26":"","Supporto 27":"","Supporto 28":"","Supporto 29":"","Supporto 30":"","Supporto 31":"","Supporto 32":"","Supporto 33":"","Supporto 34":"","Supporto 35":"","":null,"vuln_val":0.278,"vuln_cl":8,"hm30_val":0.37606751918792725,"hm30_cl":6},"geometry":{"type":"Point","coordinates":[12.446056,41.869637]}},
{"type":"Feature","properties":{"ID*":"359","AREA INTERVENTO":"Largo Alfredo Oriani","MUNICIPIO":"Municipio 12","QUARTIERE":"Monteverde Vecchio","TIPOLOGIA INTERVENTO":"Attivazione di spazi pubblici sottoutilizzati: rigenerazione e rifunzionalizzazione di spazi pedonali privi di funzione o sottoutilizzati.","COLORE":"#EFA3DF","TITOLO":"Largo oriani Lab ","LINK PROGETTO":"https://www.comune.roma.it/web-resources/cms/documents/00359__largooriani.pdf","PROPONENTE":"12° civico ODV ","RETE PROPONENTI":"D'Ulisse Serena","N_ RACCOLTA FIRME":"","COFINANZIAMENTI":"","SUPPORTI POSSIBILI":"","SUPPORTI SENZA LETTERA":"Comitato di quartiere Monteverde nuovo, Palestre Very Yeah","Supporto 1":"Ilvana Zomparelli (cittadina)","Supporto 2":"L'amaca ETS ","Supporto 3":"Asd Assodanza ","Supporto 4":"Comitato di quartiere Monteverde Quattroventi","Supporto 5":"Municipio 12 ","Supporto 6":"Sergio Sarli (cittadino)","Supporto 7":"Monica Salvagni (cittadina)","Supporto 8":"","Supporto 9":"","Supporto 10":"","Supporto 11":"","Supporto 12":"","Supporto 13":"","Supporto 14":"","Supporto 15":"","Supporto 16":"","Supporto 17":"","Supporto 18":"","Supporto 19":"","Supporto 20":"","Supporto 21":"","Supporto 22":"","Supporto 23":"","Supporto 24":"","Supporto 25":"","Supporto 26":"","Supporto 27":"","Supporto 28":"","Supporto 29":"","Supporto 30":"","Supporto 31":"","Supporto 32":"","Supporto 33":"","Supporto 34":"","Supporto 35":"","":null,"vuln_val":null,"vuln_cl":null,"hm30_val":0.79968470335006714,"hm30_cl":11},"geometry":{"type":"Point","coordinates":[12.460444,41.878585]}},
{"type":"Feature","properties":{"ID*":"345","AREA INTERVENTO":"Via Luigi Ronzoni (lungo Via di Val Tellina e di fronte al parco pubblico realizzato in Piazza Carlo Forlanini)","MUNICIPIO":"Municipio 12","QUARTIERE":"Monteverde Nuovo","TIPOLOGIA INTERVENTO":"Attivazione di spazi pubblici sottoutilizzati: rigenerazione e rifunzionalizzazione di spazi pedonali privi di funzione o sottoutilizzati.","COLORE":"#EFA3DF","TITOLO":"/","LINK PROGETTO":"https://www.comune.roma.it/web-resources/cms/documents/00345_01DE040_00spaziacolorischededescrittiveproposta3.pdf","PROPONENTE":"Associazione Studio Orma","RETE PROPONENTI":"Innaro Edoardo, Marco Celentani (Curatori e Organizzatori direzione artistica e pittura), Helena Bofise (Supporto logistica e amministrativo), Pietro Zanetti (Elaborazione dati e comunicazione), Vera D'Alessio (Supporto logistica e amministrativo), Paolo Martellotti, Marcello del Prato (Pittura)","N_ RACCOLTA FIRME":"","COFINANZIAMENTI":"","SUPPORTI POSSIBILI":"","SUPPORTI SENZA LETTERA":"Paolo Martellotti; \"l'Ente (non è chiaro se è l'Istituto Comprensivo Carlo Forlanini) si propone di intervenire direttamente sull’asfalto...\"","Supporto 1":"Municipio 12 ","Supporto 2":"","Supporto 3":"","Supporto 4":"","Supporto 5":"","Supporto 6":"","Supporto 7":"","Supporto 8":"","Supporto 9":"","Supporto 10":"","Supporto 11":"","Supporto 12":"","Supporto 13":"","Supporto 14":"","Supporto 15":"","Supporto 16":"","Supporto 17":"","Supporto 18":"","Supporto 19":"","Supporto 20":"","Supporto 21":"","Supporto 22":"","Supporto 23":"","Supporto 24":"","Supporto 25":"","Supporto 26":"","Supporto 27":"","Supporto 28":"","Supporto 29":"","Supporto 30":"","Supporto 31":"","Supporto 32":"","Supporto 33":"","Supporto 34":"","Supporto 35":"","":null,"vuln_val":0.328,"vuln_cl":10,"hm30_val":0.82426375150680542,"hm30_cl":11},"geometry":{"type":"Point","coordinates":[12.44854,41.866666]}},
{"type":"Feature","properties":{"ID*":"329","AREA INTERVENTO":"Piazza di Donna Olimpia, Area parcheggio e Rampa Vizzardelli, Via Fonteiana","MUNICIPIO":"Municipio 12","QUARTIERE":"Monteverde Nuovo - Monteverde Vecchio","TIPOLOGIA INTERVENTO":"Nuove piazze e strade scolastiche: pedonalizzazione o nell’ampliamento degli spazi pedonali dell'area antistante l'edificio scolastico, con interdizione del transito e della sosta veicolare e la messa in sicurezza dei percorsi che consentono l’accesso alla scuola stessa.","COLORE":"#AFD3A5","TITOLO":"La memoria dell'acqua","LINK PROGETTO":"https://www.comune.roma.it/web-resources/cms/documents/00329_LaMemoriaDellAcqua.pdf","PROPONENTE":"Officina Tiradiavoli","RETE PROPONENTI":"Comanducci Martina, Paolantonio Giulio, Calabretta Carlo","N_ RACCOLTA FIRME":"","COFINANZIAMENTI":"","SUPPORTI POSSIBILI":"","SUPPORTI SENZA LETTERA":"","Supporto 1":"Municipio 12","Supporto 2":"IC - Istituto Comprensivo Via Fabiola","Supporto 3":"Liceo Scientifico Morgagni","Supporto 4":"Scuola Popolare di Musica Donna Olimpia","Supporto 5":"\"Il Pecetto\", in \"Ragazzi di vita\" (P.P.Pasolini)","Supporto 6":"Monteverde Attiva APS","Supporto 7":"ARCI Freddy APS","Supporto 8":"","Supporto 9":"","Supporto 10":"","Supporto 11":"","Supporto 12":"","Supporto 13":"","Supporto 14":"","Supporto 15":"","Supporto 16":"","Supporto 17":"","Supporto 18":"","Supporto 19":"","Supporto 20":"","Supporto 21":"","Supporto 22":"","Supporto 23":"","Supporto 24":"","Supporto 25":"","Supporto 26":"","Supporto 27":"","Supporto 28":"","Supporto 29":"","Supporto 30":"","Supporto 31":"","Supporto 32":"","Supporto 33":"","Supporto 34":"","Supporto 35":"","":null,"vuln_val":0.288,"vuln_cl":8,"hm30_val":0.79177939891815186,"hm30_cl":11},"geometry":{"type":"Point","coordinates":[12.453608,41.876854]}},
{"type":"Feature","properties":{"ID*":"301","AREA INTERVENTO":"Via di San Pancrazio angolo Via Aurelia Antica","MUNICIPIO":"Municipio 12","QUARTIERE":"Monteverde Vecchio ","TIPOLOGIA INTERVENTO":"Estensione e messa in sicurezza degli spazi pedonali: allargamento di marciapiedi (\"orecchie\" agli incroci), messa in sicurezza di attraversamenti scolastici.","COLORE":"#BAD8D4","TITOLO":"From Black To Green","LINK PROGETTO":"https://www.comune.roma.it/web-resources/cms/documents/00301_01DE040_00spaziacoloriviadisanpancrazioaureliaantica.pdf","PROPONENTE":"Gruppo di cittadini","RETE PROPONENTI":"Plances Elena, D'Ulisse Serena, Romito Tommaso","N_ RACCOLTA FIRME":"","COFINANZIAMENTI":"","SUPPORTI POSSIBILI":"","SUPPORTI SENZA LETTERA":"Comitato di quartiere Monteverde Quattro Venti e Associazione 12° Civico Odv","Supporto 1":"","Supporto 2":"","Supporto 3":"","Supporto 4":"","Supporto 5":"","Supporto 6":"","Supporto 7":"","Supporto 8":"","Supporto 9":"","Supporto 10":"","Supporto 11":"","Supporto 12":"","Supporto 13":"","Supporto 14":"","Supporto 15":"","Supporto 16":"","Supporto 17":"","Supporto 18":"","Supporto 19":"","Supporto 20":"","Supporto 21":"","Supporto 22":"","Supporto 23":"","Supporto 24":"","Supporto 25":"","Supporto 26":"","Supporto 27":"","Supporto 28":"","Supporto 29":"","Supporto 30":"","Supporto 31":"","Supporto 32":"","Supporto 33":"","Supporto 34":"","Supporto 35":"","":null,"vuln_val":0.206,"vuln_cl":4,"hm30_val":0.52765333652496338,"hm30_cl":8},"geometry":{"type":"Point","coordinates":[12.45937,41.88774]}},
{"type":"Feature","properties":{"ID*":"275","AREA INTERVENTO":"Largo Victor Hugo Girolami","MUNICIPIO":"Municipio 12","QUARTIERE":"Colli Portuensi","TIPOLOGIA INTERVENTO":"Nuove piazze e strade scolastiche: pedonalizzazione o nell’ampliamento degli spazi pedonali dell'area antistante l'edificio scolastico, con interdizione del transito e della sosta veicolare e la messa in sicurezza dei percorsi che consentono l’accesso alla scuola stessa.","COLORE":"#AFD3A5","TITOLO":"Fatece Largo!","LINK PROGETTO":"https://www.comune.roma.it/web-resources/cms/documents/00275_01DE040_00spaziacolorigirolami.pdf","PROPONENTE":"Comitato genitori ICS Margherita Hack","RETE PROPONENTI":"Saccone Carlo","N_ RACCOLTA FIRME":"","COFINANZIAMENTI":"","SUPPORTI POSSIBILI":"","SUPPORTI SENZA LETTERA":"","Supporto 1":"ICS \"Margherita Hack\"","Supporto 2":"Monteverde Attiva APS","Supporto 3":"","Supporto 4":"","Supporto 5":"","Supporto 6":"","Supporto 7":"","Supporto 8":"","Supporto 9":"","Supporto 10":"","Supporto 11":"","Supporto 12":"","Supporto 13":"","Supporto 14":"","Supporto 15":"","Supporto 16":"","Supporto 17":"","Supporto 18":"","Supporto 19":"","Supporto 20":"","Supporto 21":"","Supporto 22":"","Supporto 23":"","Supporto 24":"","Supporto 25":"","Supporto 26":"","Supporto 27":"","Supporto 28":"","Supporto 29":"","Supporto 30":"","Supporto 31":"","Supporto 32":"","Supporto 33":"","Supporto 34":"","Supporto 35":"","":null,"vuln_val":0.257,"vuln_cl":7,"hm30_val":0.7538151741027832,"hm30_cl":11},"geometry":{"type":"Point","coordinates":[12.442254,41.86523]}},
{"type":"Feature","properties":{"ID*":"267","AREA INTERVENTO":"Via Baldassarre Longhena (un giardino urbano, un campo di calciotto in terra battuta, un’area giochi, una zona di accesso all’area, un’area cani)","MUNICIPIO":"Municipio 12","QUARTIERE":"Vignaccia (Pisana)","TIPOLOGIA INTERVENTO":"Attivazione di spazi pubblici sottoutilizzati: rigenerazione e rifunzionalizzazione di spazi pedonali privi di funzione o sottoutilizzati.","COLORE":"#EFA3DF","TITOLO":"INCIS a colori","LINK PROGETTO":"https://www.comune.roma.it/web-resources/cms/documents/00267_01DE040_00incisacolori.pdf","PROPONENTE":"Associazione comitato quartiere INCIS Pisana ODV","RETE PROPONENTI":"Mariotti Laura, Rossi Fabio, Stolfi Davide, Dilber Dafne","N_ RACCOLTA FIRME":"","COFINANZIAMENTI":"","SUPPORTI POSSIBILI":"","SUPPORTI SENZA LETTERA":"Centro Anziani Pisana Longhena, K9 Rescue Protezione Civile, Banca del Tempo Pisana, Associazione KIM ODV e Schola Mundi Onlus, Orti Urbani Consolata, Semi di Girasole, RomaCammina, ﻿﻿Comitato Quaroni, Musica e Arte ETS, Artenova, Scuola Emanuela Loi, Esercizi commerciali locali (Bar D&D, Bar Stefano legri, Farmacia Petitto)","Supporto 1":"","Supporto 2":"","Supporto 3":"","Supporto 4":"","Supporto 5":"","Supporto 6":"","Supporto 7":"","Supporto 8":"","Supporto 9":"","Supporto 10":"","Supporto 11":"","Supporto 12":"","Supporto 13":"","Supporto 14":"","Supporto 15":"","Supporto 16":"","Supporto 17":"","Supporto 18":"","Supporto 19":"","Supporto 20":"","Supporto 21":"","Supporto 22":"","Supporto 23":"","Supporto 24":"","Supporto 25":"","Supporto 26":"","Supporto 27":"","Supporto 28":"","Supporto 29":"","Supporto 30":"","Supporto 31":"","Supporto 32":"","Supporto 33":"","Supporto 34":"","Supporto 35":"","":null,"vuln_val":0.153,"vuln_cl":2,"hm30_val":0.58707773685455322,"hm30_cl":9},"geometry":{"type":"Point","coordinates":[12.410205,41.868037]}},
{"type":"Feature","properties":{"ID*":"240","AREA INTERVENTO":"Via di Monteverde 21 e Via San Girolamo Emiliani 10 (area compresa all’incrocio tra)","MUNICIPIO":"Municipio 12","QUARTIERE":"Monteverde Nuovo","TIPOLOGIA INTERVENTO":"Connessioni e percorsi di mobilità attiva: connessioni leggere per creare o ampliare itinerari continui, sicuri e accessibili per pedoni e ciclisti, agevolando i percorsi casa-scuola, l'accesso alle fermatedel trasporto pubblico locale o la connessione tra aree verdi o parchi.","COLORE":"#B3B7DF","TITOLO":"Monteverdissima","LINK PROGETTO":"https://www.comune.roma.it/web-resources/cms/documents/00240_01DE040_00spaziacolorischededescrittivepropostamonteverdissima.pdf","PROPONENTE":"Isabella Clara Sciacca","RETE PROPONENTI":"","N_ RACCOLTA FIRME":"","COFINANZIAMENTI":"","SUPPORTI POSSIBILI":"famiglia Leotardi, famiglia Forti,  Circolo Anziani di Via Donna Olimpia, Parrocchia di San Damaso, Circolo degli Scacchi, libreria indipendente di Via di Monteverde, Grafiche\nMeccaniche, studio dell’architetta Giulia Mura","SUPPORTI SENZA LETTERA":"","Supporto 1":"","Supporto 2":"","Supporto 3":"","Supporto 4":"","Supporto 5":"","Supporto 6":"","Supporto 7":"","Supporto 8":"","Supporto 9":"","Supporto 10":"","Supporto 11":"","Supporto 12":"","Supporto 13":"","Supporto 14":"","Supporto 15":"","Supporto 16":"","Supporto 17":"","Supporto 18":"","Supporto 19":"","Supporto 20":"","Supporto 21":"","Supporto 22":"","Supporto 23":"","Supporto 24":"","Supporto 25":"","Supporto 26":"","Supporto 27":"","Supporto 28":"","Supporto 29":"","Supporto 30":"","Supporto 31":"","Supporto 32":"","Supporto 33":"","Supporto 34":"","Supporto 35":"","":null,"vuln_val":0.333,"vuln_cl":10,"hm30_val":0.85938566923141479,"hm30_cl":11},"geometry":{"type":"Point","coordinates":[12.453224,41.871514]}},
{"type":"Feature","properties":{"ID*":"195","AREA INTERVENTO":"Largo Alfredo Oriani","MUNICIPIO":"Municipio 12","QUARTIERE":"Monteverde Vecchio","TIPOLOGIA INTERVENTO":"Nuovi spazi pubblici adiacenti a presidi sociali e culturali: interventi di arredo e trasformazione degli spazi esterni adiacenti a edifici di interesse pubblico e culturale.","COLORE":"#D3D0A5","TITOLO":"Largo a colori","LINK PROGETTO":"https://www.comune.roma.it/web-resources/cms/documents/00195_01DE040_00largoorianispaziacolorischededescrittivepropostacompressed.pdf","PROPONENTE":"Comitato Largo Futuro","RETE PROPONENTI":"Vespi Giulia, Rivosecchi Flaminia, Mangili Federica","N_ RACCOLTA FIRME":"","COFINANZIAMENTI":"","SUPPORTI POSSIBILI":"","SUPPORTI SENZA LETTERA":"Scuola dell'Infanzia Comunale \"F. Crispi\" - Liceo Artistico Statale “A. Caravillani” - Studio Pediatrico Monteverde - Punto e Via equipe per la famiglia - Scuola di lingue Creative English - APPasseggio (Associazione culturale GoTellGo) - Associazione Cartastraccia - Associazione perfareungioco - Scuola Popolare di Musica Donna Olimpia - ZipZone APS - A.S.D. Luciano Manara - A.S.D. yogamama - Bike to School Roma - Microbike - Negozio di e-bikes - Teatro Verde - Rocco Servillo writer - Singoli individui (5 persone)","Supporto 1":"Municipio 12","Supporto 2":"IC Gianicolo","Supporto 3":"Street For Kids","Supporto 4":"Monteverde Attiva APS","Supporto 5":"Salvaiciclisti Roma","Supporto 6":"Associazione C.I.C.A. aps","Supporto 7":"Associazione culturale pediatri","Supporto 8":"","Supporto 9":"","Supporto 10":"","Supporto 11":"","Supporto 12":"","Supporto 13":"","Supporto 14":"","Supporto 15":"","Supporto 16":"","Supporto 17":"","Supporto 18":"","Supporto 19":"","Supporto 20":"","Supporto 21":"","Supporto 22":"","Supporto 23":"","Supporto 24":"","Supporto 25":"","Supporto 26":"","Supporto 27":"","Supporto 28":"","Supporto 29":"","Supporto 30":"","Supporto 31":"","Supporto 32":"","Supporto 33":"","Supporto 34":"","Supporto 35":"","":null,"vuln_val":null,"vuln_cl":null,"hm30_val":0.8038598895072937,"hm30_cl":11},"geometry":{"type":"Point","coordinates":[12.460425,41.878223]}},
{"type":"Feature","properties":{"ID*":"188","AREA INTERVENTO":"Piazza Quinto Cecilio (rampa Vizzardelli)","MUNICIPIO":"Municipio 12","QUARTIERE":"Monteverde Vecchio","TIPOLOGIA INTERVENTO":"Attivazione di spazi pubblici sottoutilizzati: rigenerazione e rifunzionalizzazione di spazi pedonali privi di funzione o sottoutilizzati.","COLORE":"#EFA3DF","TITOLO":"Piazza Bella Piazza","LINK PROGETTO":"https://www.comune.roma.it/web-resources/cms/documents/00188_01DE040_00piazzabellapiazzaschedeprogetto.pdf","PROPONENTE":"Associazione Monteverde Attiva","RETE PROPONENTI":"Russomanno Giorgio","N_ RACCOLTA FIRME":"","COFINANZIAMENTI":"","SUPPORTI POSSIBILI":"","SUPPORTI SENZA LETTERA":"","Supporto 1":"Municipio 12","Supporto 2":"Isituto comprensivo via Fabiola","Supporto 3":"Consulta Cittadina sulla Sicurezza Stradale, Mobilità Dolce e Sostenibilità di Roma Capitale ","Supporto 4":"ANPI Municipio XII \"Martiri di Forte Bravetta\"","Supporto 5":"Comitato Largo Futuro","Supporto 6":"Associazione culturale GoTellGo","Supporto 7":"gruppo “Officina Tiradiavoli”","Supporto 8":"COMMUNITY C.A.S.A. ETS","Supporto 9":"comitato di quartiere CreAzione","Supporto 10":"GSLG- Gruppo servizio letteratura giovanile APS","Supporto 11":"associazione I Love Ceramica A.P.S.","Supporto 12":"Arci Freddy aps","Supporto 13":"Associazione Giovanile Minerva","Supporto 14":"Movimento Diritti dei Pedoni APS","Supporto 15":"Salvaciclisti Roma","Supporto 16":"","Supporto 17":"","Supporto 18":"","Supporto 19":"","Supporto 20":"","Supporto 21":"","Supporto 22":"","Supporto 23":"","Supporto 24":"","Supporto 25":"","Supporto 26":"","Supporto 27":"","Supporto 28":"","Supporto 29":"","Supporto 30":"","Supporto 31":"","Supporto 32":"","Supporto 33":"","Supporto 34":"","Supporto 35":"","":null,"vuln_val":0.238,"vuln_cl":6,"hm30_val":0.36289501190185547,"hm30_cl":6},"geometry":{"type":"Point","coordinates":[12.454755,41.876724]}},
{"type":"Feature","properties":{"ID*":"184","AREA INTERVENTO":"Piazza Margherita Hack (già Largo E. Rolli) e giardino Fernanda Gattinoni ","MUNICIPIO":"Municipio 12","QUARTIERE":"Porta Portese","TIPOLOGIA INTERVENTO":"Attivazione di spazi pubblici sottoutilizzati: rigenerazione e rifunzionalizzazione di spazi pedonali privi di funzione o sottoutilizzati.","COLORE":"#EFA3DF","TITOLO":"Sineddoche verde","LINK PROGETTO":"https://www.comune.roma.it/web-resources/cms/documents/00184_01DE040_00progettosineddocheschededescrittive.pdf","PROPONENTE":"Croce Rossa Italiana Comitato Municipi VIII-XI-XII, CdQ La voce di Porta Portese","RETE PROPONENTI":"Chiappini Vittoria, Clerici Laura","N_ RACCOLTA FIRME":"","COFINANZIAMENTI":"","SUPPORTI POSSIBILI":"","SUPPORTI SENZA LETTERA":"","Supporto 1":"Municipio 12","Supporto 2":"Il Teatro Porta Portese","Supporto 3":"Farmacia Facciolà","Supporto 4":"Pizzeria & rosticceria di Chen Xianda","Supporto 5":"Maros shoes","Supporto 6":"Menta Mirtillo calzature","Supporto 7":"Edicola Silenzi ","Supporto 8":"","Supporto 9":"","Supporto 10":"","Supporto 11":"","Supporto 12":"","Supporto 13":"","Supporto 14":"","Supporto 15":"","Supporto 16":"","Supporto 17":"","Supporto 18":"","Supporto 19":"","Supporto 20":"","Supporto 21":"","Supporto 22":"","Supporto 23":"","Supporto 24":"","Supporto 25":"","Supporto 26":"","Supporto 27":"","Supporto 28":"","Supporto 29":"","Supporto 30":"","Supporto 31":"","Supporto 32":"","Supporto 33":"","Supporto 34":"","Supporto 35":"","":null,"vuln_val":null,"vuln_cl":null,"hm30_val":0.81813257932662964,"hm30_cl":11},"geometry":{"type":"Point","coordinates":[12.467482,41.875644]}},
{"type":"Feature","properties":{"ID*":"163","AREA INTERVENTO":"Piazza Rosolino Pilo","MUNICIPIO":"Municipio 12","QUARTIERE":"Monteverde Vecchio","TIPOLOGIA INTERVENTO":"Attivazione di spazi pubblici sottoutilizzati: rigenerazione e rifunzionalizzazione di spazi pedonali privi di funzione o sottoutilizzati.","COLORE":"#EFA3DF","TITOLO":"La piazza che vorrei","LINK PROGETTO":"https://www.comune.roma.it/web-resources/cms/documents/00163_01DE040_00propostaspaziacolorirosolinopilofinale.pdf","PROPONENTE":"CdQ Monteverde quattro Venti","RETE PROPONENTI":"Romito Tommaso","N_ RACCOLTA FIRME":"","COFINANZIAMENTI":"","SUPPORTI POSSIBILI":"","SUPPORTI SENZA LETTERA":"Vino Pilo","Supporto 1":"Associazione 12 Civico Odv","Supporto 2":"Associazione amici di Righetto","Supporto 3":"APS A. Cipriani e Coitato Gianicolo","Supporto 4":"C.I.M.I. Centro Italiano Medicina Integrata","Supporto 5":"attività Erba gatta Roma","Supporto 6":"Associazione Montveredelegge","Supporto 7":"Circolo di scacchi Monteverde Scacchi","Supporto 8":"Municipio 12","Supporto 9":"Parrocchia Regina Pacis","Supporto 10":"Teatro Vascello","Supporto 11":"","Supporto 12":"","Supporto 13":"","Supporto 14":"","Supporto 15":"","Supporto 16":"","Supporto 17":"","Supporto 18":"","Supporto 19":"","Supporto 20":"","Supporto 21":"","Supporto 22":"","Supporto 23":"","Supporto 24":"","Supporto 25":"","Supporto 26":"","Supporto 27":"","Supporto 28":"","Supporto 29":"","Supporto 30":"","Supporto 31":"","Supporto 32":"","Supporto 33":"","Supporto 34":"","Supporto 35":"","":null,"vuln_val":null,"vuln_cl":null,"hm30_val":0.73767602443695068,"hm30_cl":10},"geometry":{"type":"Point","coordinates":[12.461036,41.882004]}},
{"type":"Feature","properties":{"ID*":"157","AREA INTERVENTO":"Piazza Margherita Hack (già Largo E. Rolli) e giardino Fernanda Gattinoni ","MUNICIPIO":"Municipio 12","QUARTIERE":"Porta Portese","TIPOLOGIA INTERVENTO":"Attivazione di spazi pubblici sottoutilizzati: rigenerazione e rifunzionalizzazione di spazi pedonali privi di funzione o sottoutilizzati.","COLORE":"#EFA3DF","TITOLO":"Astrolab","LINK PROGETTO":"https://www.comune.roma.it/web-resources/cms/documents/00157_01DE040_00portaporteseattivaastrolab.pdf","PROPONENTE":"Porta Portese Attiva","RETE PROPONENTI":"Russo Raffaele, Raddi Federica, Brusco Maria Luz, De Nicotera Rosanna, Camporeale Luigi, Restivo Francesca, Giannuzzi Sebastiano, Mastrangelo Giovanni","N_ RACCOLTA FIRME":"","COFINANZIAMENTI":"","SUPPORTI POSSIBILI":"","SUPPORTI SENZA LETTERA":"","Supporto 1":"Attività Boom Digitale","Supporto 2":"Impresa artigiana resyling mobili","Supporto 3":"Leporello photobooks et al.","Supporto 4":"Farmacia Facciola","Supporto 5":"Parrocchia Santi Francesco e Caterina Patroni D'Italia","Supporto 6":"Fioario Fiori e Piante Hosain Sharif","Supporto 7":"Willy Bar (Ghosh srls)","Supporto 8":"Pizzeria Rosticceria di Chen Xianda","Supporto 9":"Alari Marina ","Supporto 10":"Casalinghi cose per la casa","Supporto 11":"Intimo mio","Supporto 12":"Gelateria (Akessandro Giuffré)","Supporto 13":"Ottica Valentini (Contactflex)","Supporto 14":"Tabaccheri (Alessandro Biasetton)","Supporto 15":"Maros SNC","Supporto 16":"Johnny’s Place Pub ","Supporto 17":"Scuola di danza A.S.D. Be Dance","Supporto 18":"ASD Musashi Hudo","Supporto 19":"Silver Fitness Porta Portese","Supporto 20":"Associazione Gruppo Teatro Essere aps","Supporto 21":"Ass. TEATRO VERDE Imp. Soc, ETS","Supporto 22":"Teatro Le Maschere – Centro Culturale Talia","Supporto 23":"Associazione culturale T.A.P.S. (teatro)","Supporto 24":"Municipio 12","Supporto 25":"Fondazione Massimo Fagioli – ETS","Supporto 26":"Associazione AstronomiAmo APS","Supporto 27":"Salvacisti Roma","Supporto 28":"Istituto Comprensivo \"Via Fabiola\"","Supporto 29":"Istituto scolastico \"San Gaetano\"","Supporto 30":"Istituto \"Margherita Lenzi\"","Supporto 31":"Kids&Us Trastevere (scuola di Lingua Inglese per bambini)","Supporto 32":"","Supporto 33":"","Supporto 34":"","Supporto 35":"","":null,"vuln_val":null,"vuln_cl":null,"hm30_val":0.81515806913375854,"hm30_cl":11},"geometry":{"type":"Point","coordinates":[12.467493,41.876111]}},
{"type":"Feature","properties":{"ID*":"105","AREA INTERVENTO":"Via di Santa Maria alle Fornaci ","MUNICIPIO":"Municipio 13","QUARTIERE":"Cavalleggeri","TIPOLOGIA INTERVENTO":"Nuove piazze di quartiere: pedonalizzazione di aree destinate alla sosta/spostamento di veicoli, tramite interventi leggeri e reversibili.","COLORE":"#7BCBFD","TITOLO":"Una strada aperta alla comunità","LINK PROGETTO":"https://www.comune.roma.it/web-resources/cms/documents/00105_01DE040_00spaziacolorischededescrittivepropostafornaci.pdf","PROPONENTE":"Gruppo informale Santa Maria alle Fornaci pedonale;\nLaboratorio di quartiere S. Pietro Cavalleggeri","RETE PROPONENTI":"Boccaleoni Stefania, De Santis Giorgio, Rogai Caterina","N_ RACCOLTA FIRME":"110","COFINANZIAMENTI":"","SUPPORTI POSSIBILI":"","SUPPORTI SENZA LETTERA":"","Supporto 1":"Raccolte firme Santa Maria alle Fornaci pedonali (n. 110)","Supporto 2":"Salvaiciclisti Roma","Supporto 3":"","Supporto 4":"","Supporto 5":"","Supporto 6":"","Supporto 7":"","Supporto 8":"","Supporto 9":"","Supporto 10":"","Supporto 11":"","Supporto 12":"","Supporto 13":"","Supporto 14":"","Supporto 15":"","Supporto 16":"","Supporto 17":"","Supporto 18":"","Supporto 19":"","Supporto 20":"","Supporto 21":"","Supporto 22":"","Supporto 23":"","Supporto 24":"","Supporto 25":"","Supporto 26":"","Supporto 27":"","Supporto 28":"","Supporto 29":"","Supporto 30":"","Supporto 31":"","Supporto 32":"","Supporto 33":"","Supporto 34":"","Supporto 35":"","":null,"vuln_val":0.288,"vuln_cl":8,"hm30_val":0.76359134912490845,"hm30_cl":11},"geometry":{"type":"Point","coordinates":[12.455783,41.897969]}},
{"type":"Feature","properties":{"ID*":"235","AREA INTERVENTO":"Campo da gioco Bronx Legendz, Parco Nicholas Green, Via Odoardo Giove","MUNICIPIO":"Municipio 13","QUARTIERE":"Torrevecchia Bassa","TIPOLOGIA INTERVENTO":"Attivazione di spazi pubblici sottoutilizzati: rigenerazione e rifunzionalizzazione di spazi pedonali privi di funzione o sottoutilizzati.","COLORE":"#EFA3DF","TITOLO":"Dal cemento alla Comunità","LINK PROGETTO":"https://www.comune.roma.it/web-resources/cms/documents/00235_01DE040_00spaziacoloririgenerazioneplaygroundbronxlegendz1.pdf","PROPONENTE":"APS Bronx Legendz","RETE PROPONENTI":"Rosatelli Mirko, Guiducci Marco, Panariti Giulia, Rossi Simone, D'Alessio Daniele","N_ RACCOLTA FIRME":"","COFINANZIAMENTI":"2.000 €","SUPPORTI POSSIBILI":"Zip Zone, Tecnocasa, APS Play 70,  ASD NKR21","SUPPORTI SENZA LETTERA":"","Supporto 1":"Fondazione Charlemagne (cofinanziamento)","Supporto 2":"","Supporto 3":"","Supporto 4":"","Supporto 5":"","Supporto 6":"","Supporto 7":"","Supporto 8":"","Supporto 9":"","Supporto 10":"","Supporto 11":"","Supporto 12":"","Supporto 13":"","Supporto 14":"","Supporto 15":"","Supporto 16":"","Supporto 17":"","Supporto 18":"","Supporto 19":"","Supporto 20":"","Supporto 21":"","Supporto 22":"","Supporto 23":"","Supporto 24":"","Supporto 25":"","Supporto 26":"","Supporto 27":"","Supporto 28":"","Supporto 29":"","Supporto 30":"","Supporto 31":"","Supporto 32":"","Supporto 33":"","Supporto 34":"","Supporto 35":"","":null,"vuln_val":0.227,"vuln_cl":5,"hm30_val":0.59138238430023193,"hm30_cl":9},"geometry":{"type":"Point","coordinates":[12.405445,41.913929]}},
{"type":"Feature","properties":{"ID*":"334","AREA INTERVENTO":"Valle Aurelia (uscita stazione ferroviaria)","MUNICIPIO":"Municipio 13","QUARTIERE":"Valle Aurelia","TIPOLOGIA INTERVENTO":"Attivazione di spazi pubblici sottoutilizzati: rigenerazione e rifunzionalizzazione di spazi pedonali privi di funzione o sottoutilizzati.","COLORE":"#EFA3DF","TITOLO":"Piazza Mosaico di Valle Aurelia / Albero delle Identità, Roma Comunità Educante che lascia il segno","LINK PROGETTO":"https://www.comune.roma.it/web-resources/cms/documents/00334_01DE040_00spaziacoloripresentazionefinale.pdf","PROPONENTE":"HAPPY Coaching and Counseling Roma","RETE PROPONENTI":"Battiato Stefano, Fasolato Giulia","N_ RACCOLTA FIRME":"","COFINANZIAMENTI":"","SUPPORTI POSSIBILI":"","SUPPORTI SENZA LETTERA":"Centro Commerciale Aura, ASL Roma 1 – Centro Diurno Valle Aurelia, Destination Italia","Supporto 1":"Master MARIS in Rendicontazione Innovazione e Sostenibilità; Master MEMIS in Economia Management e Innovazione Sociale del Dipartimento Management e Diritto dell’Università degli Studi di Roma Tor Vergata","Supporto 2":"AELLE IL PUNTO SOC. COOP. SOC. ETS - IMPRESA SOCIALE","Supporto 3":"Fondazione Prioritalia","Supporto 4":"AppyPilgrim srl ","Supporto 5":"Cooperativa Civicozero scs","Supporto 6":"Comitato di Quartiere San Lorenzo","Supporto 7":"Future Week APS","Supporto 8":"Municipio 02","Supporto 9":"Associazione Culturale Il Mosaico","Supporto 10":"Testata telematica \nInformazione Quotidiana","Supporto 11":"Nativa srl SB","Supporto 12":"Accademia della Gentilezza","Supporto 13":"AIPD Associazione Italiana Persone Down, sede di Roma","Supporto 14":"ATAC SpA","Supporto 15":"Assessorato alle Attività produttive, alle Pari Opportunità e all'Attrazione Investimenti Roma Capitale","Supporto 16":"Marea Run Club","Supporto 17":"Municipio 03","Supporto 18":"ETS Iniziative Culturali e Sonore","Supporto 19":"Project Deevelopment Consulting & Auditing Srl (PDCA srl)","Supporto 20":"IC “PIAZZA BORGONCINI DUCA 5”","Supporto 21":"Roma Volley Aad ARL","Supporto 22":"Laboratorio di Antropologia Urbana e Corso di Studio di Antropologia Culturale ed Etnologia, Sapienza Università di Roma","Supporto 23":"SMI Technologies and Consulting srl","Supporto 24":"The New Own srls","Supporto 25":"Municipio 13","Supporto 26":"La Guida Rossa srls","Supporto 27":"","Supporto 28":"","Supporto 29":"","Supporto 30":"","Supporto 31":"","Supporto 32":"","Supporto 33":"","Supporto 34":"","Supporto 35":"","":null,"vuln_val":null,"vuln_cl":null,"hm30_val":0.72574830055236816,"hm30_cl":10},"geometry":{"type":"Point","coordinates":[12.440657,41.902522]}},
{"type":"Feature","properties":{"ID*":"120","AREA INTERVENTO":"Parcheggio pubblico di Via Cesare Castiglioni (in prossimità della stazione ferrioviaria Monte Mario)","MUNICIPIO":"Municipio 14","QUARTIERE":"Torrevecchia Alta (Monte Mario)","TIPOLOGIA INTERVENTO":"Nuove piazze e strade scolastiche: pedonalizzazione o nell’ampliamento degli spazi pedonali dell'area antistante l'edificio scolastico, con interdizione del transito e della sosta veicolare e la messa in sicurezza dei percorsi che consentono l’accesso alla scuola stessa.","COLORE":"#AFD3A5","TITOLO":"La scuola è di tutti","LINK PROGETTO":"https://www.comune.roma.it/web-resources/cms/documents/00120_01DE040_00lascuoladituttistradascolastica.pdf","PROPONENTE":"Bike to School Municipio XIV  - ODA Open door architetti","RETE PROPONENTI":"Corchia Ilaria, Ugolini Gabriele","N_ RACCOLTA FIRME":"","COFINANZIAMENTI":"","SUPPORTI POSSIBILI":"","SUPPORTI SENZA LETTERA":"","Supporto 1":"Istituto Comprensivo “Paolo Stefanelli”","Supporto 2":"Municipio 14","Supporto 3":"Streets for Kids","Supporto 4":"","Supporto 5":"","Supporto 6":"","Supporto 7":"","Supporto 8":"","Supporto 9":"","Supporto 10":"","Supporto 11":"","Supporto 12":"","Supporto 13":"","Supporto 14":"","Supporto 15":"","Supporto 16":"","Supporto 17":"","Supporto 18":"","Supporto 19":"","Supporto 20":"","Supporto 21":"","Supporto 22":"","Supporto 23":"","Supporto 24":"","Supporto 25":"","Supporto 26":"","Supporto 27":"","Supporto 28":"","Supporto 29":"","Supporto 30":"","Supporto 31":"","Supporto 32":"","Supporto 33":"","Supporto 34":"","Supporto 35":"","":null,"vuln_val":0.281,"vuln_cl":8,"hm30_val":0.24548763036727905,"hm30_cl":4},"geometry":{"type":"Point","coordinates":[12.421087,41.938155]}},
{"type":"Feature","properties":{"ID*":"150","AREA INTERVENTO":"Largo Codogno ","MUNICIPIO":"Municipio 14","QUARTIERE":"Palmarola","TIPOLOGIA INTERVENTO":"Nuove piazze di quartiere: pedonalizzazione di aree destinate alla sosta/spostamento di veicoli, tramite interventi leggeri e reversibili.","COLORE":"#7BCBFD","TITOLO":"Palmarola a colori","LINK PROGETTO":"https://www.comune.roma.it/web-resources/cms/documents/00150_01DE040_00spaziacolorilargocodognopalmarola.pdf","PROPONENTE":"Comitati e Associazioni Palmarola","RETE PROPONENTI":"Di Mario Stefano, Lupino Manuela, Sessa Elisa, Bonifazi Patrizio","N_ RACCOLTA FIRME":"","COFINANZIAMENTI":"","SUPPORTI POSSIBILI":"","SUPPORTI SENZA LETTERA":"CASQ Palmarola","Supporto 1":"Associazione Culturale TreQuarti","Supporto 2":"Comitato Genitori Palmarola","Supporto 3":"A.P.S. EDULENTAMENTE","Supporto 4":"QUADODO APS","Supporto 5":"Municipio 14","Supporto 6":"","Supporto 7":"","Supporto 8":"","Supporto 9":"","Supporto 10":"","Supporto 11":"","Supporto 12":"","Supporto 13":"","Supporto 14":"","Supporto 15":"","Supporto 16":"","Supporto 17":"","Supporto 18":"","Supporto 19":"","Supporto 20":"","Supporto 21":"","Supporto 22":"","Supporto 23":"","Supporto 24":"","Supporto 25":"","Supporto 26":"","Supporto 27":"","Supporto 28":"","Supporto 29":"","Supporto 30":"","Supporto 31":"","Supporto 32":"","Supporto 33":"","Supporto 34":"","Supporto 35":"","":null,"vuln_val":0.242,"vuln_cl":6,"hm30_val":0.58513426780700684,"hm30_cl":9},"geometry":{"type":"Point","coordinates":[12.392427,41.947746]}},
{"type":"Feature","properties":{"ID*":"253","AREA INTERVENTO":"via Casal Del Marmo 118","MUNICIPIO":"Municipio 14","QUARTIERE":"Ottavia","TIPOLOGIA INTERVENTO":"Nuovi spazi pubblici adiacenti a presidi sociali e culturali: interventi di arredo e trasformazione degli spazi esterni adiacenti a edifici di interesse pubblico e culturale.","COLORE":"#D3D0A5","TITOLO":"Mettiamoci al Centro!","LINK PROGETTO":"https://www.comune.roma.it/web-resources/cms/documents/00253_01DE040_00spaziacolorimettimaocialcentrocavcasaldelmarmo.pdf","PROPONENTE":"CAV (Centro Anti Violenza) Teresa Buonocore - Be Free","RETE PROPONENTI":"Beretta Lucia","N_ RACCOLTA FIRME":"","COFINANZIAMENTI":"","SUPPORTI POSSIBILI":"","SUPPORTI SENZA LETTERA":"Scuola dell’Infanzia “Lia Lumbroso Besso, Sportello LGBTQ+ del Municipio XIV ","Supporto 1":"Commissione Pari Opportunità di Roma Capitale","Supporto 2":"Municipio 14","Supporto 3":"Atelier del Possibile aps","Supporto 4":"Casotto Monte Ciocci Aps","Supporto 5":"APS Edulentamente","Supporto 6":"Giovanisoluzioni APS","Supporto 7":"Il mio amico albero ODV","Supporto 8":"IMPRENDITIV@mente APS","Supporto 9":"Intersos Lab – Impresa sociale","Supporto 10":"a.p.s. Linearmente Onlus","Supporto 11":"","Supporto 12":"","Supporto 13":"","Supporto 14":"","Supporto 15":"","Supporto 16":"","Supporto 17":"","Supporto 18":"","Supporto 19":"","Supporto 20":"","Supporto 21":"","Supporto 22":"","Supporto 23":"","Supporto 24":"","Supporto 25":"","Supporto 26":"","Supporto 27":"","Supporto 28":"","Supporto 29":"","Supporto 30":"","Supporto 31":"","Supporto 32":"","Supporto 33":"","Supporto 34":"","Supporto 35":"","":null,"vuln_val":0.226,"vuln_cl":5,"hm30_val":0.65974247455596924,"hm30_cl":10},"geometry":{"type":"Point","coordinates":[12.407454,41.960431]}},
{"type":"Feature","properties":{"ID*":"271","AREA INTERVENTO":"Largo Giovanni Vidari","MUNICIPIO":"Municipio 14","QUARTIERE":"Monte Mario","TIPOLOGIA INTERVENTO":"Nuove piazze di quartiere: pedonalizzazione di aree destinate alla sosta/spostamento di veicoli, tramite interventi leggeri e reversibili.","COLORE":"#7BCBFD","TITOLO":"Il Largo si fa Piazza: Abitare lo Spazio Pubblico","LINK PROGETTO":"https://www.comune.roma.it/web-resources/cms/documents/00271_01DE040_00largovidarispaziacolorifinale.pdf","PROPONENTE":"Bike to School - Municipio XIV Monte Mario","RETE PROPONENTI":"Ugolini Gabriele, Pagnotti Alessia","N_ RACCOLTA FIRME":"","COFINANZIAMENTI":"","SUPPORTI POSSIBILI":"","SUPPORTI SENZA LETTERA":"","Supporto 1":"Associazione Europea delle Vie Francigene","Supporto 2":"Artisti di Monte Mario","Supporto 3":"Bar Luciano e Sandro","Supporto 4":"Municipio 14 ","Supporto 5":"Terzo Luogo APS","Supporto 6":"Dipartimento di Architettura dell’Università degli Studi Roma Tre","Supporto 7":"","Supporto 8":"","Supporto 9":"","Supporto 10":"","Supporto 11":"","Supporto 12":"","Supporto 13":"","Supporto 14":"","Supporto 15":"","Supporto 16":"","Supporto 17":"","Supporto 18":"","Supporto 19":"","Supporto 20":"","Supporto 21":"","Supporto 22":"","Supporto 23":"","Supporto 24":"","Supporto 25":"","Supporto 26":"","Supporto 27":"","Supporto 28":"","Supporto 29":"","Supporto 30":"","Supporto 31":"","Supporto 32":"","Supporto 33":"","Supporto 34":"","Supporto 35":"","":null,"vuln_val":0.115,"vuln_cl":1,"hm30_val":0.51061820983886719,"hm30_cl":8},"geometry":{"type":"Point","coordinates":[12.426098,41.948427]}},
{"type":"Feature","properties":{"ID*":"276","AREA INTERVENTO":"Via di Boccea 1294","MUNICIPIO":"Municipio 14","QUARTIERE":"Valle Santa","TIPOLOGIA INTERVENTO":"Riutilizzo di aree di sosta come “parklet”: trasformazione di stalli sosta in linea in microspazi pubblici con sedute e verde.","COLORE":"#E3A895","TITOLO":"Urbanistica tattica a Valle Santa","LINK PROGETTO":"https://www.comune.roma.it/web-resources/cms/documents/00276_01DE040_00spaziacolorischededescrittivepropostavallesantaviaboccea1294.pdf","PROPONENTE":"Comitato Valle Santa ","RETE PROPONENTI":"Veronica Nibbio","N_ RACCOLTA FIRME":"","COFINANZIAMENTI":"","SUPPORTI POSSIBILI":"Attività commerciali dell'area, cittadini","SUPPORTI SENZA LETTERA":"","Supporto 1":"","Supporto 2":"","Supporto 3":"","Supporto 4":"","Supporto 5":"","Supporto 6":"","Supporto 7":"","Supporto 8":"","Supporto 9":"","Supporto 10":"","Supporto 11":"","Supporto 12":"","Supporto 13":"","Supporto 14":"","Supporto 15":"","Supporto 16":"","Supporto 17":"","Supporto 18":"","Supporto 19":"","Supporto 20":"","Supporto 21":"","Supporto 22":"","Supporto 23":"","Supporto 24":"","Supporto 25":"","Supporto 26":"","Supporto 27":"","Supporto 28":"","Supporto 29":"","Supporto 30":"","Supporto 31":"","Supporto 32":"","Supporto 33":"","Supporto 34":"","Supporto 35":"","":null,"vuln_val":0.232,"vuln_cl":5,"hm30_val":0.45299762487411499,"hm30_cl":7},"geometry":{"type":"Point","coordinates":[12.317126,41.944673]}},
{"type":"Feature","properties":{"ID*":"288","AREA INTERVENTO":"Via Federico Borromeo 67 e via  Alessio Ascalesi 60 (area antistante Biblioteca Comunale “Franco Basaglia” ed edifici attigui, accessibile da)","MUNICIPIO":"Municipio 14","QUARTIERE":"Primavalle","TIPOLOGIA INTERVENTO":"Nuovi spazi pubblici adiacenti a presidi sociali e culturali: interventi di arredo e trasformazione degli spazi esterni adiacenti a edifici di interesse pubblico e culturale.","COLORE":"#D3D0A5","TITOLO":"Proposta riqualificazione area antistante Biblioteca Comunale ed edifici attigui","LINK PROGETTO":"https://www.comune.roma.it/web-resources/cms/documents/00288_Borromeo.pdf","PROPONENTE":"Cooperativa sociale \"La Magazzino\"","RETE PROPONENTI":"Sterpetti Simonetta, Guarnacci Alessandro, Nicoletta Cristian, Macchiesi Mauro","N_ RACCOLTA FIRME":"","COFINANZIAMENTI":"","SUPPORTI POSSIBILI":"","SUPPORTI SENZA LETTERA":"","Supporto 1":"ASL Roma 1","Supporto 2":"Associazione “Vengo da Primavalle”","Supporto 3":"Istituto di Istruzione Superiore Luigi Einaudi","Supporto 4":"Associazione di speleo-archeologia \"Cornelia Antiqua","Supporto 5":"SPI CIGL Lega Municipio XIV","Supporto 6":"Associazione Primavalle in Rete","Supporto 7":"","Supporto 8":"","Supporto 9":"","Supporto 10":"","Supporto 11":"","Supporto 12":"","Supporto 13":"","Supporto 14":"","Supporto 15":"","Supporto 16":"","Supporto 17":"","Supporto 18":"","Supporto 19":"","Supporto 20":"","Supporto 21":"","Supporto 22":"","Supporto 23":"","Supporto 24":"","Supporto 25":"","Supporto 26":"","Supporto 27":"","Supporto 28":"","Supporto 29":"","Supporto 30":"","Supporto 31":"","Supporto 32":"","Supporto 33":"","Supporto 34":"","Supporto 35":"","":null,"vuln_val":0.335,"vuln_cl":10,"hm30_val":0.799094557762146,"hm30_cl":11},"geometry":{"type":"Point","coordinates":[12.414694,41.91939]}},
{"type":"Feature","properties":{"ID*":"321","AREA INTERVENTO":"Via ipogeo degli Ottavi","MUNICIPIO":"Municipio 14","QUARTIERE":"Ottavia","TIPOLOGIA INTERVENTO":"Attivazione di spazi pubblici sottoutilizzati: rigenerazione e rifunzionalizzazione di spazi pedonali privi di funzione o sottoutilizzati.","COLORE":"#EFA3DF","TITOLO":"Sotto Ottavia","LINK PROGETTO":"https://www.comune.roma.it/web-resources/cms/documents/00321_01DE040_00propostaprogettospaziacoloricolarusso.pdf","PROPONENTE":"Colarusso Manuel, Galassetti Gabriele, Mastrobuoni Stefano","RETE PROPONENTI":"","N_ RACCOLTA FIRME":"","COFINANZIAMENTI":"","SUPPORTI POSSIBILI":"Ottavia Produduttiva APS e AMA DONA VIVI ODV, cittadini, giovani volontari, residenti, commercianti e\nassociazioni","SUPPORTI SENZA LETTERA":"","Supporto 1":"","Supporto 2":"","Supporto 3":"","Supporto 4":"","Supporto 5":"","Supporto 6":"","Supporto 7":"","Supporto 8":"","Supporto 9":"","Supporto 10":"","Supporto 11":"","Supporto 12":"","Supporto 13":"","Supporto 14":"","Supporto 15":"","Supporto 16":"","Supporto 17":"","Supporto 18":"","Supporto 19":"","Supporto 20":"","Supporto 21":"","Supporto 22":"","Supporto 23":"","Supporto 24":"","Supporto 25":"","Supporto 26":"","Supporto 27":"","Supporto 28":"","Supporto 29":"","Supporto 30":"","Supporto 31":"","Supporto 32":"","Supporto 33":"","Supporto 34":"","Supporto 35":"","":null,"vuln_val":0.205,"vuln_cl":4,"hm30_val":0.58670490980148315,"hm30_cl":9},"geometry":{"type":"Point","coordinates":[12.403683,41.965373]}},
{"type":"Feature","properties":{"ID*":"350","AREA INTERVENTO":"Via Isidoro Carini 21 ","MUNICIPIO":"Municipio 14","QUARTIERE":"Ottavia","TIPOLOGIA INTERVENTO":"Attivazione di spazi pubblici sottoutilizzati: rigenerazione e rifunzionalizzazione di spazi pedonali privi di funzione o sottoutilizzati.","COLORE":"#EFA3DF","TITOLO":"Sottopasso trionfale Carini Porta del parco agricolo di Casal del Marmo ","LINK PROGETTO":"https://www.comune.roma.it/web-resources/cms/documents/00350_Sottopasso_Trionfale.pdf","PROPONENTE":"Associazione parco agricolo di Casal del marmo - Paolo Ramundo Aps ","RETE PROPONENTI":"Manta Emanuele, Sessa Sara, Sessa Giulia, Sessa Elisa, D'Amico Donato, Tancredi Cristiano, Della Porta Marco, D'Alessio Simona","N_ RACCOLTA FIRME":"","COFINANZIAMENTI":"","SUPPORTI POSSIBILI":"","SUPPORTI SENZA LETTERA":"","Supporto 1":"Istituto comprensivo Octavia ","Supporto 2":"Retake Roma ODV ","Supporto 3":"Quadodo Aps ","Supporto 4":"Municipio 14 ","Supporto 5":"Associazione melograno rosso ETS ","Supporto 6":"Giovani soluzioni Aps ","Supporto 7":"Comunità romana ecologica Aps ","Supporto 8":"","Supporto 9":"","Supporto 10":"","Supporto 11":"","Supporto 12":"","Supporto 13":"","Supporto 14":"","Supporto 15":"","Supporto 16":"","Supporto 17":"","Supporto 18":"","Supporto 19":"","Supporto 20":"","Supporto 21":"","Supporto 22":"","Supporto 23":"","Supporto 24":"","Supporto 25":"","Supporto 26":"","Supporto 27":"","Supporto 28":"","Supporto 29":"","Supporto 30":"","Supporto 31":"","Supporto 32":"","Supporto 33":"","Supporto 34":"","Supporto 35":"","":null,"vuln_val":0.187,"vuln_cl":3,"hm30_val":0.57108175754547119,"hm30_cl":8},"geometry":{"type":"Point","coordinates":[12.412136,41.957433]}},
{"type":"Feature","properties":{"ID*":"379","AREA INTERVENTO":"Via Cesare Castiglioni (area antistante Stazione Ferroviaria Roma Monte Mario)","MUNICIPIO":"Municipio 14","QUARTIERE":"Torrevecchia Alta (Monte Mario)","TIPOLOGIA INTERVENTO":"Connessioni e percorsi di mobilità attiva: connessioni leggere per creare o ampliare itinerari continui, sicuri e accessibili per pedoni e ciclisti, agevolando i percorsi casa-scuola, l'accesso alle fermatedel trasporto pubblico locale o la connessione tra aree verdi o parchi.","COLORE":"#B3B7DF","TITOLO":"La scuola è di tutti ","LINK PROGETTO":"https://www.comune.roma.it/web-resources/cms/documents/00379_01DE040_00lascuoladituttipercorsomobilitaattiva.pdf","PROPONENTE":"Bike to School Municipio XIV  - ODA Open door architetti","RETE PROPONENTI":"Corchia Ilaria (ODA - Open Door Architetti associati), Ugolini Gabriele (Bike to School Municipio Roma XIV Monte Mario)","N_ RACCOLTA FIRME":"","COFINANZIAMENTI":"","SUPPORTI POSSIBILI":"comunità, collettivo MMMh (MonteMarioMunny Hub), associazioni del terriorio","SUPPORTI SENZA LETTERA":"","Supporto 1":"Istituto comprensivo Paolo Stefanelli ","Supporto 2":"Municipio 14 ","Supporto 3":"Streets For Kids","Supporto 4":"","Supporto 5":"","Supporto 6":"","Supporto 7":"","Supporto 8":"","Supporto 9":"","Supporto 10":"","Supporto 11":"","Supporto 12":"","Supporto 13":"","Supporto 14":"","Supporto 15":"","Supporto 16":"","Supporto 17":"","Supporto 18":"","Supporto 19":"","Supporto 20":"","Supporto 21":"","Supporto 22":"","Supporto 23":"","Supporto 24":"","Supporto 25":"","Supporto 26":"","Supporto 27":"","Supporto 28":"","Supporto 29":"","Supporto 30":"","Supporto 31":"","Supporto 32":"","Supporto 33":"","Supporto 34":"","Supporto 35":"","":null,"vuln_val":0.289,"vuln_cl":8,"hm30_val":0.35675549507141113,"hm30_cl":6},"geometry":{"type":"Point","coordinates":[12.421476,41.938377]}},
{"type":"Feature","properties":{"ID*":"392","AREA INTERVENTO":"Via Mattia Battistini 256-260","MUNICIPIO":"Municipio 14","QUARTIERE":"Battistini","TIPOLOGIA INTERVENTO":"Nuovi spazi pubblici adiacenti a presidi sociali e culturali: interventi di arredo e trasformazione degli spazi esterni adiacenti a edifici di interesse pubblico e culturale.","COLORE":"#D3D0A5","TITOLO":"Respira, rallenta, dai spazio ai bambini via Battistini","LINK PROGETTO":"https://www.comune.roma.it/web-resources/cms/documents/00392_01DE040_00bracelliclub_ok.pdf","PROPONENTE":"Centro sportivo Bracelli Club","RETE PROPONENTI":"Frateiacci Andrea, Cardia Laura, Istituto Bracelli","N_ RACCOLTA FIRME":"","COFINANZIAMENTI":"","SUPPORTI POSSIBILI":"","SUPPORTI SENZA LETTERA":"","Supporto 1":"Cardia Srl","Supporto 2":"","Supporto 3":"","Supporto 4":"","Supporto 5":"","Supporto 6":"","Supporto 7":"","Supporto 8":"","Supporto 9":"","Supporto 10":"","Supporto 11":"","Supporto 12":"","Supporto 13":"","Supporto 14":"","Supporto 15":"","Supporto 16":"","Supporto 17":"","Supporto 18":"","Supporto 19":"","Supporto 20":"","Supporto 21":"","Supporto 22":"","Supporto 23":"","Supporto 24":"","Supporto 25":"","Supporto 26":"","Supporto 27":"","Supporto 28":"","Supporto 29":"","Supporto 30":"","Supporto 31":"","Supporto 32":"","Supporto 33":"","Supporto 34":"","Supporto 35":"","":null,"vuln_val":0.283,"vuln_cl":8,"hm30_val":0.77802681922912598,"hm30_cl":11},"geometry":{"type":"Point","coordinates":[12.418445,41.917147]}},
{"type":"Feature","properties":{"ID*":"113","AREA INTERVENTO":"Via di Grottarossa, via dei Santi Cosma e Damiano, Via Germana Stefanini ","MUNICIPIO":"Municipio 15","QUARTIERE":" Grottarossa ","TIPOLOGIA INTERVENTO":"Attivazione di spazi pubblici sottoutilizzati: rigenerazione e rifunzionalizzazione di spazi pedonali privi di funzione o sottoutilizzati.","COLORE":"#EFA3DF","TITOLO":"Color Power","LINK PROGETTO":"https://www.comune.roma.it/web-resources/cms/documents/00113_01DE040_00colorpower2026.pdf","PROPONENTE":"Collettivo Colore","RETE PROPONENTI":"Zamparelli Guglielmo, Pennacchia Maria Ludovica, Proietti Loredana","N_ RACCOLTA FIRME":"","COFINANZIAMENTI":"","SUPPORTI POSSIBILI":"","SUPPORTI SENZA LETTERA":"","Supporto 1":"","Supporto 2":"","Supporto 3":"","Supporto 4":"","Supporto 5":"","Supporto 6":"","Supporto 7":"","Supporto 8":"","Supporto 9":"","Supporto 10":"","Supporto 11":"","Supporto 12":"","Supporto 13":"","Supporto 14":"","Supporto 15":"","Supporto 16":"","Supporto 17":"","Supporto 18":"","Supporto 19":"","Supporto 20":"","Supporto 21":"","Supporto 22":"","Supporto 23":"","Supporto 24":"","Supporto 25":"","Supporto 26":"","Supporto 27":"","Supporto 28":"","Supporto 29":"","Supporto 30":"","Supporto 31":"","Supporto 32":"","Supporto 33":"","Supporto 34":"","Supporto 35":"","":null,"vuln_val":0.107,"vuln_cl":1,"hm30_val":0.35790961980819702,"hm30_cl":6},"geometry":{"type":"Point","coordinates":[12.448054,41.971163]}}
]
}
